{
  "type": "FeatureCollection",
  "features": [
    {
      "type": "Feature",
      "geometry": {
        "type": "Point",
        "coordinates": [
          139.639542,
          35.542332
        ]
      },
      "properties": {
        "name": "綱島こども園",
        "capacity": 60,
        "address": "横浜市港北区綱島西６－２３－５６"
      }
    },
    {
      "type": "Feature",
      "geometry": {
        "type": "Point",
        "coordinates": [
          139.49086,
          35.389206
        ]
      },
      "properties": {
        "name": "俣野保育園",
        "capacity": 0,
        "address": "横浜市戸塚区俣野町１４０３－１９"
      }
    },
    {
      "type": "Feature",
      "geometry": {
        "type": "Point",
        "coordinates": [
          139.62944,
          35.476944
        ]
      },
      "properties": {
        "name": "ウィズブック保育園青木町",
        "capacity": 60,
        "address": "横浜市神奈川区"
      }
    },
    {
      "type": "Feature",
      "geometry": {
        "type": "Point",
        "coordinates": [
          139.638504,
          35.530067
        ]
      },
      "properties": {
        "name": "ぶれすと綱島二階ほいくえん",
        "capacity": 50,
        "address": "横浜市港北区樽町二丁目３番１号"
      }
    },
    {
      "type": "Feature",
      "geometry": {
        "type": "Point",
        "coordinates": [
          139.554871,
          35.575184
        ]
      },
      "properties": {
        "name": "ポピンズナーサリースクールたまプラーザ",
        "capacity": 76,
        "address": "横浜市青葉区美しが丘５－２－３４"
      }
    },
    {
      "type": "Feature",
      "geometry": {
        "type": "Point",
        "coordinates": [
          139.595978,
          35.4599
        ]
      },
      "properties": {
        "name": "スターチャイルド≪和田町ナーサリー≫",
        "capacity": 60,
        "address": "横浜市保土ケ谷区"
      }
    },
    {
      "type": "Feature",
      "geometry": {
        "type": "Point",
        "coordinates": [
          139.502426,
          35.46714
        ]
      },
      "properties": {
        "name": "保育室「ネスト」",
        "capacity": 50,
        "address": "横浜市瀬谷区三ツ境１７番地１"
      }
    },
    {
      "type": "Feature",
      "geometry": {
        "type": "Point",
        "coordinates": [
          139.633011,
          35.518982
        ]
      },
      "properties": {
        "name": "ぶれすと新横浜ほいくえん",
        "capacity": 60,
        "address": "横浜市港北区"
      }
    },
    {
      "type": "Feature",
      "geometry": {
        "type": "Point",
        "coordinates": [
          139.580154,
          35.540833
        ]
      },
      "properties": {
        "name": "横浜茅ケ崎保育園",
        "capacity": 0,
        "address": "横浜市都筑区茅ケ崎南１丁目１２－１"
      }
    },
    {
      "type": "Feature",
      "geometry": {
        "type": "Point",
        "coordinates": [
          139.554092,
          35.364384
        ]
      },
      "properties": {
        "name": "ニチイキッズさくら本郷台保育園",
        "capacity": 69,
        "address": "横浜市栄区"
      }
    },
    {
      "type": "Feature",
      "geometry": {
        "type": "Point",
        "coordinates": [
          139.682388,
          35.508492
        ]
      },
      "properties": {
        "name": "にじいろ保育園駒岡",
        "capacity": 63,
        "address": "横浜市鶴見区"
      }
    },
    {
      "type": "Feature",
      "geometry": {
        "type": "Point",
        "coordinates": [
          139.62944,
          35.476944
        ]
      },
      "properties": {
        "name": "マフィス白楽ナーサリー",
        "capacity": 54,
        "address": "横浜市神奈川区"
      }
    },
    {
      "type": "Feature",
      "geometry": {
        "type": "Point",
        "coordinates": [
          139.633011,
          35.518982
        ]
      },
      "properties": {
        "name": "ココファン・ナーサリー綱島",
        "capacity": 60,
        "address": "横浜市港北区"
      }
    },
    {
      "type": "Feature",
      "geometry": {
        "type": "Point",
        "coordinates": [
          139.656189,
          35.55061
        ]
      },
      "properties": {
        "name": "グローバルキッズ日吉五丁目園",
        "capacity": 70,
        "address": "横浜市港北区日吉五丁目２９番１８号"
      }
    },
    {
      "type": "Feature",
      "geometry": {
        "type": "Point",
        "coordinates": [
          139.548157,
          35.560158
        ]
      },
      "properties": {
        "name": "荏田北保育園",
        "capacity": 120,
        "address": "横浜市青葉区荏田北３丁目６－１４"
      }
    },
    {
      "type": "Feature",
      "geometry": {
        "type": "Point",
        "coordinates": [
          139.62944,
          35.476944
        ]
      },
      "properties": {
        "name": "こころキッズ",
        "capacity": 46,
        "address": "横浜市神奈川区"
      }
    },
    {
      "type": "Feature",
      "geometry": {
        "type": "Point",
        "coordinates": [
          139.641754,
          35.547482
        ]
      },
      "properties": {
        "name": "木下の保育園日吉",
        "capacity": 60,
        "address": "横浜市港北区箕輪町３丁目494番１"
      }
    },
    {
      "type": "Feature",
      "geometry": {
        "type": "Point",
        "coordinates": [
          139.612091,
          35.459377
        ]
      },
      "properties": {
        "name": "ほっぺるランド横浜岡野",
        "capacity": 60,
        "address": "横浜市西区岡野２－６－６"
      }
    },
    {
      "type": "Feature",
      "geometry": {
        "type": "Point",
        "coordinates": [
          139.682281,
          35.510372
        ]
      },
      "properties": {
        "name": "あーす保育園鶴見中央",
        "capacity": 51,
        "address": "横浜市鶴見区鶴見中央三丁目３番14号"
      }
    },
    {
      "type": "Feature",
      "geometry": {
        "type": "Point",
        "coordinates": [
          139.617813,
          35.423225
        ]
      },
      "properties": {
        "name": "あっぷる滝頭保育園",
        "capacity": 0,
        "address": "横浜市磯子区滝頭１－２－１７"
      }
    },
    {
      "type": "Feature",
      "geometry": {
        "type": "Point",
        "coordinates": [
          139.677795,
          35.503868
        ]
      },
      "properties": {
        "name": "保育園スカイ・ウイング",
        "capacity": 120,
        "address": "横浜市鶴見区鶴見中央五丁目１１番８号"
      }
    },
    {
      "type": "Feature",
      "geometry": {
        "type": "Point",
        "coordinates": [
          139.533493,
          35.400017
        ]
      },
      "properties": {
        "name": "キッズパートナー東戸塚第２",
        "capacity": 60,
        "address": "横浜市戸塚区"
      }
    },
    {
      "type": "Feature",
      "geometry": {
        "type": "Point",
        "coordinates": [
          139.670471,
          35.513214
        ]
      },
      "properties": {
        "name": "フェアリーテイルみらい",
        "capacity": 61,
        "address": "横浜市鶴見区寺谷二丁目331番１"
      }
    },
    {
      "type": "Feature",
      "geometry": {
        "type": "Point",
        "coordinates": [
          139.546295,
          35.476971
        ]
      },
      "properties": {
        "name": "あゆみ保育園第２",
        "capacity": 70,
        "address": "横浜市旭区鶴ヶ峰二丁目６番地12"
      }
    },
    {
      "type": "Feature",
      "geometry": {
        "type": "Point",
        "coordinates": [
          139.530594,
          35.462551
        ]
      },
      "properties": {
        "name": "旭あじさい保育園",
        "capacity": 39,
        "address": "横浜市旭区二俣川１丁目７番地２３"
      }
    },
    {
      "type": "Feature",
      "geometry": {
        "type": "Point",
        "coordinates": [
          139.634781,
          35.477917
        ]
      },
      "properties": {
        "name": "かながわ保育園",
        "capacity": 0,
        "address": "横浜市神奈川区東神奈川１－１２"
      }
    },
    {
      "type": "Feature",
      "geometry": {
        "type": "Point",
        "coordinates": [
          139.62944,
          35.476944
        ]
      },
      "properties": {
        "name": "ポピンズナーサリースクール片倉町駅前",
        "capacity": 50,
        "address": "横浜市神奈川区"
      }
    },
    {
      "type": "Feature",
      "geometry": {
        "type": "Point",
        "coordinates": [
          139.642227,
          35.444721
        ]
      },
      "properties": {
        "name": "ララランド横浜伊勢佐木",
        "capacity": 69,
        "address": "横浜市中区"
      }
    },
    {
      "type": "Feature",
      "geometry": {
        "type": "Point",
        "coordinates": [
          139.622833,
          35.512161
        ]
      },
      "properties": {
        "name": "キッズラディ",
        "capacity": 60,
        "address": "横浜市港北区大豆戸町６３９番地２"
      }
    },
    {
      "type": "Feature",
      "geometry": {
        "type": "Point",
        "coordinates": [
          139.516495,
          35.523216
        ]
      },
      "properties": {
        "name": "ポピンズナーサリースクール十日市場駅前",
        "capacity": 36,
        "address": "横浜市緑区十日市場８７２－１９"
      }
    },
    {
      "type": "Feature",
      "geometry": {
        "type": "Point",
        "coordinates": [
          139.49733,
          35.469978
        ]
      },
      "properties": {
        "name": "グローバルキッズ三ツ境園",
        "capacity": 0,
        "address": "横浜市瀬谷区二ツ橋３０９番地１"
      }
    },
    {
      "type": "Feature",
      "geometry": {
        "type": "Point",
        "coordinates": [
          139.624847,
          35.328285
        ]
      },
      "properties": {
        "name": "ひかりとたねの保育園",
        "capacity": 60,
        "address": "横浜市金沢区柳町１－３"
      }
    },
    {
      "type": "Feature",
      "geometry": {
        "type": "Point",
        "coordinates": [
          139.479004,
          35.429035
        ]
      },
      "properties": {
        "name": "いちょう保育園",
        "capacity": 90,
        "address": "横浜市泉区上飯田町"
      }
    },
    {
      "type": "Feature",
      "geometry": {
        "type": "Point",
        "coordinates": [
          139.682388,
          35.508492
        ]
      },
      "properties": {
        "name": "スターチャイルド≪生麦ナーサリー≫",
        "capacity": 60,
        "address": "横浜市鶴見区"
      }
    },
    {
      "type": "Feature",
      "geometry": {
        "type": "Point",
        "coordinates": [
          139.56366,
          35.454636
        ]
      },
      "properties": {
        "name": "新桜ケ丘保育園",
        "capacity": 60,
        "address": "横浜市保土ケ谷区新桜ケ丘２－４１－９"
      }
    },
    {
      "type": "Feature",
      "geometry": {
        "type": "Point",
        "coordinates": [
          139.623062,
          35.460167
        ]
      },
      "properties": {
        "name": "アミ―保育園　高島園",
        "capacity": 40,
        "address": "横浜市西区高島２－２－７"
      }
    },
    {
      "type": "Feature",
      "geometry": {
        "type": "Point",
        "coordinates": [
          139.522583,
          35.542557
        ]
      },
      "properties": {
        "name": "しらとり台保育園　青葉台",
        "capacity": 56,
        "address": "横浜市青葉区藤が丘２－２０－１０"
      }
    },
    {
      "type": "Feature",
      "geometry": {
        "type": "Point",
        "coordinates": [
          139.62056,
          35.514488
        ]
      },
      "properties": {
        "name": "ペガサス新横浜保育園",
        "capacity": 72,
        "address": "横浜市港北区新横浜３－２４－１４"
      }
    },
    {
      "type": "Feature",
      "geometry": {
        "type": "Point",
        "coordinates": [
          139.537003,
          35.456573
        ]
      },
      "properties": {
        "name": "まきが原愛児園",
        "capacity": 137,
        "address": "横浜市旭区万騎が原３"
      }
    },
    {
      "type": "Feature",
      "geometry": {
        "type": "Point",
        "coordinates": [
          139.625137,
          35.523079
        ]
      },
      "properties": {
        "name": "グローバルキッズ大倉山園",
        "capacity": 72,
        "address": "横浜市港北区大倉山３－５８－１３"
      }
    },
    {
      "type": "Feature",
      "geometry": {
        "type": "Point",
        "coordinates": [
          139.53978,
          35.550961
        ]
      },
      "properties": {
        "name": "ベネッセ　市ヶ尾駅前保育園",
        "capacity": 56,
        "address": "横浜市青葉区市ケ尾町１１５３－３"
      }
    },
    {
      "type": "Feature",
      "geometry": {
        "type": "Point",
        "coordinates": [
          139.553024,
          35.475361
        ]
      },
      "properties": {
        "name": "キッズガーデン横浜鶴ヶ峰",
        "capacity": 60,
        "address": "横浜市旭区鶴ケ峰２－４８－７"
      }
    },
    {
      "type": "Feature",
      "geometry": {
        "type": "Point",
        "coordinates": [
          139.525635,
          35.389755
        ]
      },
      "properties": {
        "name": "南戸塚保育園",
        "capacity": 90,
        "address": "横浜市戸塚区戸塚町２８３３－３"
      }
    },
    {
      "type": "Feature",
      "geometry": {
        "type": "Point",
        "coordinates": [
          139.620773,
          35.388733
        ]
      },
      "properties": {
        "name": "アスク新杉田駅前保育園",
        "capacity": 60,
        "address": "横浜市磯子区新杉田町８－８"
      }
    },
    {
      "type": "Feature",
      "geometry": {
        "type": "Point",
        "coordinates": [
          139.559586,
          35.578224
        ]
      },
      "properties": {
        "name": "パレット保育園・たまプラーザ",
        "capacity": 40,
        "address": "横浜市青葉区美しが丘１－１－２"
      }
    },
    {
      "type": "Feature",
      "geometry": {
        "type": "Point",
        "coordinates": [
          139.560516,
          35.581646
        ]
      },
      "properties": {
        "name": "アートチャイルドケアろりぽっぷたまプラーザ",
        "capacity": 90,
        "address": "横浜市青葉区美しが丘２－１２－１"
      }
    },
    {
      "type": "Feature",
      "geometry": {
        "type": "Point",
        "coordinates": [
          139.617447,
          35.430527
        ]
      },
      "properties": {
        "name": "睦町保育園",
        "capacity": 90,
        "address": "横浜市南区睦町１－３０"
      }
    },
    {
      "type": "Feature",
      "geometry": {
        "type": "Point",
        "coordinates": [
          139.604309,
          35.553589
        ]
      },
      "properties": {
        "name": "キッズフォレ東山田",
        "capacity": 60,
        "address": "横浜市都筑区東山田町３２２"
      }
    },
    {
      "type": "Feature",
      "geometry": {
        "type": "Point",
        "coordinates": [
          139.629562,
          35.509911
        ]
      },
      "properties": {
        "name": "光の園保育園分園",
        "capacity": 13,
        "address": "横浜市港北区篠原北２－４－７"
      }
    },
    {
      "type": "Feature",
      "geometry": {
        "type": "Point",
        "coordinates": [
          139.666016,
          35.497036
        ]
      },
      "properties": {
        "name": "ＳＥＡ　ＫＩＤ保育園",
        "capacity": 105,
        "address": "横浜市鶴見区岸谷１－２６－１２"
      }
    },
    {
      "type": "Feature",
      "geometry": {
        "type": "Point",
        "coordinates": [
          139.555908,
          35.56815
        ]
      },
      "properties": {
        "name": "エンゼルベアあざみ野保育園",
        "capacity": 54,
        "address": "横浜市青葉区新石川１－１３－１"
      }
    },
    {
      "type": "Feature",
      "geometry": {
        "type": "Point",
        "coordinates": [
          139.493759,
          35.531384
        ]
      },
      "properties": {
        "name": "もみの木保育園",
        "capacity": 60,
        "address": "横浜市緑区長津田５－１－２５"
      }
    },
    {
      "type": "Feature",
      "geometry": {
        "type": "Point",
        "coordinates": [
          139.625809,
          35.339279
        ]
      },
      "properties": {
        "name": "しののめ保育園",
        "capacity": 90,
        "address": "横浜市金沢区寺前１－８－２８"
      }
    },
    {
      "type": "Feature",
      "geometry": {
        "type": "Point",
        "coordinates": [
          139.651123,
          35.497375
        ]
      },
      "properties": {
        "name": "西寺尾保育園",
        "capacity": 140,
        "address": "横浜市神奈川区西寺尾３－２２－１"
      }
    },
    {
      "type": "Feature",
      "geometry": {
        "type": "Point",
        "coordinates": [
          139.517746,
          35.536076
        ]
      },
      "properties": {
        "name": "しらとり台保育園つつじが丘",
        "capacity": 45,
        "address": "横浜市青葉区つつじが丘２９－１８"
      }
    },
    {
      "type": "Feature",
      "geometry": {
        "type": "Point",
        "coordinates": [
          139.562378,
          35.57732
        ]
      },
      "properties": {
        "name": "木下の保育園　たまプラーザ",
        "capacity": 63,
        "address": "横浜市青葉区新石川３－５－２"
      }
    },
    {
      "type": "Feature",
      "geometry": {
        "type": "Point",
        "coordinates": [
          139.641556,
          35.538792
        ]
      },
      "properties": {
        "name": "ポピンズナーサリースクール綱島",
        "capacity": 50,
        "address": "横浜市港北区綱島東３－２－１５"
      }
    },
    {
      "type": "Feature",
      "geometry": {
        "type": "Point",
        "coordinates": [
          139.494843,
          35.47068
        ]
      },
      "properties": {
        "name": "シャローム三育保育園",
        "capacity": 70,
        "address": "横浜市瀬谷区二ツ橋町４６９"
      }
    },
    {
      "type": "Feature",
      "geometry": {
        "type": "Point",
        "coordinates": [
          139.588882,
          35.462833
        ]
      },
      "properties": {
        "name": "三丁目こども園",
        "capacity": 40,
        "address": "横浜市保土ケ谷区星川３－５－１９"
      }
    },
    {
      "type": "Feature",
      "geometry": {
        "type": "Point",
        "coordinates": [
          139.544983,
          35.566471
        ]
      },
      "properties": {
        "name": "ポピンズナーサリースクールあざみ野",
        "capacity": 60,
        "address": "横浜市青葉区あざみ野２－３５－１２"
      }
    },
    {
      "type": "Feature",
      "geometry": {
        "type": "Point",
        "coordinates": [
          139.554962,
          35.36055
        ]
      },
      "properties": {
        "name": "横浜市公田保育園",
        "capacity": 69,
        "address": "横浜市栄区公田町７４０"
      }
    },
    {
      "type": "Feature",
      "geometry": {
        "type": "Point",
        "coordinates": [
          139.528,
          35.400684
        ]
      },
      "properties": {
        "name": "アスク戸塚保育園",
        "capacity": 58,
        "address": "横浜市戸塚区戸塚町４８２２－１２"
      }
    },
    {
      "type": "Feature",
      "geometry": {
        "type": "Point",
        "coordinates": [
          139.67746,
          35.509052
        ]
      },
      "properties": {
        "name": "鶴見ポケット保育園",
        "capacity": 62,
        "address": "横浜市鶴見区鶴見中央１－７－５"
      }
    },
    {
      "type": "Feature",
      "geometry": {
        "type": "Point",
        "coordinates": [
          139.489548,
          35.475891
        ]
      },
      "properties": {
        "name": "瀬谷愛児園",
        "capacity": 80,
        "address": "横浜市瀬谷区相沢７－２３－１"
      }
    },
    {
      "type": "Feature",
      "geometry": {
        "type": "Point",
        "coordinates": [
          139.683487,
          35.53326
        ]
      },
      "properties": {
        "name": "尻手すきっぷ保育園",
        "capacity": 59,
        "address": "横浜市鶴見区矢向４－２６－１３"
      }
    },
    {
      "type": "Feature",
      "geometry": {
        "type": "Point",
        "coordinates": [
          139.576538,
          35.54895
        ]
      },
      "properties": {
        "name": "木下の保育園センター南",
        "capacity": 72,
        "address": "横浜市都筑区中川中央２－３－２５"
      }
    },
    {
      "type": "Feature",
      "geometry": {
        "type": "Point",
        "coordinates": [
          139.571228,
          35.397442
        ]
      },
      "properties": {
        "name": "港南ひまわり保育園",
        "capacity": 60,
        "address": "横浜市港南区丸山台２－４１－６７"
      }
    },
    {
      "type": "Feature",
      "geometry": {
        "type": "Point",
        "coordinates": [
          139.620056,
          35.3825
        ]
      },
      "properties": {
        "name": "杉田幼児園",
        "capacity": 127,
        "address": "横浜市磯子区杉田４－６－３１"
      }
    },
    {
      "type": "Feature",
      "geometry": {
        "type": "Point",
        "coordinates": [
          139.555115,
          35.378998
        ]
      },
      "properties": {
        "name": "エミールの森ひよこ保育園",
        "capacity": 50,
        "address": "横浜市栄区小山台１－３３－１０"
      }
    },
    {
      "type": "Feature",
      "geometry": {
        "type": "Point",
        "coordinates": [
          139.561279,
          35.49707
        ]
      },
      "properties": {
        "name": "横浜市竹山保育園",
        "capacity": 72,
        "address": "横浜市緑区竹山３－１－１５"
      }
    },
    {
      "type": "Feature",
      "geometry": {
        "type": "Point",
        "coordinates": [
          139.551651,
          35.49255
        ]
      },
      "properties": {
        "name": "千丸台保育園",
        "capacity": 100,
        "address": "横浜市保土ケ谷区新井町３５６－３"
      }
    },
    {
      "type": "Feature",
      "geometry": {
        "type": "Point",
        "coordinates": [
          139.557129,
          35.537533
        ]
      },
      "properties": {
        "name": "グローバルキッズ都筑ふれあいの丘園",
        "capacity": 80,
        "address": "横浜市都筑区大丸９－１６"
      }
    },
    {
      "type": "Feature",
      "geometry": {
        "type": "Point",
        "coordinates": [
          139.643845,
          35.541073
        ]
      },
      "properties": {
        "name": "キッズパートナー綱島東",
        "capacity": 60,
        "address": "横浜市港北区綱島東４－６－３３"
      }
    },
    {
      "type": "Feature",
      "geometry": {
        "type": "Point",
        "coordinates": [
          139.6194,
          35.342827
        ]
      },
      "properties": {
        "name": "明日葉保育園金沢文庫園",
        "capacity": 60,
        "address": "横浜市金沢区釜利谷東２－１６－１０"
      }
    },
    {
      "type": "Feature",
      "geometry": {
        "type": "Point",
        "coordinates": [
          139.518616,
          35.546406
        ]
      },
      "properties": {
        "name": "プレスクールあおば",
        "capacity": 43,
        "address": "横浜市青葉区青葉台１－１８－１３"
      }
    },
    {
      "type": "Feature",
      "geometry": {
        "type": "Point",
        "coordinates": [
          139.546829,
          35.476265
        ]
      },
      "properties": {
        "name": "あゆみキッズ保育園",
        "capacity": 20,
        "address": "横浜市旭区鶴ケ峰２－１７－２６"
      }
    },
    {
      "type": "Feature",
      "geometry": {
        "type": "Point",
        "coordinates": [
          139.572647,
          35.376259
        ]
      },
      "properties": {
        "name": "みなみひの保育園",
        "capacity": 80,
        "address": "横浜市港南区日野南３－１３－１"
      }
    },
    {
      "type": "Feature",
      "geometry": {
        "type": "Point",
        "coordinates": [
          139.600494,
          35.509914
        ]
      },
      "properties": {
        "name": "キッズパートナー小机",
        "capacity": 55,
        "address": "横浜市港北区小机町２１９０"
      }
    },
    {
      "type": "Feature",
      "geometry": {
        "type": "Point",
        "coordinates": [
          139.591064,
          35.560089
        ]
      },
      "properties": {
        "name": "めーぷる保育園",
        "capacity": 58,
        "address": "横浜市都筑区北山田２－２－２９"
      }
    },
    {
      "type": "Feature",
      "geometry": {
        "type": "Point",
        "coordinates": [
          139.644943,
          35.556034
        ]
      },
      "properties": {
        "name": "日吉みんなの保育園分園",
        "capacity": 18,
        "address": "横浜市港北区日吉２－１０－４"
      }
    },
    {
      "type": "Feature",
      "geometry": {
        "type": "Point",
        "coordinates": [
          139.57431,
          35.497353
        ]
      },
      "properties": {
        "name": "横浜市西菅田保育園",
        "capacity": 60,
        "address": "横浜市神奈川区菅田町４８８"
      }
    },
    {
      "type": "Feature",
      "geometry": {
        "type": "Point",
        "coordinates": [
          139.507751,
          35.45055
        ]
      },
      "properties": {
        "name": "ほうゆう保育園",
        "capacity": 60,
        "address": "横浜市瀬谷区阿久和東３－４５－２"
      }
    },
    {
      "type": "Feature",
      "geometry": {
        "type": "Point",
        "coordinates": [
          139.563873,
          35.535511
        ]
      },
      "properties": {
        "name": "アソシエふれあいの丘保育園",
        "capacity": 80,
        "address": "横浜市都筑区葛が谷１５－３"
      }
    },
    {
      "type": "Feature",
      "geometry": {
        "type": "Point",
        "coordinates": [
          139.550385,
          35.406223
        ]
      },
      "properties": {
        "name": "メモリー保育園",
        "capacity": 60,
        "address": "横浜市戸塚区舞岡町６４７－４"
      }
    },
    {
      "type": "Feature",
      "geometry": {
        "type": "Point",
        "coordinates": [
          139.633224,
          35.475456
        ]
      },
      "properties": {
        "name": "エンゼル保育園",
        "capacity": 40,
        "address": "横浜市神奈川区神奈川本町１２－６"
      }
    },
    {
      "type": "Feature",
      "geometry": {
        "type": "Point",
        "coordinates": [
          139.639282,
          35.437111
        ]
      },
      "properties": {
        "name": "保育園ばんびーな",
        "capacity": 45,
        "address": "横浜市中区石川町４－１５８－１"
      }
    },
    {
      "type": "Feature",
      "geometry": {
        "type": "Point",
        "coordinates": [
          139.565369,
          35.479328
        ]
      },
      "properties": {
        "name": "えがお園　えぶちにしや園　分園",
        "capacity": 48,
        "address": "横浜市保土ケ谷区西谷町９１６－２"
      }
    },
    {
      "type": "Feature",
      "geometry": {
        "type": "Point",
        "coordinates": [
          139.643646,
          35.483215
        ]
      },
      "properties": {
        "name": "グローバルキッズ子安駅前保育園",
        "capacity": 60,
        "address": "横浜市神奈川区浦島町４－５"
      }
    },
    {
      "type": "Feature",
      "geometry": {
        "type": "Point",
        "coordinates": [
          139.67836,
          35.510071
        ]
      },
      "properties": {
        "name": "鶴見あけぼの保育園",
        "capacity": 60,
        "address": "横浜市鶴見区鶴見中央１－１８－１０"
      }
    },
    {
      "type": "Feature",
      "geometry": {
        "type": "Point",
        "coordinates": [
          139.632324,
          35.538807
        ]
      },
      "properties": {
        "name": "第二尚花愛児園",
        "capacity": 90,
        "address": "横浜市港北区綱島西１－１６－２７"
      }
    },
    {
      "type": "Feature",
      "geometry": {
        "type": "Point",
        "coordinates": [
          139.549377,
          35.398163
        ]
      },
      "properties": {
        "name": "わかば保育園",
        "capacity": 120,
        "address": "横浜市戸塚区舞岡町９９２"
      }
    },
    {
      "type": "Feature",
      "geometry": {
        "type": "Point",
        "coordinates": [
          139.621552,
          35.474098
        ]
      },
      "properties": {
        "name": "いずみ反町保育園",
        "capacity": 48,
        "address": "横浜市神奈川区泉町５－１０６"
      }
    },
    {
      "type": "Feature",
      "geometry": {
        "type": "Point",
        "coordinates": [
          139.532852,
          35.355988
        ]
      },
      "properties": {
        "name": "杜ちゃいるど園",
        "capacity": 70,
        "address": "横浜市栄区笠間１－２－２"
      }
    },
    {
      "type": "Feature",
      "geometry": {
        "type": "Point",
        "coordinates": [
          139.571075,
          35.561974
        ]
      },
      "properties": {
        "name": "中川小桜愛児園",
        "capacity": 90,
        "address": "横浜市都筑区中川１－１－１"
      }
    },
    {
      "type": "Feature",
      "geometry": {
        "type": "Point",
        "coordinates": [
          139.659058,
          35.534981
        ]
      },
      "properties": {
        "name": "駒岡保育園",
        "capacity": 65,
        "address": "横浜市鶴見区駒岡４－５－３１"
      }
    },
    {
      "type": "Feature",
      "geometry": {
        "type": "Point",
        "coordinates": [
          139.639969,
          35.482773
        ]
      },
      "properties": {
        "name": "第二白百合乳児保育園",
        "capacity": 60,
        "address": "横浜市神奈川区亀住町１－４"
      }
    },
    {
      "type": "Feature",
      "geometry": {
        "type": "Point",
        "coordinates": [
          139.524948,
          35.577484
        ]
      },
      "properties": {
        "name": "横浜市すすき野保育園",
        "capacity": 106,
        "address": "横浜市青葉区すすき野２－８－６"
      }
    },
    {
      "type": "Feature",
      "geometry": {
        "type": "Point",
        "coordinates": [
          139.620102,
          35.490391
        ]
      },
      "properties": {
        "name": "あおぞら第２保育園",
        "capacity": 60,
        "address": "横浜市神奈川区六角橋２－３４－８"
      }
    },
    {
      "type": "Feature",
      "geometry": {
        "type": "Point",
        "coordinates": [
          139.503769,
          35.431503
        ]
      },
      "properties": {
        "name": "鳩の森愛の詩あすなろ保育園",
        "capacity": 89,
        "address": "横浜市泉区新橋町８１２－２"
      }
    },
    {
      "type": "Feature",
      "geometry": {
        "type": "Point",
        "coordinates": [
          139.593414,
          35.410576
        ]
      },
      "properties": {
        "name": "つくし保育園　上大岡",
        "capacity": 70,
        "address": "横浜市港南区大久保１－８－４"
      }
    },
    {
      "type": "Feature",
      "geometry": {
        "type": "Point",
        "coordinates": [
          139.678223,
          35.512367
        ]
      },
      "properties": {
        "name": "ナーサリーつるみ",
        "capacity": 90,
        "address": "横浜市鶴見区鶴見中央２－１０－６"
      }
    },
    {
      "type": "Feature",
      "geometry": {
        "type": "Point",
        "coordinates": [
          139.639969,
          35.482773
        ]
      },
      "properties": {
        "name": "浦島保育園ジュニア",
        "capacity": 50,
        "address": "横浜市神奈川区亀住町１－３"
      }
    },
    {
      "type": "Feature",
      "geometry": {
        "type": "Point",
        "coordinates": [
          139.565369,
          35.479328
        ]
      },
      "properties": {
        "name": "梅の木保育園",
        "capacity": 58,
        "address": "横浜市保土ケ谷区西谷町７４０－２"
      }
    },
    {
      "type": "Feature",
      "geometry": {
        "type": "Point",
        "coordinates": [
          139.611969,
          35.335861
        ]
      },
      "properties": {
        "name": "かのん保育園",
        "capacity": 90,
        "address": "横浜市金沢区大川７－２０"
      }
    },
    {
      "type": "Feature",
      "geometry": {
        "type": "Point",
        "coordinates": [
          139.611176,
          35.438793
        ]
      },
      "properties": {
        "name": "清水ヶ丘保育園",
        "capacity": 100,
        "address": "横浜市南区清水ケ丘２５"
      }
    },
    {
      "type": "Feature",
      "geometry": {
        "type": "Point",
        "coordinates": [
          139.608276,
          35.450806
        ]
      },
      "properties": {
        "name": "利正寺保育園",
        "capacity": 78,
        "address": "横浜市西区久保町３－１３"
      }
    },
    {
      "type": "Feature",
      "geometry": {
        "type": "Point",
        "coordinates": [
          139.587311,
          35.46368
        ]
      },
      "properties": {
        "name": "にじいろ保育園和田町",
        "capacity": 30,
        "address": "横浜市保土ケ谷区和田１－１５－３"
      }
    },
    {
      "type": "Feature",
      "geometry": {
        "type": "Point",
        "coordinates": [
          139.526627,
          35.440441
        ]
      },
      "properties": {
        "name": "緑園なえば保育園",
        "capacity": 122,
        "address": "横浜市泉区緑園４－４"
      }
    },
    {
      "type": "Feature",
      "geometry": {
        "type": "Point",
        "coordinates": [
          139.596802,
          35.403912
        ]
      },
      "properties": {
        "name": "グローバルキッズ上大岡園",
        "capacity": 69,
        "address": "横浜市港南区上大岡西３－９－１"
      }
    },
    {
      "type": "Feature",
      "geometry": {
        "type": "Point",
        "coordinates": [
          139.473969,
          35.459179
        ]
      },
      "properties": {
        "name": "下瀬谷保育園",
        "capacity": 67,
        "address": "横浜市瀬谷区北新１５－４"
      }
    },
    {
      "type": "Feature",
      "geometry": {
        "type": "Point",
        "coordinates": [
          139.667038,
          35.494652
        ]
      },
      "properties": {
        "name": "生麦ポケット保育園",
        "capacity": 58,
        "address": "横浜市鶴見区生麦３－７－１１"
      }
    },
    {
      "type": "Feature",
      "geometry": {
        "type": "Point",
        "coordinates": [
          139.671356,
          35.518764
        ]
      },
      "properties": {
        "name": "末吉にこにこ保育園",
        "capacity": 60,
        "address": "横浜市鶴見区下末吉１－１３－２０"
      }
    },
    {
      "type": "Feature",
      "geometry": {
        "type": "Point",
        "coordinates": [
          139.62532,
          35.460163
        ]
      },
      "properties": {
        "name": "ポピンズナーサリースクール横浜",
        "capacity": 60,
        "address": "横浜市西区みなとみらい４－３－５"
      }
    },
    {
      "type": "Feature",
      "geometry": {
        "type": "Point",
        "coordinates": [
          139.589432,
          35.407326
        ]
      },
      "properties": {
        "name": "上大岡はるかぜ保育園",
        "capacity": 90,
        "address": "横浜市港南区大久保２－６－２９"
      }
    },
    {
      "type": "Feature",
      "geometry": {
        "type": "Point",
        "coordinates": [
          139.558151,
          35.575802
        ]
      },
      "properties": {
        "name": "たまプラーザ小桜愛児園",
        "capacity": 90,
        "address": "横浜市青葉区新石川２－３－１５"
      }
    },
    {
      "type": "Feature",
      "geometry": {
        "type": "Point",
        "coordinates": [
          139.618378,
          35.403072
        ]
      },
      "properties": {
        "name": "横浜おひさま保育園",
        "capacity": 60,
        "address": "横浜市磯子区磯子３－１１－２０"
      }
    },
    {
      "type": "Feature",
      "geometry": {
        "type": "Point",
        "coordinates": [
          139.632263,
          35.54306
        ]
      },
      "properties": {
        "name": "ベネッセ　綱島台保育園",
        "capacity": 60,
        "address": "横浜市港北区綱島台１７－２３"
      }
    },
    {
      "type": "Feature",
      "geometry": {
        "type": "Point",
        "coordinates": [
          139.591064,
          35.534496
        ]
      },
      "properties": {
        "name": "なかまちっこ園",
        "capacity": 50,
        "address": "横浜市都筑区仲町台１－１４－２３"
      }
    },
    {
      "type": "Feature",
      "geometry": {
        "type": "Point",
        "coordinates": [
          139.611481,
          35.453964
        ]
      },
      "properties": {
        "name": "平沼保育園",
        "capacity": 60,
        "address": "横浜市西区浜松町１３－６"
      }
    },
    {
      "type": "Feature",
      "geometry": {
        "type": "Point",
        "coordinates": [
          139.630386,
          35.459442
        ]
      },
      "properties": {
        "name": "にじいろ保育園みなとみらい",
        "capacity": 90,
        "address": "横浜市西区みなとみらい４－７"
      }
    },
    {
      "type": "Feature",
      "geometry": {
        "type": "Point",
        "coordinates": [
          139.633881,
          35.458008
        ]
      },
      "properties": {
        "name": "みなとみらいくばがさ保育園",
        "capacity": 80,
        "address": "横浜市西区みなとみらい３－７－１"
      }
    },
    {
      "type": "Feature",
      "geometry": {
        "type": "Point",
        "coordinates": [
          139.625244,
          35.522629
        ]
      },
      "properties": {
        "name": "天才キッズクラブ楽学館大倉山園",
        "capacity": 60,
        "address": "横浜市港北区大倉山３－５５－３"
      }
    },
    {
      "type": "Feature",
      "geometry": {
        "type": "Point",
        "coordinates": [
          139.590363,
          35.459961
        ]
      },
      "properties": {
        "name": "星川こども園",
        "capacity": 100,
        "address": "横浜市保土ケ谷区星川２－１２－６－３"
      }
    },
    {
      "type": "Feature",
      "geometry": {
        "type": "Point",
        "coordinates": [
          139.531235,
          35.368118
        ]
      },
      "properties": {
        "name": "いいじまルーテル保育園",
        "capacity": 60,
        "address": "横浜市栄区飯島町４８－１"
      }
    },
    {
      "type": "Feature",
      "geometry": {
        "type": "Point",
        "coordinates": [
          139.498444,
          35.474434
        ]
      },
      "properties": {
        "name": "横浜市二ツ橋保育園",
        "capacity": 60,
        "address": "横浜市瀬谷区二ツ橋町５２７－２"
      }
    },
    {
      "type": "Feature",
      "geometry": {
        "type": "Point",
        "coordinates": [
          139.601074,
          35.339184
        ]
      },
      "properties": {
        "name": "明徳釜利谷保育園",
        "capacity": 100,
        "address": "横浜市金沢区釜利谷南４－２９－４"
      }
    },
    {
      "type": "Feature",
      "geometry": {
        "type": "Point",
        "coordinates": [
          139.53064,
          35.500633
        ]
      },
      "properties": {
        "name": "横浜市ひかりが丘保育園",
        "capacity": 92,
        "address": "横浜市旭区上白根町７９５"
      }
    },
    {
      "type": "Feature",
      "geometry": {
        "type": "Point",
        "coordinates": [
          139.681488,
          35.516212
        ]
      },
      "properties": {
        "name": "オハナ鶴見保育園",
        "capacity": 96,
        "address": "横浜市鶴見区市場下町８－３"
      }
    },
    {
      "type": "Feature",
      "geometry": {
        "type": "Point",
        "coordinates": [
          139.554611,
          35.430309
        ]
      },
      "properties": {
        "name": "にじいろ保育園東戸塚",
        "capacity": 60,
        "address": "横浜市戸塚区川上町８５－１"
      }
    },
    {
      "type": "Feature",
      "geometry": {
        "type": "Point",
        "coordinates": [
          139.618546,
          35.43597
        ]
      },
      "properties": {
        "name": "アスク吉野町保育園",
        "capacity": 48,
        "address": "横浜市南区山王町３－２４－８"
      }
    },
    {
      "type": "Feature",
      "geometry": {
        "type": "Point",
        "coordinates": [
          139.637589,
          35.438671
        ]
      },
      "properties": {
        "name": "寿福祉センター保育所",
        "capacity": 60,
        "address": "横浜市中区寿町４－１３－１"
      }
    },
    {
      "type": "Feature",
      "geometry": {
        "type": "Point",
        "coordinates": [
          139.60878,
          35.447628
        ]
      },
      "properties": {
        "name": "つくし愛児園",
        "capacity": 40,
        "address": "横浜市西区東久保町４－３８"
      }
    },
    {
      "type": "Feature",
      "geometry": {
        "type": "Point",
        "coordinates": [
          139.568665,
          35.523605
        ]
      },
      "properties": {
        "name": "ゆうぽーと保育園",
        "capacity": 60,
        "address": "横浜市都筑区池辺町４６４３"
      }
    },
    {
      "type": "Feature",
      "geometry": {
        "type": "Point",
        "coordinates": [
          139.642502,
          35.437843
        ]
      },
      "properties": {
        "name": "ラフ・クルー元町保育園",
        "capacity": 60,
        "address": "横浜市中区石川町２－６４"
      }
    },
    {
      "type": "Feature",
      "geometry": {
        "type": "Point",
        "coordinates": [
          139.630096,
          35.467442
        ]
      },
      "properties": {
        "name": "ナーサリー横浜ポートサイド",
        "capacity": 90,
        "address": "横浜市神奈川区大野町１－２５"
      }
    },
    {
      "type": "Feature",
      "geometry": {
        "type": "Point",
        "coordinates": [
          139.646912,
          35.506538
        ]
      },
      "properties": {
        "name": "馬場どろんこ保育園",
        "capacity": 70,
        "address": "横浜市鶴見区馬場１－１１－５"
      }
    },
    {
      "type": "Feature",
      "geometry": {
        "type": "Point",
        "coordinates": [
          139.549179,
          35.547436
        ]
      },
      "properties": {
        "name": "サンキッズ荏田西保育園",
        "capacity": 98,
        "address": "横浜市青葉区荏田西４－５－２"
      }
    },
    {
      "type": "Feature",
      "geometry": {
        "type": "Point",
        "coordinates": [
          139.638046,
          35.505924
        ]
      },
      "properties": {
        "name": "横浜市菊名保育園",
        "capacity": 78,
        "address": "横浜市港北区菊名３－１０－２０"
      }
    },
    {
      "type": "Feature",
      "geometry": {
        "type": "Point",
        "coordinates": [
          139.609253,
          35.488384
        ]
      },
      "properties": {
        "name": "とうよう片倉町保育園",
        "capacity": 20,
        "address": "横浜市神奈川区神大寺３－３５－３"
      }
    },
    {
      "type": "Feature",
      "geometry": {
        "type": "Point",
        "coordinates": [
          139.525879,
          35.539314
        ]
      },
      "properties": {
        "name": "藤が丘もみじ保育センター",
        "capacity": 40,
        "address": "横浜市青葉区藤が丘２－３０－３"
      }
    },
    {
      "type": "Feature",
      "geometry": {
        "type": "Point",
        "coordinates": [
          139.585815,
          35.498062
        ]
      },
      "properties": {
        "name": "保育園こりす",
        "capacity": 80,
        "address": "横浜市神奈川区菅田町１７６１－１"
      }
    },
    {
      "type": "Feature",
      "geometry": {
        "type": "Point",
        "coordinates": [
          139.492538,
          35.391056
        ]
      },
      "properties": {
        "name": "苗場保育園",
        "capacity": 68,
        "address": "横浜市泉区下和泉１－１０－１０"
      }
    },
    {
      "type": "Feature",
      "geometry": {
        "type": "Point",
        "coordinates": [
          139.520721,
          35.438473
        ]
      },
      "properties": {
        "name": "小学館アカデミーりょくえんとし保育園",
        "capacity": 60,
        "address": "横浜市泉区緑園２－２－３"
      }
    },
    {
      "type": "Feature",
      "geometry": {
        "type": "Point",
        "coordinates": [
          139.475754,
          35.43005
        ]
      },
      "properties": {
        "name": "横浜市北上飯田保育園",
        "capacity": 77,
        "address": "横浜市泉区上飯田町３０５０－３"
      }
    },
    {
      "type": "Feature",
      "geometry": {
        "type": "Point",
        "coordinates": [
          139.631958,
          35.498295
        ]
      },
      "properties": {
        "name": "光の園アンティー保育園",
        "capacity": 52,
        "address": "横浜市港北区菊名１－６－１４"
      }
    },
    {
      "type": "Feature",
      "geometry": {
        "type": "Point",
        "coordinates": [
          139.618317,
          35.512608
        ]
      },
      "properties": {
        "name": "岩崎学園新横浜第二保育園",
        "capacity": 140,
        "address": "横浜市港北区新横浜３－２２－１９"
      }
    },
    {
      "type": "Feature",
      "geometry": {
        "type": "Point",
        "coordinates": [
          139.630676,
          35.435577
        ]
      },
      "properties": {
        "name": "やすらぎ保育園",
        "capacity": 68,
        "address": "横浜市南区万世町２－３８－１６"
      }
    },
    {
      "type": "Feature",
      "geometry": {
        "type": "Point",
        "coordinates": [
          139.631256,
          35.546562
        ]
      },
      "properties": {
        "name": "みらいく日吉本町園",
        "capacity": 34,
        "address": "横浜市港北区日吉本町４－１７－４６"
      }
    },
    {
      "type": "Feature",
      "geometry": {
        "type": "Point",
        "coordinates": [
          139.600296,
          35.478123
        ]
      },
      "properties": {
        "name": "アミー保育園　三ツ沢園",
        "capacity": 60,
        "address": "横浜市保土ケ谷区峰沢町１４７"
      }
    },
    {
      "type": "Feature",
      "geometry": {
        "type": "Point",
        "coordinates": [
          139.55925,
          35.58012
        ]
      },
      "properties": {
        "name": "グローバルキッズたまプラーザ保育園",
        "capacity": 60,
        "address": "横浜市青葉区美しが丘２－１７－１６"
      }
    },
    {
      "type": "Feature",
      "geometry": {
        "type": "Point",
        "coordinates": [
          139.520935,
          35.438934
        ]
      },
      "properties": {
        "name": "ＧＥＮＫＩＤＳ緑園都市保育園",
        "capacity": 58,
        "address": "横浜市泉区緑園２－１－３"
      }
    },
    {
      "type": "Feature",
      "geometry": {
        "type": "Point",
        "coordinates": [
          139.621704,
          35.343491
        ]
      },
      "properties": {
        "name": "京急キッズランド金沢文庫保育園",
        "capacity": 60,
        "address": "横浜市金沢区谷津町３８４"
      }
    },
    {
      "type": "Feature",
      "geometry": {
        "type": "Point",
        "coordinates": [
          139.573318,
          35.546082
        ]
      },
      "properties": {
        "name": "アスクセンター南保育園",
        "capacity": 58,
        "address": "横浜市都筑区茅ケ崎中央４６－５"
      }
    },
    {
      "type": "Feature",
      "geometry": {
        "type": "Point",
        "coordinates": [
          139.511902,
          35.410038
        ]
      },
      "properties": {
        "name": "泉の郷保育園なかだ",
        "capacity": 62,
        "address": "横浜市泉区中田南２－１５－３５"
      }
    },
    {
      "type": "Feature",
      "geometry": {
        "type": "Point",
        "coordinates": [
          139.526672,
          35.393799
        ]
      },
      "properties": {
        "name": "芙蓉保育園",
        "capacity": 80,
        "address": "横浜市戸塚区戸塚町３４１７"
      }
    },
    {
      "type": "Feature",
      "geometry": {
        "type": "Point",
        "coordinates": [
          139.539948,
          35.511131
        ]
      },
      "properties": {
        "name": "わらべうた中山保育園",
        "capacity": 66,
        "address": "横浜市緑区中山５－１－２４"
      }
    },
    {
      "type": "Feature",
      "geometry": {
        "type": "Point",
        "coordinates": [
          139.597763,
          35.452168
        ]
      },
      "properties": {
        "name": "横浜市神戸保育園",
        "capacity": 105,
        "address": "横浜市保土ケ谷区神戸町１０４－２０"
      }
    },
    {
      "type": "Feature",
      "geometry": {
        "type": "Point",
        "coordinates": [
          139.633575,
          35.535233
        ]
      },
      "properties": {
        "name": "ウッズ保育園",
        "capacity": 60,
        "address": "横浜市港北区綱島西２－１－７"
      }
    },
    {
      "type": "Feature",
      "geometry": {
        "type": "Point",
        "coordinates": [
          139.593491,
          35.539471
        ]
      },
      "properties": {
        "name": "シープ保育所",
        "capacity": 60,
        "address": "横浜市都筑区新栄町２１－１２"
      }
    },
    {
      "type": "Feature",
      "geometry": {
        "type": "Point",
        "coordinates": [
          139.628174,
          35.482834
        ]
      },
      "properties": {
        "name": "いずみ東白楽保育園",
        "capacity": 70,
        "address": "横浜市神奈川区平川町３－６"
      }
    },
    {
      "type": "Feature",
      "geometry": {
        "type": "Point",
        "coordinates": [
          139.641022,
          35.557171
        ]
      },
      "properties": {
        "name": "太陽の子　日吉保育園",
        "capacity": 49,
        "address": "横浜市港北区日吉１－２１－５５"
      }
    },
    {
      "type": "Feature",
      "geometry": {
        "type": "Point",
        "coordinates": [
          139.62056,
          35.514488
        ]
      },
      "properties": {
        "name": "ペガサス夜間保育園",
        "capacity": 20,
        "address": "横浜市港北区新横浜３－２４－１４"
      }
    },
    {
      "type": "Feature",
      "geometry": {
        "type": "Point",
        "coordinates": [
          139.596527,
          35.454979
        ]
      },
      "properties": {
        "name": "合歓の木保育園",
        "capacity": 90,
        "address": "横浜市保土ケ谷区神戸町１４０－６"
      }
    },
    {
      "type": "Feature",
      "geometry": {
        "type": "Point",
        "coordinates": [
          139.569458,
          35.561787
        ]
      },
      "properties": {
        "name": "エンジェルプラネット",
        "capacity": 60,
        "address": "横浜市都筑区中川１－６－９"
      }
    },
    {
      "type": "Feature",
      "geometry": {
        "type": "Point",
        "coordinates": [
          139.580734,
          35.421337
        ]
      },
      "properties": {
        "name": "よこはま風の遊育園",
        "capacity": 75,
        "address": "横浜市南区六ツ川２－６８－１８"
      }
    },
    {
      "type": "Feature",
      "geometry": {
        "type": "Point",
        "coordinates": [
          139.572586,
          35.544209
        ]
      },
      "properties": {
        "name": "パレット保育園・センター南",
        "capacity": 40,
        "address": "横浜市都筑区茅ケ崎中央５－１"
      }
    },
    {
      "type": "Feature",
      "geometry": {
        "type": "Point",
        "coordinates": [
          139.508774,
          35.460686
        ]
      },
      "properties": {
        "name": "横浜あさひ中央保育園",
        "capacity": 90,
        "address": "横浜市旭区中希望が丘１４１－６"
      }
    },
    {
      "type": "Feature",
      "geometry": {
        "type": "Point",
        "coordinates": [
          139.597397,
          35.450336
        ]
      },
      "properties": {
        "name": "ゆめの樹保育園ほどがや",
        "capacity": 60,
        "address": "横浜市保土ケ谷区月見台４１－２２"
      }
    },
    {
      "type": "Feature",
      "geometry": {
        "type": "Point",
        "coordinates": [
          139.62999,
          35.477009
        ]
      },
      "properties": {
        "name": "たいせつ保育園",
        "capacity": 29,
        "address": "横浜市神奈川区二ツ谷町６－３"
      }
    },
    {
      "type": "Feature",
      "geometry": {
        "type": "Point",
        "coordinates": [
          139.644897,
          35.539387
        ]
      },
      "properties": {
        "name": "グローバルキッズ綱島園",
        "capacity": 120,
        "address": "横浜市港北区綱島東４－１１－３８"
      }
    },
    {
      "type": "Feature",
      "geometry": {
        "type": "Point",
        "coordinates": [
          139.638733,
          35.492504
        ]
      },
      "properties": {
        "name": "キッズパートナー妙蓮寺",
        "capacity": 50,
        "address": "横浜市神奈川区西大口４５２－６"
      }
    },
    {
      "type": "Feature",
      "geometry": {
        "type": "Point",
        "coordinates": [
          139.658157,
          35.438908
        ]
      },
      "properties": {
        "name": "新山下二丁目保育所",
        "capacity": 90,
        "address": "横浜市中区新山下２－３－１"
      }
    },
    {
      "type": "Feature",
      "geometry": {
        "type": "Point",
        "coordinates": [
          139.546066,
          35.422806
        ]
      },
      "properties": {
        "name": "銀杏保育園",
        "capacity": 60,
        "address": "横浜市戸塚区秋葉町１４７－１"
      }
    },
    {
      "type": "Feature",
      "geometry": {
        "type": "Point",
        "coordinates": [
          139.592453,
          35.447754
        ]
      },
      "properties": {
        "name": "霞台保育園",
        "capacity": 60,
        "address": "横浜市保土ケ谷区霞台４１－５"
      }
    },
    {
      "type": "Feature",
      "geometry": {
        "type": "Point",
        "coordinates": [
          139.634247,
          35.519802
        ]
      },
      "properties": {
        "name": "まめどくれっしゅ",
        "capacity": 54,
        "address": "横浜市港北区大豆戸町４０－３"
      }
    },
    {
      "type": "Feature",
      "geometry": {
        "type": "Point",
        "coordinates": [
          139.639282,
          35.361904
        ]
      },
      "properties": {
        "name": "ビアレ横浜スマイル保育園",
        "capacity": 45,
        "address": "横浜市金沢区並木２－１３－２"
      }
    },
    {
      "type": "Feature",
      "geometry": {
        "type": "Point",
        "coordinates": [
          139.57489,
          35.387836
        ]
      },
      "properties": {
        "name": "ＳＵＮはるかぜ保育園",
        "capacity": 60,
        "address": "横浜市港南区野庭町３４６－２（野庭すずかけ小学校内）"
      }
    },
    {
      "type": "Feature",
      "geometry": {
        "type": "Point",
        "coordinates": [
          139.537735,
          35.508667
        ]
      },
      "properties": {
        "name": "寺山保育園",
        "capacity": 130,
        "address": "横浜市緑区寺山町３５１"
      }
    },
    {
      "type": "Feature",
      "geometry": {
        "type": "Point",
        "coordinates": [
          139.492996,
          35.531998
        ]
      },
      "properties": {
        "name": "パレット保育園・長津田",
        "capacity": 40,
        "address": "横浜市緑区長津田４－１２"
      }
    },
    {
      "type": "Feature",
      "geometry": {
        "type": "Point",
        "coordinates": [
          139.499954,
          35.538994
        ]
      },
      "properties": {
        "name": "もみじ第二保育園",
        "capacity": 80,
        "address": "横浜市青葉区田奈町５１－１５"
      }
    },
    {
      "type": "Feature",
      "geometry": {
        "type": "Point",
        "coordinates": [
          139.597305,
          35.404549
        ]
      },
      "properties": {
        "name": "京急キッズランド上大岡保育園",
        "capacity": 60,
        "address": "横浜市港南区上大岡西３－１０－１７"
      }
    },
    {
      "type": "Feature",
      "geometry": {
        "type": "Point",
        "coordinates": [
          139.668961,
          35.508305
        ]
      },
      "properties": {
        "name": "總持寺保育園",
        "capacity": 330,
        "address": "横浜市鶴見区鶴見２－３－２９"
      }
    },
    {
      "type": "Feature",
      "geometry": {
        "type": "Point",
        "coordinates": [
          139.543839,
          35.543999
        ]
      },
      "properties": {
        "name": "市ヶ尾保育園",
        "capacity": 60,
        "address": "横浜市青葉区市ケ尾町５２４－１５"
      }
    },
    {
      "type": "Feature",
      "geometry": {
        "type": "Point",
        "coordinates": [
          139.624908,
          35.45657
        ]
      },
      "properties": {
        "name": "おはよう保育園　花咲町",
        "capacity": 58,
        "address": "横浜市西区花咲町６－１４３"
      }
    },
    {
      "type": "Feature",
      "geometry": {
        "type": "Point",
        "coordinates": [
          139.636124,
          35.509754
        ]
      },
      "properties": {
        "name": "菊名愛児園",
        "capacity": 115,
        "address": "横浜市港北区菊名４－５－１"
      }
    },
    {
      "type": "Feature",
      "geometry": {
        "type": "Point",
        "coordinates": [
          139.546646,
          35.558228
        ]
      },
      "properties": {
        "name": "スターチャイルド≪荏田北ナーサリー≫",
        "capacity": 60,
        "address": "横浜市青葉区荏田北１－１３－１４"
      }
    },
    {
      "type": "Feature",
      "geometry": {
        "type": "Point",
        "coordinates": [
          139.631897,
          35.512054
        ]
      },
      "properties": {
        "name": "グローバルキッズ菊名園",
        "capacity": 90,
        "address": "横浜市港北区菊名６－３－２０"
      }
    },
    {
      "type": "Feature",
      "geometry": {
        "type": "Point",
        "coordinates": [
          139.611267,
          35.464851
        ]
      },
      "properties": {
        "name": "キッズポケット木の葉保育園",
        "capacity": 60,
        "address": "横浜市西区浅間町１－１７－５"
      }
    },
    {
      "type": "Feature",
      "geometry": {
        "type": "Point",
        "coordinates": [
          139.591034,
          35.398449
        ]
      },
      "properties": {
        "name": "笹下保育園",
        "capacity": 100,
        "address": "横浜市港南区港南６－２－８"
      }
    },
    {
      "type": "Feature",
      "geometry": {
        "type": "Point",
        "coordinates": [
          139.596298,
          35.380909
        ]
      },
      "properties": {
        "name": "洋光台保育園",
        "capacity": 72,
        "address": "横浜市磯子区洋光台３－１８－２６"
      }
    },
    {
      "type": "Feature",
      "geometry": {
        "type": "Point",
        "coordinates": [
          139.655258,
          35.441978
        ]
      },
      "properties": {
        "name": "うみの風保育園",
        "capacity": 45,
        "address": "横浜市中区新山下１－４－１６"
      }
    },
    {
      "type": "Feature",
      "geometry": {
        "type": "Point",
        "coordinates": [
          139.602097,
          35.415749
        ]
      },
      "properties": {
        "name": "大岡おひさま保育園",
        "capacity": 40,
        "address": "横浜市南区大岡３－９－１６"
      }
    },
    {
      "type": "Feature",
      "geometry": {
        "type": "Point",
        "coordinates": [
          139.603394,
          35.441643
        ]
      },
      "properties": {
        "name": "横浜市岩井保育園",
        "capacity": 98,
        "address": "横浜市保土ケ谷区岩井町２３８"
      }
    },
    {
      "type": "Feature",
      "geometry": {
        "type": "Point",
        "coordinates": [
          139.52533,
          35.451874
        ]
      },
      "properties": {
        "name": "グローバルキッズ南万騎が原園",
        "capacity": 60,
        "address": "横浜市旭区柏町１２７"
      }
    },
    {
      "type": "Feature",
      "geometry": {
        "type": "Point",
        "coordinates": [
          139.578247,
          35.371948
        ]
      },
      "properties": {
        "name": "こどもっと保育園",
        "capacity": 30,
        "address": "横浜市港南区港南台５－５－１２"
      }
    },
    {
      "type": "Feature",
      "geometry": {
        "type": "Point",
        "coordinates": [
          139.597198,
          35.549427
        ]
      },
      "properties": {
        "name": "すくすく保育園",
        "capacity": 60,
        "address": "横浜市都筑区大棚町７４－１２"
      }
    },
    {
      "type": "Feature",
      "geometry": {
        "type": "Point",
        "coordinates": [
          139.549194,
          35.475224
        ]
      },
      "properties": {
        "name": "あっぷるキッズつるがみね",
        "capacity": 54,
        "address": "横浜市旭区鶴ケ峰２－３０－１"
      }
    },
    {
      "type": "Feature",
      "geometry": {
        "type": "Point",
        "coordinates": [
          139.522095,
          35.396286
        ]
      },
      "properties": {
        "name": "丘の上保育園",
        "capacity": 50,
        "address": "横浜市戸塚区汲沢１－２７－６"
      }
    },
    {
      "type": "Feature",
      "geometry": {
        "type": "Point",
        "coordinates": [
          139.643204,
          35.529808
        ]
      },
      "properties": {
        "name": "なあな保育園",
        "capacity": 90,
        "address": "横浜市港北区樽町３－６－３８"
      }
    },
    {
      "type": "Feature",
      "geometry": {
        "type": "Point",
        "coordinates": [
          139.631836,
          35.4161
        ]
      },
      "properties": {
        "name": "西町星の子保育園",
        "capacity": 60,
        "address": "横浜市磯子区西町１０－２"
      }
    },
    {
      "type": "Feature",
      "geometry": {
        "type": "Point",
        "coordinates": [
          139.611542,
          35.459156
        ]
      },
      "properties": {
        "name": "キッズポケット保育園",
        "capacity": 26,
        "address": "横浜市西区岡野２－５－１８"
      }
    },
    {
      "type": "Feature",
      "geometry": {
        "type": "Point",
        "coordinates": [
          139.618454,
          35.454422
        ]
      },
      "properties": {
        "name": "ウィズブック保育園戸部",
        "capacity": 60,
        "address": "横浜市西区伊勢町３－１３３－１"
      }
    },
    {
      "type": "Feature",
      "geometry": {
        "type": "Point",
        "coordinates": [
          139.653198,
          35.548363
        ]
      },
      "properties": {
        "name": "みらいく矢上園",
        "capacity": 60,
        "address": "横浜市港北区日吉５－１３－４"
      }
    },
    {
      "type": "Feature",
      "geometry": {
        "type": "Point",
        "coordinates": [
          139.683823,
          35.534199
        ]
      },
      "properties": {
        "name": "横浜矢向雲母保育園",
        "capacity": 59,
        "address": "横浜市鶴見区矢向４－２９－３４"
      }
    },
    {
      "type": "Feature",
      "geometry": {
        "type": "Point",
        "coordinates": [
          139.631973,
          35.431885
        ]
      },
      "properties": {
        "name": "中村愛児園",
        "capacity": 147,
        "address": "横浜市南区平楽１３３"
      }
    },
    {
      "type": "Feature",
      "geometry": {
        "type": "Point",
        "coordinates": [
          139.620728,
          35.438946
        ]
      },
      "properties": {
        "name": "京急キッズランド黄金町保育園",
        "capacity": 60,
        "address": "横浜市南区白金町１－２３－２番地先"
      }
    },
    {
      "type": "Feature",
      "geometry": {
        "type": "Point",
        "coordinates": [
          139.557297,
          35.516506
        ]
      },
      "properties": {
        "name": "ブライト保育園横浜佐江戸",
        "capacity": 60,
        "address": "横浜市都筑区佐江戸町２０８９－１"
      }
    },
    {
      "type": "Feature",
      "geometry": {
        "type": "Point",
        "coordinates": [
          139.615372,
          35.50378
        ]
      },
      "properties": {
        "name": "マーマしのはら西保育園",
        "capacity": 46,
        "address": "横浜市港北区篠原町３１１２－１６"
      }
    },
    {
      "type": "Feature",
      "geometry": {
        "type": "Point",
        "coordinates": [
          139.529922,
          35.401093
        ]
      },
      "properties": {
        "name": "みんなともだち保育園　戸塚第２",
        "capacity": 79,
        "address": "横浜市戸塚区戸塚町４８９０－１"
      }
    },
    {
      "type": "Feature",
      "geometry": {
        "type": "Point",
        "coordinates": [
          139.551895,
          35.486374
        ]
      },
      "properties": {
        "name": "横浜市白根保育園",
        "capacity": 78,
        "address": "横浜市旭区白根７－３１－３"
      }
    },
    {
      "type": "Feature",
      "geometry": {
        "type": "Point",
        "coordinates": [
          139.497574,
          35.530193
        ]
      },
      "properties": {
        "name": "スターチャイルド≪長津田ナーサリー≫",
        "capacity": 60,
        "address": "横浜市緑区長津田６－７－７"
      }
    },
    {
      "type": "Feature",
      "geometry": {
        "type": "Point",
        "coordinates": [
          139.637466,
          35.448818
        ]
      },
      "properties": {
        "name": "アスク馬車道保育園",
        "capacity": 90,
        "address": "横浜市中区南仲通４－４７"
      }
    },
    {
      "type": "Feature",
      "geometry": {
        "type": "Point",
        "coordinates": [
          139.607681,
          35.415878
        ]
      },
      "properties": {
        "name": "金剛保育園",
        "capacity": 120,
        "address": "横浜市磯子区岡村５－３－２０"
      }
    },
    {
      "type": "Feature",
      "geometry": {
        "type": "Point",
        "coordinates": [
          139.618713,
          35.477581
        ]
      },
      "properties": {
        "name": "いずみ松本町保育園",
        "capacity": 150,
        "address": "横浜市神奈川区松本町５－３７－２"
      }
    },
    {
      "type": "Feature",
      "geometry": {
        "type": "Point",
        "coordinates": [
          139.683655,
          35.523499
        ]
      },
      "properties": {
        "name": "市場保育園",
        "capacity": 104,
        "address": "横浜市鶴見区元宮１－１７－３３"
      }
    },
    {
      "type": "Feature",
      "geometry": {
        "type": "Point",
        "coordinates": [
          139.587067,
          35.534966
        ]
      },
      "properties": {
        "name": "わおわお仲町台保育園",
        "capacity": 100,
        "address": "横浜市都筑区仲町台５－６－１１"
      }
    },
    {
      "type": "Feature",
      "geometry": {
        "type": "Point",
        "coordinates": [
          139.549194,
          35.475224
        ]
      },
      "properties": {
        "name": "オハナ鶴ヶ峰保育園",
        "capacity": 84,
        "address": "横浜市旭区鶴ケ峰２－３０－１"
      }
    },
    {
      "type": "Feature",
      "geometry": {
        "type": "Point",
        "coordinates": [
          139.63089,
          35.514477
        ]
      },
      "properties": {
        "name": "光の園第二保育園　分園",
        "capacity": 69,
        "address": "横浜市港北区菊名６－１５－１４"
      }
    },
    {
      "type": "Feature",
      "geometry": {
        "type": "Point",
        "coordinates": [
          139.619324,
          35.403526
        ]
      },
      "properties": {
        "name": "キッズガーデン横浜磯子",
        "capacity": 72,
        "address": "横浜市磯子区磯子３－３－２２"
      }
    },
    {
      "type": "Feature",
      "geometry": {
        "type": "Point",
        "coordinates": [
          139.566147,
          35.510212
        ]
      },
      "properties": {
        "name": "スターチャイルド≪鴨居ナーサリー≫",
        "capacity": 63,
        "address": "横浜市緑区鴨居１－９－１４"
      }
    },
    {
      "type": "Feature",
      "geometry": {
        "type": "Point",
        "coordinates": [
          139.560135,
          35.426479
        ]
      },
      "properties": {
        "name": "ヴィラ東戸塚こども園",
        "capacity": 70,
        "address": "横浜市戸塚区平戸町７３８－１"
      }
    },
    {
      "type": "Feature",
      "geometry": {
        "type": "Point",
        "coordinates": [
          139.585419,
          35.563129
        ]
      },
      "properties": {
        "name": "アスク北山田保育園",
        "capacity": 79,
        "address": "横浜市都筑区北山田４－７－３"
      }
    },
    {
      "type": "Feature",
      "geometry": {
        "type": "Point",
        "coordinates": [
          139.631195,
          35.332523
        ]
      },
      "properties": {
        "name": "わかくさ保育園",
        "capacity": 60,
        "address": "横浜市金沢区平潟町１２－１"
      }
    },
    {
      "type": "Feature",
      "geometry": {
        "type": "Point",
        "coordinates": [
          139.516068,
          35.540623
        ]
      },
      "properties": {
        "name": "ベネッセ　青葉台保育園",
        "capacity": 70,
        "address": "横浜市青葉区榎が丘２－３"
      }
    },
    {
      "type": "Feature",
      "geometry": {
        "type": "Point",
        "coordinates": [
          139.648193,
          35.495869
        ]
      },
      "properties": {
        "name": "神ノ木保育園",
        "capacity": 204,
        "address": "横浜市神奈川区西寺尾３－２－１３"
      }
    },
    {
      "type": "Feature",
      "geometry": {
        "type": "Point",
        "coordinates": [
          139.651093,
          35.441307
        ]
      },
      "properties": {
        "name": "アメリカ山徳育こども園",
        "capacity": 90,
        "address": "横浜市中区元町１－１１－３"
      }
    },
    {
      "type": "Feature",
      "geometry": {
        "type": "Point",
        "coordinates": [
          139.629318,
          35.536961
        ]
      },
      "properties": {
        "name": "にじいろ保育園綱島",
        "capacity": 56,
        "address": "横浜市港北区綱島西３－４－８"
      }
    },
    {
      "type": "Feature",
      "geometry": {
        "type": "Point",
        "coordinates": [
          139.624847,
          35.328285
        ]
      },
      "properties": {
        "name": "ゆめ和柳町ほいくえん",
        "capacity": 60,
        "address": "横浜市金沢区柳町１－１３"
      }
    },
    {
      "type": "Feature",
      "geometry": {
        "type": "Point",
        "coordinates": [
          139.630814,
          35.520519
        ]
      },
      "properties": {
        "name": "明日葉保育園大倉山園",
        "capacity": 60,
        "address": "横浜市港北区大倉山１－１５－２１"
      }
    },
    {
      "type": "Feature",
      "geometry": {
        "type": "Point",
        "coordinates": [
          139.539749,
          35.516045
        ]
      },
      "properties": {
        "name": "やまゆり中山保育園分園",
        "capacity": 20,
        "address": "横浜市緑区中山１－２１－５"
      }
    },
    {
      "type": "Feature",
      "geometry": {
        "type": "Point",
        "coordinates": [
          139.584106,
          35.460945
        ]
      },
      "properties": {
        "name": "ポポラー横浜和田町園",
        "capacity": 60,
        "address": "横浜市保土ケ谷区仏向町８４５－１５"
      }
    },
    {
      "type": "Feature",
      "geometry": {
        "type": "Point",
        "coordinates": [
          139.622177,
          35.436722
        ]
      },
      "properties": {
        "name": "クラ・ゼミ保育園　吉野町",
        "capacity": 43,
        "address": "横浜市南区吉野町１－１－５"
      }
    },
    {
      "type": "Feature",
      "geometry": {
        "type": "Point",
        "coordinates": [
          139.618317,
          35.340996
        ]
      },
      "properties": {
        "name": "横浜市釜利谷保育園",
        "capacity": 65,
        "address": "横浜市金沢区釜利谷東１－１－３"
      }
    },
    {
      "type": "Feature",
      "geometry": {
        "type": "Point",
        "coordinates": [
          139.550537,
          35.561573
        ]
      },
      "properties": {
        "name": "スターチャイルド≪江田ナーサリー≫",
        "capacity": 30,
        "address": "横浜市青葉区あざみ野南２－４－７"
      }
    },
    {
      "type": "Feature",
      "geometry": {
        "type": "Point",
        "coordinates": [
          139.608322,
          35.429527
        ]
      },
      "properties": {
        "name": "小さな足あと保育園",
        "capacity": 75,
        "address": "横浜市南区宿町４－７５－１"
      }
    },
    {
      "type": "Feature",
      "geometry": {
        "type": "Point",
        "coordinates": [
          139.547577,
          35.415874
        ]
      },
      "properties": {
        "name": "柏尾スマイル保育園",
        "capacity": 60,
        "address": "横浜市戸塚区柏尾町９０９－１"
      }
    },
    {
      "type": "Feature",
      "geometry": {
        "type": "Point",
        "coordinates": [
          139.539948,
          35.385639
        ]
      },
      "properties": {
        "name": "あけぼの保育園",
        "capacity": 70,
        "address": "横浜市戸塚区下倉田町５９６"
      }
    },
    {
      "type": "Feature",
      "geometry": {
        "type": "Point",
        "coordinates": [
          139.612457,
          35.507984
        ]
      },
      "properties": {
        "name": "ベネッセ　新横浜保育園",
        "capacity": 60,
        "address": "横浜市港北区新横浜２－１１"
      }
    },
    {
      "type": "Feature",
      "geometry": {
        "type": "Point",
        "coordinates": [
          139.518173,
          35.521576
        ]
      },
      "properties": {
        "name": "ポピンズナーサリースクール横浜十日市場",
        "capacity": 60,
        "address": "横浜市緑区十日市場町１２５８－９２"
      }
    },
    {
      "type": "Feature",
      "geometry": {
        "type": "Point",
        "coordinates": [
          139.665405,
          35.416683
        ]
      },
      "properties": {
        "name": "高風保育園",
        "capacity": 118,
        "address": "横浜市中区本牧元町７２－１"
      }
    },
    {
      "type": "Feature",
      "geometry": {
        "type": "Point",
        "coordinates": [
          139.538651,
          35.519684
        ]
      },
      "properties": {
        "name": "小山保育園",
        "capacity": 100,
        "address": "横浜市緑区小山町２９２"
      }
    },
    {
      "type": "Feature",
      "geometry": {
        "type": "Point",
        "coordinates": [
          139.565369,
          35.479328
        ]
      },
      "properties": {
        "name": "えぶちにしや園",
        "capacity": 44,
        "address": "横浜市保土ケ谷区西谷町９０９－１"
      }
    },
    {
      "type": "Feature",
      "geometry": {
        "type": "Point",
        "coordinates": [
          139.542542,
          35.487637
        ]
      },
      "properties": {
        "name": "グローバルキッズ白根保育園",
        "capacity": 60,
        "address": "横浜市旭区白根５－１３－１"
      }
    },
    {
      "type": "Feature",
      "geometry": {
        "type": "Point",
        "coordinates": [
          139.622726,
          35.458904
        ]
      },
      "properties": {
        "name": "グリーンポート桜木町保育園",
        "capacity": 80,
        "address": "横浜市西区桜木町７－４２"
      }
    },
    {
      "type": "Feature",
      "geometry": {
        "type": "Point",
        "coordinates": [
          139.654861,
          35.545834
        ]
      },
      "properties": {
        "name": "ブライト保育園横浜日吉",
        "capacity": 60,
        "address": "横浜市港北区日吉５－２１－１"
      }
    },
    {
      "type": "Feature",
      "geometry": {
        "type": "Point",
        "coordinates": [
          139.570526,
          35.472126
        ]
      },
      "properties": {
        "name": "川島保育園",
        "capacity": 60,
        "address": "横浜市保土ケ谷区川島町８７０"
      }
    },
    {
      "type": "Feature",
      "geometry": {
        "type": "Point",
        "coordinates": [
          139.557953,
          35.453804
        ]
      },
      "properties": {
        "name": "プチアンジュ保育園",
        "capacity": 90,
        "address": "横浜市保土ケ谷区今井町５０２－５"
      }
    },
    {
      "type": "Feature",
      "geometry": {
        "type": "Point",
        "coordinates": [
          139.566925,
          35.409271
        ]
      },
      "properties": {
        "name": "チェリーガーデン保育園",
        "capacity": 90,
        "address": "横浜市港南区下永谷２－７－２４"
      }
    },
    {
      "type": "Feature",
      "geometry": {
        "type": "Point",
        "coordinates": [
          139.62854,
          35.488167
        ]
      },
      "properties": {
        "name": "白楽あいいく保育園",
        "capacity": 90,
        "address": "横浜市神奈川区白楽１００－５"
      }
    },
    {
      "type": "Feature",
      "geometry": {
        "type": "Point",
        "coordinates": [
          139.611984,
          35.396633
        ]
      },
      "properties": {
        "name": "森幼児園",
        "capacity": 70,
        "address": "横浜市磯子区森２－１５－４６"
      }
    },
    {
      "type": "Feature",
      "geometry": {
        "type": "Point",
        "coordinates": [
          139.587677,
          35.410191
        ]
      },
      "properties": {
        "name": "横浜市大久保保育園",
        "capacity": 106,
        "address": "横浜市港南区大久保２－２８－２７"
      }
    },
    {
      "type": "Feature",
      "geometry": {
        "type": "Point",
        "coordinates": [
          139.508514,
          35.545803
        ]
      },
      "properties": {
        "name": "もみじ保育園",
        "capacity": 160,
        "address": "横浜市青葉区松風台１８－１０"
      }
    },
    {
      "type": "Feature",
      "geometry": {
        "type": "Point",
        "coordinates": [
          139.648209,
          35.543148
        ]
      },
      "properties": {
        "name": "アスク日吉東保育園",
        "capacity": 80,
        "address": "横浜市港北区日吉７－２０－４４"
      }
    },
    {
      "type": "Feature",
      "geometry": {
        "type": "Point",
        "coordinates": [
          139.551422,
          35.566933
        ]
      },
      "properties": {
        "name": "アスクあざみ野保育園",
        "capacity": 60,
        "address": "横浜市青葉区あざみ野２－８－１３"
      }
    },
    {
      "type": "Feature",
      "geometry": {
        "type": "Point",
        "coordinates": [
          139.587875,
          35.55722
        ]
      },
      "properties": {
        "name": "ナーサリーつづき",
        "capacity": 137,
        "address": "横浜市都筑区南山田２－２６－８"
      }
    },
    {
      "type": "Feature",
      "geometry": {
        "type": "Point",
        "coordinates": [
          139.579391,
          35.42836
        ]
      },
      "properties": {
        "name": "六ツ川台保育園",
        "capacity": 60,
        "address": "横浜市南区六ツ川３－７８－１０"
      }
    },
    {
      "type": "Feature",
      "geometry": {
        "type": "Point",
        "coordinates": [
          139.671753,
          35.501991
        ]
      },
      "properties": {
        "name": "鶴見乳幼児福祉センター保育園",
        "capacity": 118,
        "address": "横浜市鶴見区鶴見１－３－１６"
      }
    },
    {
      "type": "Feature",
      "geometry": {
        "type": "Point",
        "coordinates": [
          139.570557,
          35.563004
        ]
      },
      "properties": {
        "name": "中川こども園",
        "capacity": 80,
        "address": "横浜市都筑区中川１－１９－１"
      }
    },
    {
      "type": "Feature",
      "geometry": {
        "type": "Point",
        "coordinates": [
          139.638504,
          35.530067
        ]
      },
      "properties": {
        "name": "ぶれすと綱島ほいくえん",
        "capacity": 60,
        "address": "横浜市港北区樽町２－３－１"
      }
    },
    {
      "type": "Feature",
      "geometry": {
        "type": "Point",
        "coordinates": [
          139.559738,
          35.426701
        ]
      },
      "properties": {
        "name": "ちゃいれっく東戸塚駅前保育園",
        "capacity": 60,
        "address": "横浜市戸塚区品濃町５１０－４"
      }
    },
    {
      "type": "Feature",
      "geometry": {
        "type": "Point",
        "coordinates": [
          139.617615,
          35.435982
        ]
      },
      "properties": {
        "name": "横浜みなみ薫保育園",
        "capacity": 72,
        "address": "横浜市南区山王町４－２５"
      }
    },
    {
      "type": "Feature",
      "geometry": {
        "type": "Point",
        "coordinates": [
          139.581757,
          35.560379
        ]
      },
      "properties": {
        "name": "つづき保育園",
        "capacity": 120,
        "address": "横浜市都筑区牛久保１－２２－１７"
      }
    },
    {
      "type": "Feature",
      "geometry": {
        "type": "Point",
        "coordinates": [
          139.617416,
          35.345222
        ]
      },
      "properties": {
        "name": "アイン金沢文庫保育園",
        "capacity": 79,
        "address": "横浜市金沢区釜利谷東２－１９－３５"
      }
    },
    {
      "type": "Feature",
      "geometry": {
        "type": "Point",
        "coordinates": [
          139.626877,
          35.550507
        ]
      },
      "properties": {
        "name": "日吉夢保育園",
        "capacity": 124,
        "address": "横浜市港北区日吉本町５－７４－１"
      }
    },
    {
      "type": "Feature",
      "geometry": {
        "type": "Point",
        "coordinates": [
          139.529739,
          35.509933
        ]
      },
      "properties": {
        "name": "小学館アカデミーなかやま保育園",
        "capacity": 60,
        "address": "横浜市緑区台村町３９９"
      }
    },
    {
      "type": "Feature",
      "geometry": {
        "type": "Point",
        "coordinates": [
          139.516495,
          35.523216
        ]
      },
      "properties": {
        "name": "十日市場こども園",
        "capacity": 60,
        "address": "横浜市緑区十日市場８４８－１"
      }
    },
    {
      "type": "Feature",
      "geometry": {
        "type": "Point",
        "coordinates": [
          139.63028,
          35.507881
        ]
      },
      "properties": {
        "name": "菊名こども園",
        "capacity": 50,
        "address": "横浜市港北区錦が丘１９－１８"
      }
    },
    {
      "type": "Feature",
      "geometry": {
        "type": "Point",
        "coordinates": [
          139.629669,
          35.520771
        ]
      },
      "properties": {
        "name": "おおくらやまえきまえのぞみ保育園",
        "capacity": 70,
        "address": "横浜市港北区大倉山３－５－１６"
      }
    },
    {
      "type": "Feature",
      "geometry": {
        "type": "Point",
        "coordinates": [
          139.615692,
          35.442642
        ]
      },
      "properties": {
        "name": "横浜市三春台保育園",
        "capacity": 74,
        "address": "横浜市南区三春台１０７"
      }
    },
    {
      "type": "Feature",
      "geometry": {
        "type": "Point",
        "coordinates": [
          139.631927,
          35.456959
        ]
      },
      "properties": {
        "name": "ポピンズナーサリースクールみなとみらい",
        "capacity": 50,
        "address": "横浜市西区みなとみらい３－５－１"
      }
    },
    {
      "type": "Feature",
      "geometry": {
        "type": "Point",
        "coordinates": [
          139.512329,
          35.522228
        ]
      },
      "properties": {
        "name": "横浜市十日市場保育園",
        "capacity": 122,
        "address": "横浜市緑区十日市場町１２９６"
      }
    },
    {
      "type": "Feature",
      "geometry": {
        "type": "Point",
        "coordinates": [
          139.619171,
          35.385727
        ]
      },
      "properties": {
        "name": "新杉田のびのび保育園",
        "capacity": 120,
        "address": "横浜市磯子区杉田１－１－１"
      }
    },
    {
      "type": "Feature",
      "geometry": {
        "type": "Point",
        "coordinates": [
          139.646332,
          35.541641
        ]
      },
      "properties": {
        "name": "テンダーラビング保育園綱島東",
        "capacity": 60,
        "address": "横浜市港北区綱島東４－１０－３４"
      }
    },
    {
      "type": "Feature",
      "geometry": {
        "type": "Point",
        "coordinates": [
          139.54808,
          35.462589
        ]
      },
      "properties": {
        "name": "横浜市左近山保育園",
        "capacity": 120,
        "address": "横浜市旭区左近山１９９７"
      }
    },
    {
      "type": "Feature",
      "geometry": {
        "type": "Point",
        "coordinates": [
          139.61322,
          35.370129
        ]
      },
      "properties": {
        "name": "つくしんぼ保育園",
        "capacity": 48,
        "address": "横浜市磯子区杉田９－１－５０"
      }
    },
    {
      "type": "Feature",
      "geometry": {
        "type": "Point",
        "coordinates": [
          139.626358,
          35.434162
        ]
      },
      "properties": {
        "name": "みなみマーノ保育園",
        "capacity": 90,
        "address": "横浜市南区浦舟町３－４４－３"
      }
    },
    {
      "type": "Feature",
      "geometry": {
        "type": "Point",
        "coordinates": [
          139.560516,
          35.435169
        ]
      },
      "properties": {
        "name": "アートチャイルドケア東戸塚",
        "capacity": 90,
        "address": "横浜市戸塚区品濃町５５７－１"
      }
    },
    {
      "type": "Feature",
      "geometry": {
        "type": "Point",
        "coordinates": [
          139.616257,
          35.317978
        ]
      },
      "properties": {
        "name": "ゆめ和ほいくえん",
        "capacity": 60,
        "address": "横浜市金沢区六浦東３－１２－１"
      }
    },
    {
      "type": "Feature",
      "geometry": {
        "type": "Point",
        "coordinates": [
          139.59584,
          35.414764
        ]
      },
      "properties": {
        "name": "アスクさいど保育園",
        "capacity": 70,
        "address": "横浜市港南区最戸１－１６－３"
      }
    },
    {
      "type": "Feature",
      "geometry": {
        "type": "Point",
        "coordinates": [
          139.67334,
          35.537304
        ]
      },
      "properties": {
        "name": "新鶴見はなかご保育園",
        "capacity": 60,
        "address": "横浜市鶴見区江ケ崎町１７－８"
      }
    },
    {
      "type": "Feature",
      "geometry": {
        "type": "Point",
        "coordinates": [
          139.53035,
          35.401978
        ]
      },
      "properties": {
        "name": "戸塚ほしの木保育園",
        "capacity": 50,
        "address": "横浜市戸塚区戸塚町４７９０－６"
      }
    },
    {
      "type": "Feature",
      "geometry": {
        "type": "Point",
        "coordinates": [
          139.614166,
          35.433281
        ]
      },
      "properties": {
        "name": "小学館アカデミーまいた保育園",
        "capacity": 50,
        "address": "横浜市南区宮元町１－１５－１"
      }
    },
    {
      "type": "Feature",
      "geometry": {
        "type": "Point",
        "coordinates": [
          139.512695,
          35.537231
        ]
      },
      "properties": {
        "name": "しらとり台保育園",
        "capacity": 90,
        "address": "横浜市青葉区しらとり台１７－５８"
      }
    },
    {
      "type": "Feature",
      "geometry": {
        "type": "Point",
        "coordinates": [
          139.590393,
          35.457199
        ]
      },
      "properties": {
        "name": "明神台保育園",
        "capacity": 124,
        "address": "横浜市保土ケ谷区明神台５－１"
      }
    },
    {
      "type": "Feature",
      "geometry": {
        "type": "Point",
        "coordinates": [
          139.57135,
          35.423542
        ]
      },
      "properties": {
        "name": "六ツ川西保育園",
        "capacity": 102,
        "address": "横浜市南区六ツ川４－１１５７－２"
      }
    },
    {
      "type": "Feature",
      "geometry": {
        "type": "Point",
        "coordinates": [
          139.599274,
          35.407269
        ]
      },
      "properties": {
        "name": "横浜市上大岡東保育園",
        "capacity": 82,
        "address": "横浜市港南区上大岡東１－１８－１８"
      }
    },
    {
      "type": "Feature",
      "geometry": {
        "type": "Point",
        "coordinates": [
          139.629486,
          35.510098
        ]
      },
      "properties": {
        "name": "光の園保育園",
        "capacity": 33,
        "address": "横浜市港北区篠原北２－４－９"
      }
    },
    {
      "type": "Feature",
      "geometry": {
        "type": "Point",
        "coordinates": [
          139.563538,
          35.441757
        ]
      },
      "properties": {
        "name": "境木保育園",
        "capacity": 70,
        "address": "横浜市保土ケ谷区境木町７５－８２"
      }
    },
    {
      "type": "Feature",
      "geometry": {
        "type": "Point",
        "coordinates": [
          139.623718,
          35.525364
        ]
      },
      "properties": {
        "name": "たんぽぽ保育園",
        "capacity": 30,
        "address": "横浜市港北区大倉山５－４０－１５"
      }
    },
    {
      "type": "Feature",
      "geometry": {
        "type": "Point",
        "coordinates": [
          139.494644,
          35.427731
        ]
      },
      "properties": {
        "name": "横浜市和泉保育園",
        "capacity": 107,
        "address": "横浜市泉区和泉町５７３１－６"
      }
    },
    {
      "type": "Feature",
      "geometry": {
        "type": "Point",
        "coordinates": [
          139.674484,
          35.512554
        ]
      },
      "properties": {
        "name": "豊岡ひまわり保育園",
        "capacity": 60,
        "address": "横浜市鶴見区豊岡町３５－２６"
      }
    },
    {
      "type": "Feature",
      "geometry": {
        "type": "Point",
        "coordinates": [
          139.61853,
          35.343002
        ]
      },
      "properties": {
        "name": "マミーズエンジェル金沢文庫駅前保育園",
        "capacity": 60,
        "address": "横浜市金沢区釜利谷東２－１４－３"
      }
    },
    {
      "type": "Feature",
      "geometry": {
        "type": "Point",
        "coordinates": [
          139.601028,
          35.433632
        ]
      },
      "properties": {
        "name": "京急キッズランド井土ケ谷駅保育園",
        "capacity": 60,
        "address": "横浜市南区井土ケ谷中町１６１"
      }
    },
    {
      "type": "Feature",
      "geometry": {
        "type": "Point",
        "coordinates": [
          139.520905,
          35.555683
        ]
      },
      "properties": {
        "name": "りんどう保育園",
        "capacity": 80,
        "address": "横浜市青葉区みたけ台３２－１９"
      }
    },
    {
      "type": "Feature",
      "geometry": {
        "type": "Point",
        "coordinates": [
          139.606888,
          35.455181
        ]
      },
      "properties": {
        "name": "ムーミン保育園",
        "capacity": 60,
        "address": "横浜市西区南浅間町２６－２１"
      }
    },
    {
      "type": "Feature",
      "geometry": {
        "type": "Point",
        "coordinates": [
          139.565369,
          35.479328
        ]
      },
      "properties": {
        "name": "西谷保育園分園　きらり保育園",
        "capacity": 23,
        "address": "横浜市保土ケ谷区西谷町７９９－１"
      }
    },
    {
      "type": "Feature",
      "geometry": {
        "type": "Point",
        "coordinates": [
          139.573654,
          35.516689
        ]
      },
      "properties": {
        "name": "クオリスキッズ鴨居駅前保育園",
        "capacity": 60,
        "address": "横浜市都筑区池辺町４５７８－１"
      }
    },
    {
      "type": "Feature",
      "geometry": {
        "type": "Point",
        "coordinates": [
          139.651947,
          35.443325
        ]
      },
      "properties": {
        "name": "うちゅう保育園やました",
        "capacity": 50,
        "address": "横浜市中区山下町１８－３"
      }
    },
    {
      "type": "Feature",
      "geometry": {
        "type": "Point",
        "coordinates": [
          139.629517,
          35.483852
        ]
      },
      "properties": {
        "name": "めばえ横浜保育園",
        "capacity": 150,
        "address": "横浜市神奈川区白楽６－８"
      }
    },
    {
      "type": "Feature",
      "geometry": {
        "type": "Point",
        "coordinates": [
          139.613861,
          35.487022
        ]
      },
      "properties": {
        "name": "ポピンズナーサリースクール片倉町",
        "capacity": 60,
        "address": "横浜市神奈川区神大寺４－１６－６"
      }
    },
    {
      "type": "Feature",
      "geometry": {
        "type": "Point",
        "coordinates": [
          139.502441,
          35.531673
        ]
      },
      "properties": {
        "name": "明日葉保育園長津田園",
        "capacity": 60,
        "address": "横浜市緑区長津田１－１８－１１"
      }
    },
    {
      "type": "Feature",
      "geometry": {
        "type": "Point",
        "coordinates": [
          139.614716,
          35.398605
        ]
      },
      "properties": {
        "name": "太陽の子　磯子第二保育園",
        "capacity": 48,
        "address": "横浜市磯子区森２－４－８"
      }
    },
    {
      "type": "Feature",
      "geometry": {
        "type": "Point",
        "coordinates": [
          139.51535,
          35.480072
        ]
      },
      "properties": {
        "name": "ひまわり愛児園",
        "capacity": 100,
        "address": "横浜市旭区金が谷５２１"
      }
    },
    {
      "type": "Feature",
      "geometry": {
        "type": "Point",
        "coordinates": [
          139.614594,
          35.491974
        ]
      },
      "properties": {
        "name": "あおぞら保育園",
        "capacity": 120,
        "address": "横浜市神奈川区六角橋５－３５－１５"
      }
    },
    {
      "type": "Feature",
      "geometry": {
        "type": "Point",
        "coordinates": [
          139.595428,
          35.46064
        ]
      },
      "properties": {
        "name": "ＧＥＮＫＩＤＳ星川保育園",
        "capacity": 50,
        "address": "横浜市保土ケ谷区川辺町２－５"
      }
    },
    {
      "type": "Feature",
      "geometry": {
        "type": "Point",
        "coordinates": [
          139.611481,
          35.325356
        ]
      },
      "properties": {
        "name": "横浜市南六浦保育園",
        "capacity": 135,
        "address": "横浜市金沢区六浦５－２０－１"
      }
    },
    {
      "type": "Feature",
      "geometry": {
        "type": "Point",
        "coordinates": [
          139.678421,
          35.521549
        ]
      },
      "properties": {
        "name": "ねむの樹　元宮保育園",
        "capacity": 120,
        "address": "横浜市鶴見区元宮２－５－２８"
      }
    },
    {
      "type": "Feature",
      "geometry": {
        "type": "Point",
        "coordinates": [
          139.617691,
          35.532879
        ]
      },
      "properties": {
        "name": "スターチャイルド≪新吉田ナーサリー≫",
        "capacity": 60,
        "address": "横浜市港北区新吉田東７－２８－１"
      }
    },
    {
      "type": "Feature",
      "geometry": {
        "type": "Point",
        "coordinates": [
          139.544525,
          35.518677
        ]
      },
      "properties": {
        "name": "中山こども園",
        "capacity": 60,
        "address": "横浜市緑区青砥町１１３０－１"
      }
    },
    {
      "type": "Feature",
      "geometry": {
        "type": "Point",
        "coordinates": [
          139.551727,
          35.558414
        ]
      },
      "properties": {
        "name": "にじいろ保育園江田",
        "capacity": 54,
        "address": "横浜市青葉区荏田町２３６１－３"
      }
    },
    {
      "type": "Feature",
      "geometry": {
        "type": "Point",
        "coordinates": [
          139.548569,
          35.580914
        ]
      },
      "properties": {
        "name": "ニチイキッズ美しが丘保育園",
        "capacity": 90,
        "address": "横浜市青葉区美しが丘４－２４－２"
      }
    },
    {
      "type": "Feature",
      "geometry": {
        "type": "Point",
        "coordinates": [
          139.483963,
          35.471012
        ]
      },
      "properties": {
        "name": "ＧＥＮＫＩＤＳ瀬谷保育園",
        "capacity": 60,
        "address": "横浜市瀬谷区中央１－４"
      }
    },
    {
      "type": "Feature",
      "geometry": {
        "type": "Point",
        "coordinates": [
          139.676743,
          35.507988
        ]
      },
      "properties": {
        "name": "Ｐ’ｓスマイル保育園",
        "capacity": 54,
        "address": "横浜市鶴見区鶴見中央１－１－１"
      }
    },
    {
      "type": "Feature",
      "geometry": {
        "type": "Point",
        "coordinates": [
          139.572647,
          35.525085
        ]
      },
      "properties": {
        "name": "池辺保育園",
        "capacity": 80,
        "address": "横浜市都筑区池辺町２８８５"
      }
    },
    {
      "type": "Feature",
      "geometry": {
        "type": "Point",
        "coordinates": [
          139.547592,
          35.550934
        ]
      },
      "properties": {
        "name": "ピッピ保育園",
        "capacity": 28,
        "address": "横浜市青葉区荏田西３－１－１９"
      }
    },
    {
      "type": "Feature",
      "geometry": {
        "type": "Point",
        "coordinates": [
          139.561279,
          35.578259
        ]
      },
      "properties": {
        "name": "横浜市美しが丘保育園",
        "capacity": 111,
        "address": "横浜市青葉区美しが丘２－２－１"
      }
    },
    {
      "type": "Feature",
      "geometry": {
        "type": "Point",
        "coordinates": [
          139.629242,
          35.453564
        ]
      },
      "properties": {
        "name": "スターチャイルド≪桜木町ステーションナーサリー≫",
        "capacity": 49,
        "address": "横浜市中区桜木町１－１－９３"
      }
    },
    {
      "type": "Feature",
      "geometry": {
        "type": "Point",
        "coordinates": [
          139.628357,
          35.336124
        ]
      },
      "properties": {
        "name": "金沢愛児園",
        "capacity": 120,
        "address": "横浜市金沢区町屋町１６－２３"
      }
    },
    {
      "type": "Feature",
      "geometry": {
        "type": "Point",
        "coordinates": [
          139.623352,
          35.462654
        ]
      },
      "properties": {
        "name": "横浜みなとみらい保育園",
        "capacity": 120,
        "address": "横浜市西区高島２－７－１"
      }
    },
    {
      "type": "Feature",
      "geometry": {
        "type": "Point",
        "coordinates": [
          139.56076,
          35.575279
        ]
      },
      "properties": {
        "name": "たまプラーザもみじ保育園",
        "capacity": 120,
        "address": "横浜市青葉区新石川３－１７－１"
      }
    },
    {
      "type": "Feature",
      "geometry": {
        "type": "Point",
        "coordinates": [
          139.612381,
          35.389347
        ]
      },
      "properties": {
        "name": "キッズパートナー磯子中原",
        "capacity": 50,
        "address": "横浜市磯子区中原３－３－１１"
      }
    },
    {
      "type": "Feature",
      "geometry": {
        "type": "Point",
        "coordinates": [
          139.685593,
          35.499477
        ]
      },
      "properties": {
        "name": "みつる保育園",
        "capacity": 119,
        "address": "横浜市鶴見区本町通４－１７５－３"
      }
    },
    {
      "type": "Feature",
      "geometry": {
        "type": "Point",
        "coordinates": [
          139.609344,
          35.527622
        ]
      },
      "properties": {
        "name": "オハナ新羽保育園",
        "capacity": 88,
        "address": "横浜市港北区新羽町１６８５－２"
      }
    },
    {
      "type": "Feature",
      "geometry": {
        "type": "Point",
        "coordinates": [
          139.499847,
          35.374958
        ]
      },
      "properties": {
        "name": "聖母の園保育園",
        "capacity": 100,
        "address": "横浜市戸塚区原宿４－３５－４"
      }
    },
    {
      "type": "Feature",
      "geometry": {
        "type": "Point",
        "coordinates": [
          139.605988,
          35.496922
        ]
      },
      "properties": {
        "name": "アイン三枚町保育園",
        "capacity": 78,
        "address": "横浜市神奈川区三枚町３１－１"
      }
    },
    {
      "type": "Feature",
      "geometry": {
        "type": "Point",
        "coordinates": [
          139.642319,
          35.53804
        ]
      },
      "properties": {
        "name": "マイ・ハート綱島東保育園",
        "capacity": 60,
        "address": "横浜市港北区綱島東３－４－３２"
      }
    },
    {
      "type": "Feature",
      "geometry": {
        "type": "Point",
        "coordinates": [
          139.674011,
          35.529678
        ]
      },
      "properties": {
        "name": "ミアヘルサ保育園ひびき矢向",
        "capacity": 60,
        "address": "横浜市鶴見区矢向１－１０－３１"
      }
    },
    {
      "type": "Feature",
      "geometry": {
        "type": "Point",
        "coordinates": [
          139.650848,
          35.53281
        ]
      },
      "properties": {
        "name": "明日葉保育園駒岡園",
        "capacity": 60,
        "address": "横浜市鶴見区駒岡５－２－２２"
      }
    },
    {
      "type": "Feature",
      "geometry": {
        "type": "Point",
        "coordinates": [
          139.591797,
          35.534336
        ]
      },
      "properties": {
        "name": "なかまちっこ　ゆめ園",
        "capacity": 18,
        "address": "横浜市都筑区仲町台１－１４－３０"
      }
    },
    {
      "type": "Feature",
      "geometry": {
        "type": "Point",
        "coordinates": [
          139.648026,
          35.445045
        ]
      },
      "properties": {
        "name": "アスク山下町保育園",
        "capacity": 60,
        "address": "横浜市中区山下町２７"
      }
    },
    {
      "type": "Feature",
      "geometry": {
        "type": "Point",
        "coordinates": [
          139.620926,
          35.476326
        ]
      },
      "properties": {
        "name": "アイン松本町保育園",
        "capacity": 79,
        "address": "横浜市神奈川区松本町３－２７－８"
      }
    },
    {
      "type": "Feature",
      "geometry": {
        "type": "Point",
        "coordinates": [
          139.678223,
          35.512367
        ]
      },
      "properties": {
        "name": "横浜市鶴見保育園",
        "capacity": 96,
        "address": "横浜市鶴見区鶴見中央２－１０－７"
      }
    },
    {
      "type": "Feature",
      "geometry": {
        "type": "Point",
        "coordinates": [
          139.542145,
          35.4044
        ]
      },
      "properties": {
        "name": "グローバルキッズ戸塚吉田町保育園",
        "capacity": 105,
        "address": "横浜市戸塚区吉田町１０４－２"
      }
    },
    {
      "type": "Feature",
      "geometry": {
        "type": "Point",
        "coordinates": [
          139.620575,
          35.47057
        ]
      },
      "properties": {
        "name": "アイン高島台保育園",
        "capacity": 60,
        "address": "横浜市神奈川区高島台２７－１"
      }
    },
    {
      "type": "Feature",
      "geometry": {
        "type": "Point",
        "coordinates": [
          139.610489,
          35.392197
        ]
      },
      "properties": {
        "name": "屏風ヶ浦保育園",
        "capacity": 90,
        "address": "横浜市磯子区森６－３－３３"
      }
    },
    {
      "type": "Feature",
      "geometry": {
        "type": "Point",
        "coordinates": [
          139.575989,
          35.405647
        ]
      },
      "properties": {
        "name": "上永谷保育園",
        "capacity": 68,
        "address": "横浜市港南区上永谷１－３５－４１"
      }
    },
    {
      "type": "Feature",
      "geometry": {
        "type": "Point",
        "coordinates": [
          139.672531,
          35.510563
        ]
      },
      "properties": {
        "name": "フェアリーテイルつばさ分園",
        "capacity": 42,
        "address": "横浜市鶴見区寺谷一丁目３番２号"
      }
    },
    {
      "type": "Feature",
      "geometry": {
        "type": "Point",
        "coordinates": [
          139.49086,
          35.402401
        ]
      },
      "properties": {
        "name": "ふたば保育園",
        "capacity": 120,
        "address": "横浜市泉区和泉町１３６８"
      }
    },
    {
      "type": "Feature",
      "geometry": {
        "type": "Point",
        "coordinates": [
          139.490479,
          35.455353
        ]
      },
      "properties": {
        "name": "鳩の森愛の詩　宮沢保育園",
        "capacity": 66,
        "address": "横浜市瀬谷区宮沢２－２６－２"
      }
    },
    {
      "type": "Feature",
      "geometry": {
        "type": "Point",
        "coordinates": [
          139.619919,
          35.351734
        ]
      },
      "properties": {
        "name": "きらら子どもの家",
        "capacity": 60,
        "address": "横浜市金沢区能見台５－２０－１６"
      }
    },
    {
      "type": "Feature",
      "geometry": {
        "type": "Point",
        "coordinates": [
          139.559753,
          35.434555
        ]
      },
      "properties": {
        "name": "こんにちは・ありがとうえん",
        "capacity": 66,
        "address": "横浜市戸塚区品濃町１４６６－１"
      }
    },
    {
      "type": "Feature",
      "geometry": {
        "type": "Point",
        "coordinates": [
          139.545944,
          35.427006
        ]
      },
      "properties": {
        "name": "うみのくに保育園とつか",
        "capacity": 60,
        "address": "横浜市戸塚区川上町４６４－１５"
      }
    },
    {
      "type": "Feature",
      "geometry": {
        "type": "Point",
        "coordinates": [
          139.574707,
          35.546169
        ]
      },
      "properties": {
        "name": "つくし保育園　センター南",
        "capacity": 70,
        "address": "横浜市都筑区茅ケ崎中央４９－１０"
      }
    },
    {
      "type": "Feature",
      "geometry": {
        "type": "Point",
        "coordinates": [
          139.614288,
          35.463596
        ]
      },
      "properties": {
        "name": "横浜岡野すきっぷ保育園",
        "capacity": 60,
        "address": "横浜市西区岡野１－１５－４－２"
      }
    },
    {
      "type": "Feature",
      "geometry": {
        "type": "Point",
        "coordinates": [
          139.686188,
          35.526669
        ]
      },
      "properties": {
        "name": "ぶれすと尻手ほいくえん",
        "capacity": 60,
        "address": "横浜市鶴見区尻手１－４－５１"
      }
    },
    {
      "type": "Feature",
      "geometry": {
        "type": "Point",
        "coordinates": [
          139.59874,
          35.382423
        ]
      },
      "properties": {
        "name": "にじいろ保育園洋光台",
        "capacity": 70,
        "address": "横浜市磯子区洋光台３－３３－１０"
      }
    },
    {
      "type": "Feature",
      "geometry": {
        "type": "Point",
        "coordinates": [
          139.6577,
          35.504669
        ]
      },
      "properties": {
        "name": "わおわお東寺尾保育園",
        "capacity": 60,
        "address": "横浜市鶴見区東寺尾５－１８－５"
      }
    },
    {
      "type": "Feature",
      "geometry": {
        "type": "Point",
        "coordinates": [
          139.608551,
          35.524734
        ]
      },
      "properties": {
        "name": "新羽どろんこ保育園",
        "capacity": 90,
        "address": "横浜市港北区新羽町２１８５－１"
      }
    },
    {
      "type": "Feature",
      "geometry": {
        "type": "Point",
        "coordinates": [
          139.580902,
          35.468597
        ]
      },
      "properties": {
        "name": "にじいろ保育園上星川",
        "capacity": 50,
        "address": "横浜市保土ケ谷区上星川１－５－２５"
      }
    },
    {
      "type": "Feature",
      "geometry": {
        "type": "Point",
        "coordinates": [
          139.551819,
          35.425549
        ]
      },
      "properties": {
        "name": "ちゃいれっく前田町保育園",
        "capacity": 31,
        "address": "横浜市戸塚区前田町５０４－３３"
      }
    },
    {
      "type": "Feature",
      "geometry": {
        "type": "Point",
        "coordinates": [
          139.541702,
          35.556152
        ]
      },
      "properties": {
        "name": "横浜市荏田保育園",
        "capacity": 102,
        "address": "横浜市青葉区荏田北２－１１－４０"
      }
    },
    {
      "type": "Feature",
      "geometry": {
        "type": "Point",
        "coordinates": [
          139.623306,
          35.345459
        ]
      },
      "properties": {
        "name": "スターチャイルド≪金沢文庫ナーサリー≫",
        "capacity": 66,
        "address": "横浜市金沢区谷津町３５"
      }
    },
    {
      "type": "Feature",
      "geometry": {
        "type": "Point",
        "coordinates": [
          139.612579,
          35.416344
        ]
      },
      "properties": {
        "name": "岡村幼児園",
        "capacity": 110,
        "address": "横浜市磯子区岡村２－１３－１１"
      }
    },
    {
      "type": "Feature",
      "geometry": {
        "type": "Point",
        "coordinates": [
          139.543884,
          35.512966
        ]
      },
      "properties": {
        "name": "おひさますまいる保育園",
        "capacity": 57,
        "address": "横浜市緑区中山３－４－１"
      }
    },
    {
      "type": "Feature",
      "geometry": {
        "type": "Point",
        "coordinates": [
          139.631165,
          35.365875
        ]
      },
      "properties": {
        "name": "あい保育園富岡東",
        "capacity": 60,
        "address": "横浜市金沢区富岡東６－３－１０"
      }
    },
    {
      "type": "Feature",
      "geometry": {
        "type": "Point",
        "coordinates": [
          139.657776,
          35.517284
        ]
      },
      "properties": {
        "name": "北寺尾第二むつみ保育園",
        "capacity": 60,
        "address": "横浜市鶴見区北寺尾４－１４－４７－１"
      }
    },
    {
      "type": "Feature",
      "geometry": {
        "type": "Point",
        "coordinates": [
          139.60289,
          35.414047
        ]
      },
      "properties": {
        "name": "大岡はるかぜ保育園",
        "capacity": 90,
        "address": "横浜市南区大岡５－４０－２"
      }
    },
    {
      "type": "Feature",
      "geometry": {
        "type": "Point",
        "coordinates": [
          139.578278,
          35.557999
        ]
      },
      "properties": {
        "name": "マーマセンター北保育園",
        "capacity": 60,
        "address": "横浜市都筑区牛久保西２－２８－１"
      }
    },
    {
      "type": "Feature",
      "geometry": {
        "type": "Point",
        "coordinates": [
          139.637787,
          35.416519
        ]
      },
      "properties": {
        "name": "根岸星の子保育園",
        "capacity": 60,
        "address": "横浜市磯子区東町１９－３３"
      }
    },
    {
      "type": "Feature",
      "geometry": {
        "type": "Point",
        "coordinates": [
          139.596176,
          35.430992
        ]
      },
      "properties": {
        "name": "ララランド井土ケ谷",
        "capacity": 69,
        "address": "横浜市南区井土ケ谷上町１３－１８"
      }
    },
    {
      "type": "Feature",
      "geometry": {
        "type": "Point",
        "coordinates": [
          139.494598,
          35.415588
        ]
      },
      "properties": {
        "name": "泉の郷保育園いずみ分園",
        "capacity": 27,
        "address": "横浜市泉区和泉中央北２－１６－３５"
      }
    },
    {
      "type": "Feature",
      "geometry": {
        "type": "Point",
        "coordinates": [
          139.567673,
          35.511234
        ]
      },
      "properties": {
        "name": "太陽の子　鴨居駅前保育園",
        "capacity": 69,
        "address": "横浜市緑区鴨居１－１６－１４"
      }
    },
    {
      "type": "Feature",
      "geometry": {
        "type": "Point",
        "coordinates": [
          139.482315,
          35.47139
        ]
      },
      "properties": {
        "name": "ネスト瀬谷",
        "capacity": 60,
        "address": "横浜市瀬谷区中央６－１５"
      }
    },
    {
      "type": "Feature",
      "geometry": {
        "type": "Point",
        "coordinates": [
          139.684082,
          35.519512
        ]
      },
      "properties": {
        "name": "わくわくの森保育園",
        "capacity": 60,
        "address": "横浜市鶴見区市場東中町１２－２７"
      }
    },
    {
      "type": "Feature",
      "geometry": {
        "type": "Point",
        "coordinates": [
          139.558517,
          35.432865
        ]
      },
      "properties": {
        "name": "つくし保育園　東戸塚",
        "capacity": 60,
        "address": "横浜市戸塚区品濃町５４５－３０"
      }
    },
    {
      "type": "Feature",
      "geometry": {
        "type": "Point",
        "coordinates": [
          139.630112,
          35.516144
        ]
      },
      "properties": {
        "name": "うみのくに保育園きくな",
        "capacity": 60,
        "address": "横浜市港北区菊名７－５－３６"
      }
    },
    {
      "type": "Feature",
      "geometry": {
        "type": "Point",
        "coordinates": [
          139.52832,
          35.407345
        ]
      },
      "properties": {
        "name": "ちゃいれっく戸塚保育園",
        "capacity": 74,
        "address": "横浜市戸塚区矢部町３００２－１"
      }
    },
    {
      "type": "Feature",
      "geometry": {
        "type": "Point",
        "coordinates": [
          139.605804,
          35.489452
        ]
      },
      "properties": {
        "name": "コビープリスクールかたくら",
        "capacity": 60,
        "address": "横浜市神奈川区片倉２－１－１"
      }
    },
    {
      "type": "Feature",
      "geometry": {
        "type": "Point",
        "coordinates": [
          139.672043,
          35.429813
        ]
      },
      "properties": {
        "name": "横浜市錦保育園",
        "capacity": 63,
        "address": "横浜市中区錦町５"
      }
    },
    {
      "type": "Feature",
      "geometry": {
        "type": "Point",
        "coordinates": [
          139.635513,
          35.551544
        ]
      },
      "properties": {
        "name": "アスク日吉本町開善保育園",
        "capacity": 140,
        "address": "横浜市港北区日吉本町２－４６－１１"
      }
    },
    {
      "type": "Feature",
      "geometry": {
        "type": "Point",
        "coordinates": [
          139.59726,
          35.41037
        ]
      },
      "properties": {
        "name": "小学館アカデミーかみおおおか保育園",
        "capacity": 54,
        "address": "横浜市港南区上大岡東１－３－１８"
      }
    },
    {
      "type": "Feature",
      "geometry": {
        "type": "Point",
        "coordinates": [
          139.518173,
          35.521576
        ]
      },
      "properties": {
        "name": "みどりさくら保育園",
        "capacity": 60,
        "address": "横浜市緑区十日市場町１２５８－８６"
      }
    },
    {
      "type": "Feature",
      "geometry": {
        "type": "Point",
        "coordinates": [
          139.526993,
          35.544201
        ]
      },
      "properties": {
        "name": "アスク藤が丘保育園",
        "capacity": 46,
        "address": "横浜市青葉区藤が丘２－４－１０"
      }
    },
    {
      "type": "Feature",
      "geometry": {
        "type": "Point",
        "coordinates": [
          139.620544,
          35.54929
        ]
      },
      "properties": {
        "name": "パレット保育園・高田",
        "capacity": 60,
        "address": "横浜市港北区高田東４－２２－３８"
      }
    },
    {
      "type": "Feature",
      "geometry": {
        "type": "Point",
        "coordinates": [
          139.516022,
          35.550167
        ]
      },
      "properties": {
        "name": "太陽の子　桜台第二保育園",
        "capacity": 66,
        "address": "横浜市青葉区桜台２７－１６"
      }
    },
    {
      "type": "Feature",
      "geometry": {
        "type": "Point",
        "coordinates": [
          139.643234,
          35.547993
        ]
      },
      "properties": {
        "name": "社会福祉法人春献美会みのわのぞみ保育園",
        "capacity": 77,
        "address": "横浜市港北区箕輪町３－７－２"
      }
    },
    {
      "type": "Feature",
      "geometry": {
        "type": "Point",
        "coordinates": [
          139.510025,
          35.523399
        ]
      },
      "properties": {
        "name": "十日市場南こども園",
        "capacity": 60,
        "address": "横浜市緑区十日市場町８４９－６"
      }
    },
    {
      "type": "Feature",
      "geometry": {
        "type": "Point",
        "coordinates": [
          139.611511,
          35.403332
        ]
      },
      "properties": {
        "name": "汐見台愛育園",
        "capacity": 75,
        "address": "横浜市磯子区汐見台２－２－１"
      }
    },
    {
      "type": "Feature",
      "geometry": {
        "type": "Point",
        "coordinates": [
          139.57399,
          35.401962
        ]
      },
      "properties": {
        "name": "小学館アカデミーかみながや保育園",
        "capacity": 50,
        "address": "横浜市港南区丸山台１－５－９"
      }
    },
    {
      "type": "Feature",
      "geometry": {
        "type": "Point",
        "coordinates": [
          139.555222,
          35.56628
        ]
      },
      "properties": {
        "name": "グローバルキッズあざみ野園",
        "capacity": 60,
        "address": "横浜市青葉区新石川１－２－１０"
      }
    },
    {
      "type": "Feature",
      "geometry": {
        "type": "Point",
        "coordinates": [
          139.583084,
          35.390137
        ]
      },
      "properties": {
        "name": "ＣＯＳＭＯＳ保育園",
        "capacity": 69,
        "address": "横浜市港南区日野中央１－１８－１３"
      }
    },
    {
      "type": "Feature",
      "geometry": {
        "type": "Point",
        "coordinates": [
          139.639786,
          35.50848
        ]
      },
      "properties": {
        "name": "ベネッセ　菊名保育園",
        "capacity": 60,
        "address": "横浜市鶴見区馬場７－７－１５"
      }
    },
    {
      "type": "Feature",
      "geometry": {
        "type": "Point",
        "coordinates": [
          139.642197,
          35.556591
        ]
      },
      "properties": {
        "name": "グローバルキッズ日吉園",
        "capacity": 63,
        "address": "横浜市港北区日吉１－１０－２６"
      }
    },
    {
      "type": "Feature",
      "geometry": {
        "type": "Point",
        "coordinates": [
          139.578339,
          35.377716
        ]
      },
      "properties": {
        "name": "太陽の子　港南台保育園",
        "capacity": 60,
        "address": "横浜市港南区港南台３－１２－２"
      }
    },
    {
      "type": "Feature",
      "geometry": {
        "type": "Point",
        "coordinates": [
          139.672791,
          35.499371
        ]
      },
      "properties": {
        "name": "花園保育園ベビーホーム",
        "capacity": 120,
        "address": "横浜市鶴見区生麦５－８－１６"
      }
    },
    {
      "type": "Feature",
      "geometry": {
        "type": "Point",
        "coordinates": [
          139.55777,
          35.576641
        ]
      },
      "properties": {
        "name": "たまプラーザ　こどもの詩保育園",
        "capacity": 50,
        "address": "横浜市青葉区新石川２－１－１５"
      }
    },
    {
      "type": "Feature",
      "geometry": {
        "type": "Point",
        "coordinates": [
          139.601456,
          35.458138
        ]
      },
      "properties": {
        "name": "にじいろ保育園天王町",
        "capacity": 56,
        "address": "横浜市保土ケ谷区天王町１－３０－１８"
      }
    },
    {
      "type": "Feature",
      "geometry": {
        "type": "Point",
        "coordinates": [
          139.545181,
          35.476414
        ]
      },
      "properties": {
        "name": "あゆみ保育園",
        "capacity": 76,
        "address": "横浜市旭区鶴ケ峰２－５－２３"
      }
    },
    {
      "type": "Feature",
      "geometry": {
        "type": "Point",
        "coordinates": [
          139.684402,
          35.529472
        ]
      },
      "properties": {
        "name": "太陽の子　尻手保育園",
        "capacity": 90,
        "address": "横浜市鶴見区尻手３－８－２７"
      }
    },
    {
      "type": "Feature",
      "geometry": {
        "type": "Point",
        "coordinates": [
          139.542145,
          35.4044
        ]
      },
      "properties": {
        "name": "明日葉保育園第三戸塚園",
        "capacity": 60,
        "address": "横浜市戸塚区吉田町３００３－２"
      }
    },
    {
      "type": "Feature",
      "geometry": {
        "type": "Point",
        "coordinates": [
          139.595062,
          35.403801
        ]
      },
      "properties": {
        "name": "アスク上大岡保育園",
        "capacity": 55,
        "address": "横浜市港南区上大岡西３－３－１"
      }
    },
    {
      "type": "Feature",
      "geometry": {
        "type": "Point",
        "coordinates": [
          139.576935,
          35.552067
        ]
      },
      "properties": {
        "name": "わおわおセンター北保育園",
        "capacity": 60,
        "address": "横浜市都筑区中川中央１－８－１３"
      }
    },
    {
      "type": "Feature",
      "geometry": {
        "type": "Point",
        "coordinates": [
          139.642395,
          35.356064
        ]
      },
      "properties": {
        "name": "しののめ並木保育園",
        "capacity": 102,
        "address": "横浜市金沢区並木３－９－１"
      }
    },
    {
      "type": "Feature",
      "geometry": {
        "type": "Point",
        "coordinates": [
          139.67189,
          35.535568
        ]
      },
      "properties": {
        "name": "わおわお江ヶ崎保育園",
        "capacity": 60,
        "address": "横浜市鶴見区江ケ崎町２１－６"
      }
    },
    {
      "type": "Feature",
      "geometry": {
        "type": "Point",
        "coordinates": [
          139.575378,
          35.38636
        ]
      },
      "properties": {
        "name": "港南はるかぜ保育園",
        "capacity": 120,
        "address": "横浜市港南区日野８－３１－３６"
      }
    },
    {
      "type": "Feature",
      "geometry": {
        "type": "Point",
        "coordinates": [
          139.511108,
          35.370209
        ]
      },
      "properties": {
        "name": "小雀みどり保育園",
        "capacity": 60,
        "address": "横浜市戸塚区小雀町８７６－４"
      }
    },
    {
      "type": "Feature",
      "geometry": {
        "type": "Point",
        "coordinates": [
          139.553665,
          35.583813
        ]
      },
      "properties": {
        "name": "美しが丘どろんこ保育園",
        "capacity": 60,
        "address": "横浜市青葉区美しが丘１－２３－６"
      }
    },
    {
      "type": "Feature",
      "geometry": {
        "type": "Point",
        "coordinates": [
          139.545624,
          35.521187
        ]
      },
      "properties": {
        "name": "青砥どんぐり保育園",
        "capacity": 100,
        "address": "横浜市緑区青砥町６３５－２２"
      }
    },
    {
      "type": "Feature",
      "geometry": {
        "type": "Point",
        "coordinates": [
          139.579514,
          35.55463
        ]
      },
      "properties": {
        "name": "キッズフォレセンター北",
        "capacity": 80,
        "address": "横浜市都筑区中川中央１－２９－５"
      }
    },
    {
      "type": "Feature",
      "geometry": {
        "type": "Point",
        "coordinates": [
          139.623032,
          35.524738
        ]
      },
      "properties": {
        "name": "わおわお大倉山保育園分園",
        "capacity": 31,
        "address": "横浜市港北区大倉山５－２４－４"
      }
    },
    {
      "type": "Feature",
      "geometry": {
        "type": "Point",
        "coordinates": [
          139.594055,
          35.401146
        ]
      },
      "properties": {
        "name": "港南つくしんぼ保育園",
        "capacity": 130,
        "address": "横浜市港南区港南４－２－６"
      }
    },
    {
      "type": "Feature",
      "geometry": {
        "type": "Point",
        "coordinates": [
          139.560593,
          35.427311
        ]
      },
      "properties": {
        "name": "ニチイキッズ東戸塚保育園",
        "capacity": 66,
        "address": "横浜市戸塚区品濃町５２７－１"
      }
    },
    {
      "type": "Feature",
      "geometry": {
        "type": "Point",
        "coordinates": [
          139.656174,
          35.488476
        ]
      },
      "properties": {
        "name": "ゆうゆうきっず新子安",
        "capacity": 140,
        "address": "横浜市神奈川区新子安１－１０－１６"
      }
    },
    {
      "type": "Feature",
      "geometry": {
        "type": "Point",
        "coordinates": [
          139.554886,
          35.354935
        ]
      },
      "properties": {
        "name": "かつら愛児園",
        "capacity": 200,
        "address": "横浜市栄区公田町４８４"
      }
    },
    {
      "type": "Feature",
      "geometry": {
        "type": "Point",
        "coordinates": [
          139.673813,
          35.536774
        ]
      },
      "properties": {
        "name": "木下の保育園　江ヶ崎",
        "capacity": 78,
        "address": "横浜市鶴見区江ケ崎町１６－２７"
      }
    },
    {
      "type": "Feature",
      "geometry": {
        "type": "Point",
        "coordinates": [
          139.616241,
          35.508781
        ]
      },
      "properties": {
        "name": "岩崎学園新横浜保育園",
        "capacity": 140,
        "address": "横浜市港北区新横浜２－４－１０"
      }
    },
    {
      "type": "Feature",
      "geometry": {
        "type": "Point",
        "coordinates": [
          139.530396,
          35.510174
        ]
      },
      "properties": {
        "name": "森の台保育園",
        "capacity": 66,
        "address": "横浜市緑区台村町６３３"
      }
    },
    {
      "type": "Feature",
      "geometry": {
        "type": "Point",
        "coordinates": [
          139.482101,
          35.562809
        ]
      },
      "properties": {
        "name": "横浜市奈良保育園",
        "capacity": 69,
        "address": "横浜市青葉区奈良町１８４３－１"
      }
    },
    {
      "type": "Feature",
      "geometry": {
        "type": "Point",
        "coordinates": [
          139.503983,
          35.407486
        ]
      },
      "properties": {
        "name": "もも保育園",
        "capacity": 60,
        "address": "横浜市泉区中田西２－２５－３０"
      }
    },
    {
      "type": "Feature",
      "geometry": {
        "type": "Point",
        "coordinates": [
          139.638474,
          35.547665
        ]
      },
      "properties": {
        "name": "ココファン・ナーサリー日吉本町",
        "capacity": 90,
        "address": "横浜市港北区日吉本町３－２３－１５"
      }
    },
    {
      "type": "Feature",
      "geometry": {
        "type": "Point",
        "coordinates": [
          139.59436,
          35.534897
        ]
      },
      "properties": {
        "name": "横浜市大熊保育園",
        "capacity": 119,
        "address": "横浜市都筑区仲町台３－６－６"
      }
    },
    {
      "type": "Feature",
      "geometry": {
        "type": "Point",
        "coordinates": [
          139.594742,
          35.509315
        ]
      },
      "properties": {
        "name": "ポピンズナーサリースクール小机",
        "capacity": 45,
        "address": "横浜市港北区小机町２５８０－１"
      }
    },
    {
      "type": "Feature",
      "geometry": {
        "type": "Point",
        "coordinates": [
          139.632736,
          35.332047
        ]
      },
      "properties": {
        "name": "聖星保育園",
        "capacity": 150,
        "address": "横浜市金沢区平潟町１７－１"
      }
    },
    {
      "type": "Feature",
      "geometry": {
        "type": "Point",
        "coordinates": [
          139.553879,
          35.523266
        ]
      },
      "properties": {
        "name": "川和保育園",
        "capacity": 181,
        "address": "横浜市都筑区川和町８９０－２"
      }
    },
    {
      "type": "Feature",
      "geometry": {
        "type": "Point",
        "coordinates": [
          139.625504,
          35.450951
        ]
      },
      "properties": {
        "name": "マイ・ハート紅葉ヶ丘保育園",
        "capacity": 39,
        "address": "横浜市西区紅葉ケ丘５３"
      }
    },
    {
      "type": "Feature",
      "geometry": {
        "type": "Point",
        "coordinates": [
          139.609695,
          35.452518
        ]
      },
      "properties": {
        "name": "ろぜっと保育園",
        "capacity": 90,
        "address": "横浜市西区浜松町１０－１０"
      }
    },
    {
      "type": "Feature",
      "geometry": {
        "type": "Point",
        "coordinates": [
          139.593201,
          35.377522
        ]
      },
      "properties": {
        "name": "スターチャイルド≪洋光台ナーサリー≫",
        "capacity": 72,
        "address": "横浜市磯子区洋光台５－３－３８"
      }
    },
    {
      "type": "Feature",
      "geometry": {
        "type": "Point",
        "coordinates": [
          139.559158,
          35.574654
        ]
      },
      "properties": {
        "name": "青葉フレール保育園",
        "capacity": 120,
        "address": "横浜市青葉区新石川２－９－６"
      }
    },
    {
      "type": "Feature",
      "geometry": {
        "type": "Point",
        "coordinates": [
          139.650131,
          35.55167
        ]
      },
      "properties": {
        "name": "ベネッセ　日吉保育園",
        "capacity": 70,
        "address": "横浜市港北区日吉４－１－１"
      }
    },
    {
      "type": "Feature",
      "geometry": {
        "type": "Point",
        "coordinates": [
          139.53154,
          35.396004
        ]
      },
      "properties": {
        "name": "戸塚愛児園",
        "capacity": 190,
        "address": "横浜市戸塚区戸塚町１６７"
      }
    },
    {
      "type": "Feature",
      "geometry": {
        "type": "Point",
        "coordinates": [
          139.629059,
          35.47559
        ]
      },
      "properties": {
        "name": "いずみ反町公園保育園",
        "capacity": 40,
        "address": "横浜市神奈川区反町１－１２"
      }
    },
    {
      "type": "Feature",
      "geometry": {
        "type": "Point",
        "coordinates": [
          139.595474,
          35.55986
        ]
      },
      "properties": {
        "name": "滝ヶ谷保育園",
        "capacity": 70,
        "address": "横浜市都筑区北山田２－１７－２８"
      }
    },
    {
      "type": "Feature",
      "geometry": {
        "type": "Point",
        "coordinates": [
          139.627167,
          35.522346
        ]
      },
      "properties": {
        "name": "聖保育園",
        "capacity": 60,
        "address": "横浜市港北区大倉山３－４１－１７"
      }
    },
    {
      "type": "Feature",
      "geometry": {
        "type": "Point",
        "coordinates": [
          139.50296,
          35.47171
        ]
      },
      "properties": {
        "name": "三ツ境たんぽぽ保育園",
        "capacity": 55,
        "address": "横浜市旭区笹野台２－９－２８"
      }
    },
    {
      "type": "Feature",
      "geometry": {
        "type": "Point",
        "coordinates": [
          139.518219,
          35.545494
        ]
      },
      "properties": {
        "name": "オルタスそらいろ",
        "capacity": 60,
        "address": "横浜市青葉区青葉台１－４"
      }
    },
    {
      "type": "Feature",
      "geometry": {
        "type": "Point",
        "coordinates": [
          139.610901,
          35.465446
        ]
      },
      "properties": {
        "name": "浅間幼育園",
        "capacity": 87,
        "address": "横浜市西区浅間町１－１９－１０"
      }
    },
    {
      "type": "Feature",
      "geometry": {
        "type": "Point",
        "coordinates": [
          139.518311,
          35.465141
        ]
      },
      "properties": {
        "name": "中尾保育園",
        "capacity": 100,
        "address": "横浜市旭区中尾１－１７－３"
      }
    },
    {
      "type": "Feature",
      "geometry": {
        "type": "Point",
        "coordinates": [
          139.638474,
          35.514488
        ]
      },
      "properties": {
        "name": "きくなハート保育園",
        "capacity": 47,
        "address": "横浜市鶴見区上の宮２－１５－１５"
      }
    },
    {
      "type": "Feature",
      "geometry": {
        "type": "Point",
        "coordinates": [
          139.68071,
          35.510326
        ]
      },
      "properties": {
        "name": "ポピンズナーサリースクール鶴見",
        "capacity": 60,
        "address": "横浜市鶴見区鶴見中央２－６－２９"
      }
    },
    {
      "type": "Feature",
      "geometry": {
        "type": "Point",
        "coordinates": [
          139.63942,
          35.417782
        ]
      },
      "properties": {
        "name": "太陽の子　不動下保育園",
        "capacity": 50,
        "address": "横浜市中区根岸町３－１７６－５９"
      }
    },
    {
      "type": "Feature",
      "geometry": {
        "type": "Point",
        "coordinates": [
          139.62648,
          35.522823
        ]
      },
      "properties": {
        "name": "聖保育園分園",
        "capacity": 48,
        "address": "横浜市港北区大倉山３－４３－２９"
      }
    },
    {
      "type": "Feature",
      "geometry": {
        "type": "Point",
        "coordinates": [
          139.521729,
          35.491879
        ]
      },
      "properties": {
        "name": "川井宿保育園",
        "capacity": 76,
        "address": "横浜市旭区都岡町９８－１"
      }
    },
    {
      "type": "Feature",
      "geometry": {
        "type": "Point",
        "coordinates": [
          139.587296,
          35.397625
        ]
      },
      "properties": {
        "name": "アスク港南中央保育園",
        "capacity": 84,
        "address": "横浜市港南区日野１－７－９"
      }
    },
    {
      "type": "Feature",
      "geometry": {
        "type": "Point",
        "coordinates": [
          139.498032,
          35.522141
        ]
      },
      "properties": {
        "name": "みなみ台保育園",
        "capacity": 60,
        "address": "横浜市緑区長津田みなみ台１－３８－７"
      }
    },
    {
      "type": "Feature",
      "geometry": {
        "type": "Point",
        "coordinates": [
          139.483749,
          35.542236
        ]
      },
      "properties": {
        "name": "MIWAあかね台光の子保育園",
        "capacity": 90,
        "address": "横浜市青葉区あかね台２－１８－１"
      }
    },
    {
      "type": "Feature",
      "geometry": {
        "type": "Point",
        "coordinates": [
          139.620499,
          35.501472
        ]
      },
      "properties": {
        "name": "マーマしのはら保育園",
        "capacity": 120,
        "address": "横浜市港北区篠原町９７４－２５"
      }
    },
    {
      "type": "Feature",
      "geometry": {
        "type": "Point",
        "coordinates": [
          139.638596,
          35.438648
        ]
      },
      "properties": {
        "name": "ことぶき保育園",
        "capacity": 60,
        "address": "横浜市中区寿町３－１２－１"
      }
    },
    {
      "type": "Feature",
      "geometry": {
        "type": "Point",
        "coordinates": [
          139.585846,
          35.466286
        ]
      },
      "properties": {
        "name": "和田愛児園",
        "capacity": 136,
        "address": "横浜市保土ケ谷区和田２－１６－１３"
      }
    },
    {
      "type": "Feature",
      "geometry": {
        "type": "Point",
        "coordinates": [
          139.608261,
          35.394928
        ]
      },
      "properties": {
        "name": "屏風ヶ浦はるかぜ保育園",
        "capacity": 60,
        "address": "横浜市磯子区森４－６－２１"
      }
    },
    {
      "type": "Feature",
      "geometry": {
        "type": "Point",
        "coordinates": [
          139.644714,
          35.428528
        ]
      },
      "properties": {
        "name": "横浜市竹之丸保育園",
        "capacity": 120,
        "address": "横浜市中区竹之丸５３－１"
      }
    },
    {
      "type": "Feature",
      "geometry": {
        "type": "Point",
        "coordinates": [
          139.52887,
          35.545326
        ]
      },
      "properties": {
        "name": "ぽれぽれ保育園藤が丘",
        "capacity": 38,
        "address": "横浜市青葉区藤が丘１－２８－４"
      }
    },
    {
      "type": "Feature",
      "geometry": {
        "type": "Point",
        "coordinates": [
          139.565979,
          35.563766
        ]
      },
      "properties": {
        "name": "横浜市中川西保育園",
        "capacity": 122,
        "address": "横浜市都筑区中川３－６－６"
      }
    },
    {
      "type": "Feature",
      "geometry": {
        "type": "Point",
        "coordinates": [
          139.589981,
          35.501053
        ]
      },
      "properties": {
        "name": "あおぞら菅田保育園",
        "capacity": 65,
        "address": "横浜市神奈川区菅田町１７９９"
      }
    },
    {
      "type": "Feature",
      "geometry": {
        "type": "Point",
        "coordinates": [
          139.513199,
          35.544628
        ]
      },
      "properties": {
        "name": "明日葉保育園青葉台園",
        "capacity": 60,
        "address": "横浜市青葉区青葉台２－１８－３４"
      }
    },
    {
      "type": "Feature",
      "geometry": {
        "type": "Point",
        "coordinates": [
          139.491257,
          35.397259
        ]
      },
      "properties": {
        "name": "くるみ保育園",
        "capacity": 130,
        "address": "横浜市泉区下和泉５－１８－１５"
      }
    },
    {
      "type": "Feature",
      "geometry": {
        "type": "Point",
        "coordinates": [
          139.622269,
          35.34626
        ]
      },
      "properties": {
        "name": "あおぞら谷津保育園",
        "capacity": 90,
        "address": "横浜市金沢区谷津町２３１－５"
      }
    },
    {
      "type": "Feature",
      "geometry": {
        "type": "Point",
        "coordinates": [
          139.618195,
          35.344326
        ]
      },
      "properties": {
        "name": "にじいろ保育園金沢文庫",
        "capacity": 60,
        "address": "横浜市金沢区釜利谷東２－１８－２２"
      }
    },
    {
      "type": "Feature",
      "geometry": {
        "type": "Point",
        "coordinates": [
          139.618958,
          35.4039
        ]
      },
      "properties": {
        "name": "磯子おひさま保育園",
        "capacity": 90,
        "address": "横浜市磯子区磯子３－１０－８"
      }
    },
    {
      "type": "Feature",
      "geometry": {
        "type": "Point",
        "coordinates": [
          139.614456,
          35.460667
        ]
      },
      "properties": {
        "name": "横浜そらいろ保育園",
        "capacity": 60,
        "address": "横浜市西区岡野２－８－３"
      }
    },
    {
      "type": "Feature",
      "geometry": {
        "type": "Point",
        "coordinates": [
          139.652817,
          35.501701
        ]
      },
      "properties": {
        "name": "東寺尾どろんこ保育園",
        "capacity": 154,
        "address": "横浜市鶴見区東寺尾１－３５－５"
      }
    },
    {
      "type": "Feature",
      "geometry": {
        "type": "Point",
        "coordinates": [
          139.576401,
          35.546665
        ]
      },
      "properties": {
        "name": "ベビーステーションセンター南",
        "capacity": 60,
        "address": "横浜市都筑区茅ケ崎中央５３－２"
      }
    },
    {
      "type": "Feature",
      "geometry": {
        "type": "Point",
        "coordinates": [
          139.62851,
          35.349823
        ]
      },
      "properties": {
        "name": "西柴保育園",
        "capacity": 60,
        "address": "横浜市金沢区西柴３－３１－１"
      }
    },
    {
      "type": "Feature",
      "geometry": {
        "type": "Point",
        "coordinates": [
          139.513519,
          35.54192
        ]
      },
      "properties": {
        "name": "エンゼルベア青葉台保育園",
        "capacity": 60,
        "address": "横浜市青葉区榎が丘１３－３"
      }
    },
    {
      "type": "Feature",
      "geometry": {
        "type": "Point",
        "coordinates": [
          139.595459,
          35.444607
        ]
      },
      "properties": {
        "name": "ダイアナ保育園",
        "capacity": 100,
        "address": "横浜市保土ケ谷区保土ケ谷町１－１６－１"
      }
    },
    {
      "type": "Feature",
      "geometry": {
        "type": "Point",
        "coordinates": [
          139.593353,
          35.460735
        ]
      },
      "properties": {
        "name": "りとる・ルーナ保育園",
        "capacity": 50,
        "address": "横浜市保土ケ谷区星川２－１８－２"
      }
    },
    {
      "type": "Feature",
      "geometry": {
        "type": "Point",
        "coordinates": [
          139.632462,
          35.498199
        ]
      },
      "properties": {
        "name": "光の園アンティー保育園分園",
        "capacity": 19,
        "address": "横浜市港北区菊名１－３－８"
      }
    },
    {
      "type": "Feature",
      "geometry": {
        "type": "Point",
        "coordinates": [
          139.542145,
          35.4044
        ]
      },
      "properties": {
        "name": "明日葉保育園第二戸塚園",
        "capacity": 70,
        "address": "横浜市戸塚区吉田町３０００－５"
      }
    },
    {
      "type": "Feature",
      "geometry": {
        "type": "Point",
        "coordinates": [
          139.556839,
          35.470463
        ]
      },
      "properties": {
        "name": "西川島保育園",
        "capacity": 90,
        "address": "横浜市旭区西川島町１３４－１１"
      }
    },
    {
      "type": "Feature",
      "geometry": {
        "type": "Point",
        "coordinates": [
          139.562912,
          35.43037
        ]
      },
      "properties": {
        "name": "ベネッセ　東戸塚保育園",
        "capacity": 60,
        "address": "横浜市戸塚区品濃町５５４－２４"
      }
    },
    {
      "type": "Feature",
      "geometry": {
        "type": "Point",
        "coordinates": [
          139.647888,
          35.505093
        ]
      },
      "properties": {
        "name": "保育室ベルファミーユ",
        "capacity": 24,
        "address": "横浜市鶴見区東寺尾１－４－１４"
      }
    },
    {
      "type": "Feature",
      "geometry": {
        "type": "Point",
        "coordinates": [
          139.631134,
          35.531704
        ]
      },
      "properties": {
        "name": "大曽根コスモス保育園",
        "capacity": 60,
        "address": "横浜市港北区大曽根２－３２－８"
      }
    },
    {
      "type": "Feature",
      "geometry": {
        "type": "Point",
        "coordinates": [
          139.523331,
          35.418098
        ]
      },
      "properties": {
        "name": "ＹＭＣＡ山手台保育園アルク",
        "capacity": 48,
        "address": "横浜市泉区領家２－１１－１"
      }
    },
    {
      "type": "Feature",
      "geometry": {
        "type": "Point",
        "coordinates": [
          139.683594,
          35.535309
        ]
      },
      "properties": {
        "name": "ベネッセ　矢向保育園",
        "capacity": 60,
        "address": "横浜市鶴見区矢向４－３０－１７"
      }
    },
    {
      "type": "Feature",
      "geometry": {
        "type": "Point",
        "coordinates": [
          139.55304,
          35.437458
        ]
      },
      "properties": {
        "name": "ハートの森保育園",
        "capacity": 70,
        "address": "横浜市戸塚区品濃町１０２４"
      }
    },
    {
      "type": "Feature",
      "geometry": {
        "type": "Point",
        "coordinates": [
          139.48732,
          35.413204
        ]
      },
      "properties": {
        "name": "ＧＥＮＫＩＤＳいずみ中央保育園",
        "capacity": 50,
        "address": "横浜市泉区和泉中央南５－１３－１"
      }
    },
    {
      "type": "Feature",
      "geometry": {
        "type": "Point",
        "coordinates": [
          139.564041,
          35.505348
        ]
      },
      "properties": {
        "name": "さくらの郷みらい保育園分園",
        "capacity": 15,
        "address": "横浜市緑区鴨居４－５４－８"
      }
    },
    {
      "type": "Feature",
      "geometry": {
        "type": "Point",
        "coordinates": [
          139.565445,
          35.523838
        ]
      },
      "properties": {
        "name": "池辺おひさま保育園",
        "capacity": 20,
        "address": "横浜市都筑区池辺町２３６０"
      }
    },
    {
      "type": "Feature",
      "geometry": {
        "type": "Point",
        "coordinates": [
          139.498642,
          35.466015
        ]
      },
      "properties": {
        "name": "鳩の森愛の詩瀬谷保育園",
        "capacity": 100,
        "address": "横浜市瀬谷区二ツ橋町８３－３"
      }
    },
    {
      "type": "Feature",
      "geometry": {
        "type": "Point",
        "coordinates": [
          139.623184,
          35.541744
        ]
      },
      "properties": {
        "name": "ブライト保育園横浜綱島",
        "capacity": 60,
        "address": "横浜市港北区新吉田東１－６－２６"
      }
    },
    {
      "type": "Feature",
      "geometry": {
        "type": "Point",
        "coordinates": [
          139.534729,
          35.358868
        ]
      },
      "properties": {
        "name": "アスク大船保育園",
        "capacity": 60,
        "address": "横浜市栄区笠間３－１－４"
      }
    },
    {
      "type": "Feature",
      "geometry": {
        "type": "Point",
        "coordinates": [
          139.530731,
          35.396442
        ]
      },
      "properties": {
        "name": "戸塚みどり保育園",
        "capacity": 68,
        "address": "横浜市戸塚区戸塚町３９２３－３"
      }
    },
    {
      "type": "Feature",
      "geometry": {
        "type": "Point",
        "coordinates": [
          139.573456,
          35.438038
        ]
      },
      "properties": {
        "name": "あかいとり保育園",
        "capacity": 110,
        "address": "横浜市保土ケ谷区権太坂３－１－３４"
      }
    },
    {
      "type": "Feature",
      "geometry": {
        "type": "Point",
        "coordinates": [
          139.600632,
          35.445332
        ]
      },
      "properties": {
        "name": "あーす保育園保土ケ谷",
        "capacity": 63,
        "address": "横浜市保土ケ谷区岩井町１３５－６"
      }
    },
    {
      "type": "Feature",
      "geometry": {
        "type": "Point",
        "coordinates": [
          139.651062,
          35.507744
        ]
      },
      "properties": {
        "name": "横浜市馬場保育園",
        "capacity": 68,
        "address": "横浜市鶴見区馬場２－７－２７"
      }
    },
    {
      "type": "Feature",
      "geometry": {
        "type": "Point",
        "coordinates": [
          139.613892,
          35.454456
        ]
      },
      "properties": {
        "name": "桃の木保育園",
        "capacity": 60,
        "address": "横浜市西区中央２－４２－１５"
      }
    },
    {
      "type": "Feature",
      "geometry": {
        "type": "Point",
        "coordinates": [
          139.655167,
          35.513302
        ]
      },
      "properties": {
        "name": "北寺尾むつみ保育園",
        "capacity": 60,
        "address": "横浜市鶴見区北寺尾５－７－２０"
      }
    },
    {
      "type": "Feature",
      "geometry": {
        "type": "Point",
        "coordinates": [
          139.606842,
          35.454185
        ]
      },
      "properties": {
        "name": "横浜市南浅間保育園",
        "capacity": 95,
        "address": "横浜市西区南浅間町２３－３"
      }
    },
    {
      "type": "Feature",
      "geometry": {
        "type": "Point",
        "coordinates": [
          139.637756,
          35.374104
        ]
      },
      "properties": {
        "name": "横浜市並木保育園",
        "capacity": 124,
        "address": "横浜市金沢区並木１－４－４"
      }
    },
    {
      "type": "Feature",
      "geometry": {
        "type": "Point",
        "coordinates": [
          139.610092,
          35.333961
        ]
      },
      "properties": {
        "name": "北六浦いちい保育園",
        "capacity": 63,
        "address": "横浜市金沢区六浦３－３５－１１"
      }
    },
    {
      "type": "Feature",
      "geometry": {
        "type": "Point",
        "coordinates": [
          139.549988,
          35.528358
        ]
      },
      "properties": {
        "name": "スターチャイルド≪川和ナーサリー≫",
        "capacity": 39,
        "address": "横浜市都筑区川和町１２５０－３"
      }
    },
    {
      "type": "Feature",
      "geometry": {
        "type": "Point",
        "coordinates": [
          139.681427,
          35.510979
        ]
      },
      "properties": {
        "name": "横浜市芦穂崎保育園",
        "capacity": 120,
        "address": "横浜市鶴見区鶴見中央２－１３－２９"
      }
    },
    {
      "type": "Feature",
      "geometry": {
        "type": "Point",
        "coordinates": [
          139.674408,
          35.499943
        ]
      },
      "properties": {
        "name": "花月園前ここわ保育園",
        "capacity": 60,
        "address": "横浜市鶴見区生麦５－１４－１１"
      }
    },
    {
      "type": "Feature",
      "geometry": {
        "type": "Point",
        "coordinates": [
          139.540466,
          35.515732
        ]
      },
      "properties": {
        "name": "やまゆり中山保育園",
        "capacity": 90,
        "address": "横浜市緑区中山１－２２－２２"
      }
    },
    {
      "type": "Feature",
      "geometry": {
        "type": "Point",
        "coordinates": [
          139.630478,
          35.527157
        ]
      },
      "properties": {
        "name": "横浜市大曽根保育園",
        "capacity": 76,
        "address": "横浜市港北区大曽根２－５－１"
      }
    },
    {
      "type": "Feature",
      "geometry": {
        "type": "Point",
        "coordinates": [
          139.619995,
          35.342983
        ]
      },
      "properties": {
        "name": "フレンド金沢文庫保育園",
        "capacity": 34,
        "address": "横浜市金沢区釜利谷東２－１６－３０"
      }
    },
    {
      "type": "Feature",
      "geometry": {
        "type": "Point",
        "coordinates": [
          139.680161,
          35.502644
        ]
      },
      "properties": {
        "name": "總持寺本町通保育園",
        "capacity": 120,
        "address": "横浜市鶴見区本町通１－２６"
      }
    },
    {
      "type": "Feature",
      "geometry": {
        "type": "Point",
        "coordinates": [
          139.652267,
          35.525906
        ]
      },
      "properties": {
        "name": "ＳＡＮＤＡ　ＫＩＤ保育園",
        "capacity": 50,
        "address": "横浜市鶴見区駒岡３－４－４１"
      }
    },
    {
      "type": "Feature",
      "geometry": {
        "type": "Point",
        "coordinates": [
          139.633789,
          35.379936
        ]
      },
      "properties": {
        "name": "金沢ふたば保育園",
        "capacity": 90,
        "address": "横浜市金沢区富岡東２－１－１４"
      }
    },
    {
      "type": "Feature",
      "geometry": {
        "type": "Point",
        "coordinates": [
          139.636124,
          35.551601
        ]
      },
      "properties": {
        "name": "アスク日吉本町第二保育園",
        "capacity": 60,
        "address": "横浜市港北区日吉本町２－４６－２４"
      }
    },
    {
      "type": "Feature",
      "geometry": {
        "type": "Point",
        "coordinates": [
          139.532608,
          35.423939
        ]
      },
      "properties": {
        "name": "くすのき保育園",
        "capacity": 90,
        "address": "横浜市戸塚区上矢部町６１９－１０"
      }
    },
    {
      "type": "Feature",
      "geometry": {
        "type": "Point",
        "coordinates": [
          139.631287,
          35.496254
        ]
      },
      "properties": {
        "name": "横浜市港北保育園",
        "capacity": 98,
        "address": "横浜市港北区仲手原２－２０－１９"
      }
    },
    {
      "type": "Feature",
      "geometry": {
        "type": "Point",
        "coordinates": [
          139.522797,
          35.421894
        ]
      },
      "properties": {
        "name": "領家キッズ保育園",
        "capacity": 90,
        "address": "横浜市泉区領家１－１０"
      }
    },
    {
      "type": "Feature",
      "geometry": {
        "type": "Point",
        "coordinates": [
          139.568253,
          35.468056
        ]
      },
      "properties": {
        "name": "横浜市向台保育園",
        "capacity": 69,
        "address": "横浜市保土ケ谷区川島町７３４"
      }
    },
    {
      "type": "Feature",
      "geometry": {
        "type": "Point",
        "coordinates": [
          139.625656,
          35.513493
        ]
      },
      "properties": {
        "name": "大豆戸どろんこ保育園",
        "capacity": 90,
        "address": "横浜市港北区大豆戸町９４３"
      }
    },
    {
      "type": "Feature",
      "geometry": {
        "type": "Point",
        "coordinates": [
          139.562729,
          35.487869
        ]
      },
      "properties": {
        "name": "笹山保育園",
        "capacity": 90,
        "address": "横浜市保土ケ谷区上菅田町９５１－１５"
      }
    },
    {
      "type": "Feature",
      "geometry": {
        "type": "Point",
        "coordinates": [
          139.64476,
          35.545563
        ]
      },
      "properties": {
        "name": "にじいろ保育園日吉",
        "capacity": 90,
        "address": "横浜市港北区箕輪町２－７－４２"
      }
    },
    {
      "type": "Feature",
      "geometry": {
        "type": "Point",
        "coordinates": [
          139.527344,
          35.391075
        ]
      },
      "properties": {
        "name": "にじいろ保育園戸塚",
        "capacity": 60,
        "address": "横浜市戸塚区戸塚町４９１５－４"
      }
    },
    {
      "type": "Feature",
      "geometry": {
        "type": "Point",
        "coordinates": [
          139.640793,
          35.542912
        ]
      },
      "properties": {
        "name": "アスクゆめみらい保育園",
        "capacity": 90,
        "address": "横浜市港北区綱島東４－１－５"
      }
    },
    {
      "type": "Feature",
      "geometry": {
        "type": "Point",
        "coordinates": [
          139.549042,
          35.473385
        ]
      },
      "properties": {
        "name": "ポプラ保育園",
        "capacity": 50,
        "address": "横浜市旭区鶴ケ峰１－２５－１１"
      }
    },
    {
      "type": "Feature",
      "geometry": {
        "type": "Point",
        "coordinates": [
          139.575378,
          35.350281
        ]
      },
      "properties": {
        "name": "横浜市上郷保育園",
        "capacity": 64,
        "address": "横浜市栄区野七里１－２－３２"
      }
    },
    {
      "type": "Feature",
      "geometry": {
        "type": "Point",
        "coordinates": [
          139.572174,
          35.393162
        ]
      },
      "properties": {
        "name": "横浜市野庭第二保育園",
        "capacity": 120,
        "address": "横浜市港南区野庭町６０１"
      }
    },
    {
      "type": "Feature",
      "geometry": {
        "type": "Point",
        "coordinates": [
          139.573074,
          35.401829
        ]
      },
      "properties": {
        "name": "京急キッズランド上永谷保育園",
        "capacity": 59,
        "address": "横浜市港南区丸山台１－２－１"
      }
    },
    {
      "type": "Feature",
      "geometry": {
        "type": "Point",
        "coordinates": [
          139.636826,
          35.490517
        ]
      },
      "properties": {
        "name": "白幡保育園",
        "capacity": 90,
        "address": "横浜市神奈川区西大口９３"
      }
    },
    {
      "type": "Feature",
      "geometry": {
        "type": "Point",
        "coordinates": [
          139.551392,
          35.572826
        ]
      },
      "properties": {
        "name": "天才キッズクラブ楽学館あざみ野園",
        "capacity": 54,
        "address": "横浜市青葉区美しが丘５－３３－４"
      }
    },
    {
      "type": "Feature",
      "geometry": {
        "type": "Point",
        "coordinates": [
          139.645203,
          35.55571
        ]
      },
      "properties": {
        "name": "日吉みんなの保育園",
        "capacity": 30,
        "address": "横浜市港北区日吉２－９－６"
      }
    },
    {
      "type": "Feature",
      "geometry": {
        "type": "Point",
        "coordinates": [
          139.622177,
          35.382568
        ]
      },
      "properties": {
        "name": "にじいろ保育園新杉田",
        "capacity": 80,
        "address": "横浜市磯子区杉田４－５－８"
      }
    },
    {
      "type": "Feature",
      "geometry": {
        "type": "Point",
        "coordinates": [
          139.655212,
          35.488853
        ]
      },
      "properties": {
        "name": "グローバルキッズ新子安保育園",
        "capacity": 60,
        "address": "横浜市神奈川区新子安１－１８－１"
      }
    },
    {
      "type": "Feature",
      "geometry": {
        "type": "Point",
        "coordinates": [
          139.644775,
          35.547253
        ]
      },
      "properties": {
        "name": "小学館アカデミーひよし保育園",
        "capacity": 60,
        "address": "横浜市港北区箕輪町２－２－１２"
      }
    },
    {
      "type": "Feature",
      "geometry": {
        "type": "Point",
        "coordinates": [
          139.635208,
          35.527283
        ]
      },
      "properties": {
        "name": "大倉山元気の泉保育園",
        "capacity": 120,
        "address": "横浜市港北区樽町１－１４－２０"
      }
    },
    {
      "type": "Feature",
      "geometry": {
        "type": "Point",
        "coordinates": [
          139.623596,
          35.432247
        ]
      },
      "properties": {
        "name": "横浜市しろばら保育園",
        "capacity": 70,
        "address": "横浜市南区中村町４－２７０"
      }
    },
    {
      "type": "Feature",
      "geometry": {
        "type": "Point",
        "coordinates": [
          139.633575,
          35.475105
        ]
      },
      "properties": {
        "name": "小鳩保育園分園",
        "capacity": 60,
        "address": "横浜市神奈川区神奈川本町７－３"
      }
    },
    {
      "type": "Feature",
      "geometry": {
        "type": "Point",
        "coordinates": [
          139.613678,
          35.395657
        ]
      },
      "properties": {
        "name": "ペガサスわくわくランド",
        "capacity": 56,
        "address": "横浜市磯子区森２－１３－１６"
      }
    },
    {
      "type": "Feature",
      "geometry": {
        "type": "Point",
        "coordinates": [
          139.589325,
          35.432003
        ]
      },
      "properties": {
        "name": "横浜市永田保育園",
        "capacity": 73,
        "address": "横浜市南区永田みなみ台５－１"
      }
    },
    {
      "type": "Feature",
      "geometry": {
        "type": "Point",
        "coordinates": [
          139.524277,
          35.449612
        ]
      },
      "properties": {
        "name": "横浜市柏保育園",
        "capacity": 107,
        "address": "横浜市旭区柏町５９－１"
      }
    },
    {
      "type": "Feature",
      "geometry": {
        "type": "Point",
        "coordinates": [
          139.591858,
          35.5425
        ]
      },
      "properties": {
        "name": "コビープリスクールなかまちだい",
        "capacity": 70,
        "address": "横浜市都筑区勝田町２９９－１"
      }
    },
    {
      "type": "Feature",
      "geometry": {
        "type": "Point",
        "coordinates": [
          139.631805,
          35.492283
        ]
      },
      "properties": {
        "name": "白幡フレール保育園",
        "capacity": 120,
        "address": "横浜市神奈川区白幡上町１０－２４"
      }
    },
    {
      "type": "Feature",
      "geometry": {
        "type": "Point",
        "coordinates": [
          139.622955,
          35.525791
        ]
      },
      "properties": {
        "name": "くっくおさんぽ保育園大倉山",
        "capacity": 60,
        "address": "横浜市港北区大倉山５－３９－２３"
      }
    },
    {
      "type": "Feature",
      "geometry": {
        "type": "Point",
        "coordinates": [
          139.518677,
          35.545544
        ]
      },
      "properties": {
        "name": "にじいろ保育園青葉台",
        "capacity": 70,
        "address": "横浜市青葉区青葉台１－１９－１５"
      }
    },
    {
      "type": "Feature",
      "geometry": {
        "type": "Point",
        "coordinates": [
          139.564697,
          35.401562
        ]
      },
      "properties": {
        "name": "上永谷西保育園",
        "capacity": 78,
        "address": "横浜市港南区上永谷６－８－３"
      }
    },
    {
      "type": "Feature",
      "geometry": {
        "type": "Point",
        "coordinates": [
          139.61644,
          35.543781
        ]
      },
      "properties": {
        "name": "めぐみ保育園",
        "capacity": 87,
        "address": "横浜市港北区新吉田東３－３９－１５"
      }
    },
    {
      "type": "Feature",
      "geometry": {
        "type": "Point",
        "coordinates": [
          139.622391,
          35.520916
        ]
      },
      "properties": {
        "name": "横浜市太尾保育園",
        "capacity": 131,
        "address": "横浜市港北区大倉山４－２４－７"
      }
    },
    {
      "type": "Feature",
      "geometry": {
        "type": "Point",
        "coordinates": [
          139.571091,
          35.517834
        ]
      },
      "properties": {
        "name": "鴨居北こども園",
        "capacity": 120,
        "address": "横浜市都筑区池辺町３８５１"
      }
    },
    {
      "type": "Feature",
      "geometry": {
        "type": "Point",
        "coordinates": [
          139.522354,
          35.402859
        ]
      },
      "properties": {
        "name": "エミールの森ひばり保育園",
        "capacity": 40,
        "address": "横浜市戸塚区戸塚町４５３６－２５"
      }
    },
    {
      "type": "Feature",
      "geometry": {
        "type": "Point",
        "coordinates": [
          139.6474,
          35.441132
        ]
      },
      "properties": {
        "name": "木下の保育園　山下町",
        "capacity": 50,
        "address": "横浜市中区山下町１１２－１１"
      }
    },
    {
      "type": "Feature",
      "geometry": {
        "type": "Point",
        "coordinates": [
          139.632309,
          35.462914
        ]
      },
      "properties": {
        "name": "キッズパートナーみなとみらい",
        "capacity": 60,
        "address": "横浜市西区みなとみらい６－３－４"
      }
    },
    {
      "type": "Feature",
      "geometry": {
        "type": "Point",
        "coordinates": [
          139.633102,
          35.526802
        ]
      },
      "properties": {
        "name": "パレット保育園・大倉山",
        "capacity": 80,
        "address": "横浜市港北区樽町１－１３－３"
      }
    },
    {
      "type": "Feature",
      "geometry": {
        "type": "Point",
        "coordinates": [
          139.501205,
          35.521172
        ]
      },
      "properties": {
        "name": "みもざ保育園",
        "capacity": 60,
        "address": "横浜市緑区長津田みなみ台４－４－４"
      }
    },
    {
      "type": "Feature",
      "geometry": {
        "type": "Point",
        "coordinates": [
          139.537628,
          35.400066
        ]
      },
      "properties": {
        "name": "とつかルーテル保育園",
        "capacity": 240,
        "address": "横浜市戸塚区吉田町１００－４"
      }
    },
    {
      "type": "Feature",
      "geometry": {
        "type": "Point",
        "coordinates": [
          139.500702,
          35.508251
        ]
      },
      "properties": {
        "name": "わかばの森保育園",
        "capacity": 35,
        "address": "横浜市旭区若葉台２－１４－１"
      }
    },
    {
      "type": "Feature",
      "geometry": {
        "type": "Point",
        "coordinates": [
          139.652679,
          35.53471
        ]
      },
      "properties": {
        "name": "駒岡こども園",
        "capacity": 30,
        "address": "横浜市鶴見区駒岡５－１５－３２"
      }
    },
    {
      "type": "Feature",
      "geometry": {
        "type": "Point",
        "coordinates": [
          139.63855,
          35.469982
        ]
      },
      "properties": {
        "name": "ＹＭＣＡ東かながわ保育園",
        "capacity": 60,
        "address": "横浜市神奈川区橋本町２－５－３"
      }
    },
    {
      "type": "Feature",
      "geometry": {
        "type": "Point",
        "coordinates": [
          139.530884,
          35.463181
        ]
      },
      "properties": {
        "name": "明徳二俣川保育園",
        "capacity": 90,
        "address": "横浜市旭区二俣川１－６－１"
      }
    },
    {
      "type": "Feature",
      "geometry": {
        "type": "Point",
        "coordinates": [
          139.647858,
          35.494171
        ]
      },
      "properties": {
        "name": "横浜大口雲母保育園",
        "capacity": 60,
        "address": "横浜市神奈川区神之木町２－２６"
      }
    },
    {
      "type": "Feature",
      "geometry": {
        "type": "Point",
        "coordinates": [
          139.499924,
          35.418499
        ]
      },
      "properties": {
        "name": "立場エンゼル保育園",
        "capacity": 50,
        "address": "横浜市泉区和泉中央北２－３６－６６"
      }
    },
    {
      "type": "Feature",
      "geometry": {
        "type": "Point",
        "coordinates": [
          139.679443,
          35.50843
        ]
      },
      "properties": {
        "name": "トライアングル　スマイル",
        "capacity": 46,
        "address": "横浜市鶴見区鶴見中央４－２８－７"
      }
    },
    {
      "type": "Feature",
      "geometry": {
        "type": "Point",
        "coordinates": [
          139.645111,
          35.488186
        ]
      },
      "properties": {
        "name": "聖徳保育園",
        "capacity": 207,
        "address": "横浜市神奈川区七島町１６３"
      }
    },
    {
      "type": "Feature",
      "geometry": {
        "type": "Point",
        "coordinates": [
          139.63031,
          35.414074
        ]
      },
      "properties": {
        "name": "原町星の子保育園",
        "capacity": 45,
        "address": "横浜市磯子区原町１４－２"
      }
    },
    {
      "type": "Feature",
      "geometry": {
        "type": "Point",
        "coordinates": [
          139.593094,
          35.416405
        ]
      },
      "properties": {
        "name": "上大岡ラビット保育園",
        "capacity": 47,
        "address": "横浜市南区別所２－８－１"
      }
    },
    {
      "type": "Feature",
      "geometry": {
        "type": "Point",
        "coordinates": [
          139.54213,
          35.461872
        ]
      },
      "properties": {
        "name": "横浜小谷かなりや保育園",
        "capacity": 60,
        "address": "横浜市旭区南本宿町２６－５"
      }
    },
    {
      "type": "Feature",
      "geometry": {
        "type": "Point",
        "coordinates": [
          139.623779,
          35.523693
        ]
      },
      "properties": {
        "name": "わおわお大倉山保育園",
        "capacity": 45,
        "address": "横浜市港北区大倉山５－７－２"
      }
    },
    {
      "type": "Feature",
      "geometry": {
        "type": "Point",
        "coordinates": [
          139.623047,
          35.41938
        ]
      },
      "properties": {
        "name": "横浜市東滝頭保育園",
        "capacity": 106,
        "address": "横浜市磯子区滝頭２－３１－３２"
      }
    },
    {
      "type": "Feature",
      "geometry": {
        "type": "Point",
        "coordinates": [
          139.541061,
          35.551044
        ]
      },
      "properties": {
        "name": "グローバルキッズ市が尾園",
        "capacity": 60,
        "address": "横浜市青葉区市ケ尾町１０６３－４"
      }
    },
    {
      "type": "Feature",
      "geometry": {
        "type": "Point",
        "coordinates": [
          139.679749,
          35.509018
        ]
      },
      "properties": {
        "name": "ビーンズ保育園",
        "capacity": 90,
        "address": "横浜市鶴見区鶴見中央１－２３－２６"
      }
    },
    {
      "type": "Feature",
      "geometry": {
        "type": "Point",
        "coordinates": [
          139.602753,
          35.476349
        ]
      },
      "properties": {
        "name": "スターチャイルド≪三ッ沢上町ナーサリー≫",
        "capacity": 63,
        "address": "横浜市神奈川区三ツ沢上町３－６"
      }
    },
    {
      "type": "Feature",
      "geometry": {
        "type": "Point",
        "coordinates": [
          139.519226,
          35.55043
        ]
      },
      "properties": {
        "name": "太陽の子　桜台保育園",
        "capacity": 60,
        "address": "横浜市青葉区桜台１－５"
      }
    },
    {
      "type": "Feature",
      "geometry": {
        "type": "Point",
        "coordinates": [
          139.612122,
          35.505547
        ]
      },
      "properties": {
        "name": "ペガサスベビー保育園",
        "capacity": 20,
        "address": "横浜市港北区新横浜１－１９－１８"
      }
    },
    {
      "type": "Feature",
      "geometry": {
        "type": "Point",
        "coordinates": [
          139.532791,
          35.461472
        ]
      },
      "properties": {
        "name": "横濱あんじゅ保育園",
        "capacity": 99,
        "address": "横浜市旭区二俣川２－５８－８"
      }
    },
    {
      "type": "Feature",
      "geometry": {
        "type": "Point",
        "coordinates": [
          139.494247,
          35.535549
        ]
      },
      "properties": {
        "name": "認可保育所どうぞのひろば",
        "capacity": 36,
        "address": "横浜市緑区長津田３－１－１８"
      }
    },
    {
      "type": "Feature",
      "geometry": {
        "type": "Point",
        "coordinates": [
          139.609421,
          35.481762
        ]
      },
      "properties": {
        "name": "横浜市神大寺保育園",
        "capacity": 65,
        "address": "横浜市神奈川区神大寺２－１－７"
      }
    },
    {
      "type": "Feature",
      "geometry": {
        "type": "Point",
        "coordinates": [
          139.49556,
          35.532021
        ]
      },
      "properties": {
        "name": "認可保育所どうぞのひろば分園",
        "capacity": 12,
        "address": "横浜市緑区長津田２－１－１"
      }
    },
    {
      "type": "Feature",
      "geometry": {
        "type": "Point",
        "coordinates": [
          139.661728,
          35.42223
        ]
      },
      "properties": {
        "name": "アスク本牧保育園",
        "capacity": 60,
        "address": "横浜市中区本牧和田１２－２３"
      }
    },
    {
      "type": "Feature",
      "geometry": {
        "type": "Point",
        "coordinates": [
          139.689682,
          35.511555
        ]
      },
      "properties": {
        "name": "東漸保育園",
        "capacity": 88,
        "address": "横浜市鶴見区栄町通３－３３－１６"
      }
    },
    {
      "type": "Feature",
      "geometry": {
        "type": "Point",
        "coordinates": [
          139.646515,
          35.495567
        ]
      },
      "properties": {
        "name": "グローバルキッズ大口園",
        "capacity": 65,
        "address": "横浜市神奈川区神之木町１６－１５"
      }
    },
    {
      "type": "Feature",
      "geometry": {
        "type": "Point",
        "coordinates": [
          139.640213,
          35.537964
        ]
      },
      "properties": {
        "name": "明日葉保育園綱島園",
        "capacity": 60,
        "address": "横浜市港北区綱島東３－１－４"
      }
    },
    {
      "type": "Feature",
      "geometry": {
        "type": "Point",
        "coordinates": [
          139.628433,
          35.359444
        ]
      },
      "properties": {
        "name": "ＹＭＣＡマナ保育園",
        "capacity": 60,
        "address": "横浜市金沢区能見台東１－１"
      }
    },
    {
      "type": "Feature",
      "geometry": {
        "type": "Point",
        "coordinates": [
          139.668549,
          35.528671
        ]
      },
      "properties": {
        "name": "上末吉白百合保育園",
        "capacity": 60,
        "address": "横浜市鶴見区上末吉３－５－２"
      }
    },
    {
      "type": "Feature",
      "geometry": {
        "type": "Point",
        "coordinates": [
          139.635056,
          35.522469
        ]
      },
      "properties": {
        "name": "スターチャイルド≪大倉山ナーサリー≫",
        "capacity": 63,
        "address": "横浜市港北区師岡町１１８４－１"
      }
    },
    {
      "type": "Feature",
      "geometry": {
        "type": "Point",
        "coordinates": [
          139.626495,
          35.359547
        ]
      },
      "properties": {
        "name": "きらら保育園",
        "capacity": 90,
        "address": "横浜市金沢区能見台東２－３"
      }
    },
    {
      "type": "Feature",
      "geometry": {
        "type": "Point",
        "coordinates": [
          139.500885,
          35.378227
        ]
      },
      "properties": {
        "name": "横浜市原宿保育園",
        "capacity": 66,
        "address": "横浜市戸塚区原宿４－２２－２"
      }
    },
    {
      "type": "Feature",
      "geometry": {
        "type": "Point",
        "coordinates": [
          139.541687,
          35.516602
        ]
      },
      "properties": {
        "name": "にじいろ保育園中山",
        "capacity": 63,
        "address": "横浜市緑区中山１－１７－１８"
      }
    },
    {
      "type": "Feature",
      "geometry": {
        "type": "Point",
        "coordinates": [
          139.621567,
          35.385006
        ]
      },
      "properties": {
        "name": "アスク新杉田保育園",
        "capacity": 40,
        "address": "横浜市磯子区新杉田町７－１１"
      }
    },
    {
      "type": "Feature",
      "geometry": {
        "type": "Point",
        "coordinates": [
          139.525681,
          35.453804
        ]
      },
      "properties": {
        "name": "のぞみ保育園",
        "capacity": 30,
        "address": "横浜市旭区柏町１１６－３"
      }
    },
    {
      "type": "Feature",
      "geometry": {
        "type": "Point",
        "coordinates": [
          139.641037,
          35.483688
        ]
      },
      "properties": {
        "name": "浦島保育園",
        "capacity": 75,
        "address": "横浜市神奈川区亀住町４－１１"
      }
    },
    {
      "type": "Feature",
      "geometry": {
        "type": "Point",
        "coordinates": [
          139.506744,
          35.467178
        ]
      },
      "properties": {
        "name": "夢のつぼみ保育園",
        "capacity": 50,
        "address": "横浜市旭区東希望が丘２４０－４"
      }
    },
    {
      "type": "Feature",
      "geometry": {
        "type": "Point",
        "coordinates": [
          139.682663,
          35.53981
        ]
      },
      "properties": {
        "name": "矢向保育園",
        "capacity": 57,
        "address": "横浜市鶴見区矢向５－１２－２４"
      }
    },
    {
      "type": "Feature",
      "geometry": {
        "type": "Point",
        "coordinates": [
          139.594513,
          35.446915
        ]
      },
      "properties": {
        "name": "霞台保育園分園さくらんぼ",
        "capacity": 20,
        "address": "横浜市保土ケ谷区霞台２－３"
      }
    },
    {
      "type": "Feature",
      "geometry": {
        "type": "Point",
        "coordinates": [
          139.654648,
          35.435444
        ]
      },
      "properties": {
        "name": "横浜市山手保育園",
        "capacity": 64,
        "address": "横浜市中区山手町１２４"
      }
    },
    {
      "type": "Feature",
      "geometry": {
        "type": "Point",
        "coordinates": [
          139.517044,
          35.549355
        ]
      },
      "properties": {
        "name": "みどり乳児園",
        "capacity": 50,
        "address": "横浜市青葉区青葉台１－２９－１５"
      }
    },
    {
      "type": "Feature",
      "geometry": {
        "type": "Point",
        "coordinates": [
          139.596695,
          35.419991
        ]
      },
      "properties": {
        "name": "キッズパートナー弘明寺",
        "capacity": 50,
        "address": "横浜市南区中里１－２１－１"
      }
    },
    {
      "type": "Feature",
      "geometry": {
        "type": "Point",
        "coordinates": [
          139.527557,
          35.44043
        ]
      },
      "properties": {
        "name": "緑園なえば保育園あかちゃんのいえ",
        "capacity": 20,
        "address": "横浜市泉区緑園５－３－１２"
      }
    },
    {
      "type": "Feature",
      "geometry": {
        "type": "Point",
        "coordinates": [
          139.626053,
          35.438362
        ]
      },
      "properties": {
        "name": "伊勢佐木町保育園",
        "capacity": 24,
        "address": "横浜市中区弥生町４－３９－２"
      }
    },
    {
      "type": "Feature",
      "geometry": {
        "type": "Point",
        "coordinates": [
          139.495209,
          35.534725
        ]
      },
      "properties": {
        "name": "太陽の子　長津田北保育園",
        "capacity": 66,
        "address": "横浜市緑区長津田３－１－４０"
      }
    },
    {
      "type": "Feature",
      "geometry": {
        "type": "Point",
        "coordinates": [
          139.676514,
          35.505978
        ]
      },
      "properties": {
        "name": "Ｊキッズプラネット鶴見保育園",
        "capacity": 70,
        "address": "横浜市鶴見区鶴見中央１－３１－２７"
      }
    },
    {
      "type": "Feature",
      "geometry": {
        "type": "Point",
        "coordinates": [
          139.619415,
          35.403481
        ]
      },
      "properties": {
        "name": "太陽の子　磯子保育園",
        "capacity": 81,
        "address": "横浜市磯子区磯子３－３－２１"
      }
    },
    {
      "type": "Feature",
      "geometry": {
        "type": "Point",
        "coordinates": [
          139.586456,
          35.373394
        ]
      },
      "properties": {
        "name": "港南台つばさ保育園",
        "capacity": 56,
        "address": "横浜市港南区港南台６－３－１６"
      }
    },
    {
      "type": "Feature",
      "geometry": {
        "type": "Point",
        "coordinates": [
          139.601715,
          35.419498
        ]
      },
      "properties": {
        "name": "アイン弘明寺保育園",
        "capacity": 70,
        "address": "横浜市南区大岡２－１６－５"
      }
    },
    {
      "type": "Feature",
      "geometry": {
        "type": "Point",
        "coordinates": [
          139.557373,
          35.575661
        ]
      },
      "properties": {
        "name": "スターチャイルド≪たまプラーザナーサリー≫",
        "capacity": 60,
        "address": "横浜市青葉区新石川２－４－７"
      }
    },
    {
      "type": "Feature",
      "geometry": {
        "type": "Point",
        "coordinates": [
          139.521347,
          35.534218
        ]
      },
      "properties": {
        "name": "しらとり台保育園さつきが丘",
        "capacity": 70,
        "address": "横浜市青葉区さつきが丘１１－２"
      }
    },
    {
      "type": "Feature",
      "geometry": {
        "type": "Point",
        "coordinates": [
          139.601456,
          35.458138
        ]
      },
      "properties": {
        "name": "保土ケ谷保育園",
        "capacity": 120,
        "address": "横浜市保土ケ谷区天王町１－３－３"
      }
    },
    {
      "type": "Feature",
      "geometry": {
        "type": "Point",
        "coordinates": [
          139.529678,
          35.460785
        ]
      },
      "properties": {
        "name": "保育園夢未来二俣川園",
        "capacity": 60,
        "address": "横浜市旭区さちが丘１３８－２"
      }
    },
    {
      "type": "Feature",
      "geometry": {
        "type": "Point",
        "coordinates": [
          139.634079,
          35.474751
        ]
      },
      "properties": {
        "name": "小鳩保育園",
        "capacity": 60,
        "address": "横浜市神奈川区神奈川２－１７－６"
      }
    },
    {
      "type": "Feature",
      "geometry": {
        "type": "Point",
        "coordinates": [
          139.567261,
          35.479828
        ]
      },
      "properties": {
        "name": "えぶち保育園",
        "capacity": 44,
        "address": "横浜市保土ケ谷区西谷町１０００－１"
      }
    },
    {
      "type": "Feature",
      "geometry": {
        "type": "Point",
        "coordinates": [
          139.631393,
          35.368008
        ]
      },
      "properties": {
        "name": "とみおかスマイル保育園",
        "capacity": 60,
        "address": "横浜市金沢区富岡東５－１９－９"
      }
    },
    {
      "type": "Feature",
      "geometry": {
        "type": "Point",
        "coordinates": [
          139.596542,
          35.435307
        ]
      },
      "properties": {
        "name": "くらき永田保育園",
        "capacity": 90,
        "address": "横浜市南区永田東２－５－８"
      }
    },
    {
      "type": "Feature",
      "geometry": {
        "type": "Point",
        "coordinates": [
          139.593857,
          35.37624
        ]
      },
      "properties": {
        "name": "洋光台中央福澤保育センター",
        "capacity": 90,
        "address": "横浜市磯子区洋光台５－３－１８"
      }
    },
    {
      "type": "Feature",
      "geometry": {
        "type": "Point",
        "coordinates": [
          139.593491,
          35.420826
        ]
      },
      "properties": {
        "name": "久良岐保育園",
        "capacity": 120,
        "address": "横浜市南区中里３－２３－１"
      }
    },
    {
      "type": "Feature",
      "geometry": {
        "type": "Point",
        "coordinates": [
          139.558395,
          35.370941
        ]
      },
      "properties": {
        "name": "やまゆり保育園",
        "capacity": 140,
        "address": "横浜市栄区鍛冶ケ谷町３２３"
      }
    },
    {
      "type": "Feature",
      "geometry": {
        "type": "Point",
        "coordinates": [
          139.633194,
          35.477715
        ]
      },
      "properties": {
        "name": "メリーポピンズ東神奈川ルーム",
        "capacity": 35,
        "address": "横浜市神奈川区東神奈川１－１４－３５"
      }
    },
    {
      "type": "Feature",
      "geometry": {
        "type": "Point",
        "coordinates": [
          139.493912,
          35.41573
        ]
      },
      "properties": {
        "name": "泉の郷保育園いずみ",
        "capacity": 45,
        "address": "横浜市泉区和泉中央北３－１－５"
      }
    },
    {
      "type": "Feature",
      "geometry": {
        "type": "Point",
        "coordinates": [
          139.641541,
          35.439247
        ]
      },
      "properties": {
        "name": "保育園小紅",
        "capacity": 36,
        "address": "横浜市中区吉浜町２－６７"
      }
    },
    {
      "type": "Feature",
      "geometry": {
        "type": "Point",
        "coordinates": [
          139.591476,
          35.476898
        ]
      },
      "properties": {
        "name": "森のルーナ保育園",
        "capacity": 60,
        "address": "横浜市保土ケ谷区常盤台７９－１"
      }
    },
    {
      "type": "Feature",
      "geometry": {
        "type": "Point",
        "coordinates": [
          139.687057,
          35.524811
        ]
      },
      "properties": {
        "name": "鶴見ルーナ保育園",
        "capacity": 90,
        "address": "横浜市鶴見区尻手１－１－１５"
      }
    },
    {
      "type": "Feature",
      "geometry": {
        "type": "Point",
        "coordinates": [
          139.635925,
          35.544868
        ]
      },
      "properties": {
        "name": "わかさと保育園",
        "capacity": 60,
        "address": "横浜市港北区綱島西６－３－１３"
      }
    },
    {
      "type": "Feature",
      "geometry": {
        "type": "Point",
        "coordinates": [
          139.633163,
          35.518993
        ]
      },
      "properties": {
        "name": "キディ大倉山・横浜",
        "capacity": 60,
        "address": "横浜市港北区大豆戸町３５－１"
      }
    },
    {
      "type": "Feature",
      "geometry": {
        "type": "Point",
        "coordinates": [
          139.550293,
          35.367195
        ]
      },
      "properties": {
        "name": "ベネッセ　本郷台保育園",
        "capacity": 60,
        "address": "横浜市栄区小菅ケ谷１－１－６"
      }
    },
    {
      "type": "Feature",
      "geometry": {
        "type": "Point",
        "coordinates": [
          139.633011,
          35.518982
        ]
      },
      "properties": {
        "name": "ケンパ高田",
        "capacity": 60,
        "address": "横浜市港北区髙田東４－１７－１７"
      }
    },
    {
      "type": "Feature",
      "geometry": {
        "type": "Point",
        "coordinates": [
          139.692902,
          35.500889
        ]
      },
      "properties": {
        "name": "入船の森保育園",
        "capacity": 40,
        "address": "横浜市鶴見区浜町１－１－１"
      }
    },
    {
      "type": "Feature",
      "geometry": {
        "type": "Point",
        "coordinates": [
          139.588882,
          35.56078
        ]
      },
      "properties": {
        "name": "第二しらとり台保育園",
        "capacity": 90,
        "address": "横浜市都筑区北山田３－４－１４"
      }
    },
    {
      "type": "Feature",
      "geometry": {
        "type": "Point",
        "coordinates": [
          139.559906,
          35.580433
        ]
      },
      "properties": {
        "name": "小学館アカデミーたまプラーザ保育園",
        "capacity": 78,
        "address": "横浜市青葉区美しが丘２－１８－８"
      }
    },
    {
      "type": "Feature",
      "geometry": {
        "type": "Point",
        "coordinates": [
          139.6474,
          35.528408
        ]
      },
      "properties": {
        "name": "にじの風保育園",
        "capacity": 60,
        "address": "横浜市鶴見区駒岡２－６－５６"
      }
    },
    {
      "type": "Feature",
      "geometry": {
        "type": "Point",
        "coordinates": [
          139.486938,
          35.417355
        ]
      },
      "properties": {
        "name": "にじいろ保育園いずみ中央",
        "capacity": 56,
        "address": "横浜市泉区和泉中央北５－１１－５"
      }
    },
    {
      "type": "Feature",
      "geometry": {
        "type": "Point",
        "coordinates": [
          139.604553,
          35.555988
        ]
      },
      "properties": {
        "name": "やまた保育園",
        "capacity": 60,
        "address": "横浜市都筑区東山田町３４９－２"
      }
    },
    {
      "type": "Feature",
      "geometry": {
        "type": "Point",
        "coordinates": [
          139.611969,
          35.335861
        ]
      },
      "properties": {
        "name": "コンビプラザ金沢八景保育園",
        "capacity": 54,
        "address": "横浜市金沢区大川７－７"
      }
    },
    {
      "type": "Feature",
      "geometry": {
        "type": "Point",
        "coordinates": [
          139.635574,
          35.444672
        ]
      },
      "properties": {
        "name": "にじいろ保育園関内",
        "capacity": 50,
        "address": "横浜市中区港町３－１４－３"
      }
    },
    {
      "type": "Feature",
      "geometry": {
        "type": "Point",
        "coordinates": [
          139.547302,
          35.469631
        ]
      },
      "properties": {
        "name": "鶴ヶ峰保育園",
        "capacity": 60,
        "address": "横浜市旭区鶴ケ峰１－６４－１"
      }
    },
    {
      "type": "Feature",
      "geometry": {
        "type": "Point",
        "coordinates": [
          139.505341,
          35.514202
        ]
      },
      "properties": {
        "name": "バオバブ霧が丘保育園",
        "capacity": 100,
        "address": "横浜市緑区霧が丘３－２５－１"
      }
    },
    {
      "type": "Feature",
      "geometry": {
        "type": "Point",
        "coordinates": [
          139.577667,
          35.376575
        ]
      },
      "properties": {
        "name": "港南台保育園",
        "capacity": 118,
        "address": "横浜市港南区港南台３－７－５"
      }
    },
    {
      "type": "Feature",
      "geometry": {
        "type": "Point",
        "coordinates": [
          139.686722,
          35.510887
        ]
      },
      "properties": {
        "name": "アートチャイルドケア鶴見",
        "capacity": 52,
        "address": "横浜市鶴見区鶴見中央３－１０"
      }
    },
    {
      "type": "Feature",
      "geometry": {
        "type": "Point",
        "coordinates": [
          139.509735,
          35.469875
        ]
      },
      "properties": {
        "name": "キッズビレッジつくし保育園",
        "capacity": 60,
        "address": "横浜市旭区笹野台４－１１－１９"
      }
    },
    {
      "type": "Feature",
      "geometry": {
        "type": "Point",
        "coordinates": [
          139.515121,
          35.544205
        ]
      },
      "properties": {
        "name": "いずみ青葉台保育園",
        "capacity": 70,
        "address": "横浜市青葉区青葉台２－８－２７"
      }
    },
    {
      "type": "Feature",
      "geometry": {
        "type": "Point",
        "coordinates": [
          139.619843,
          35.494595
        ]
      },
      "properties": {
        "name": "スターチャイルド≪岸根公園ナーサリー≫",
        "capacity": 60,
        "address": "横浜市神奈川区六角橋６－３１－１"
      }
    },
    {
      "type": "Feature",
      "geometry": {
        "type": "Point",
        "coordinates": [
          139.494431,
          35.521561
        ]
      },
      "properties": {
        "name": "もりの風保育園",
        "capacity": 90,
        "address": "横浜市緑区長津田みなみ台２－１２－１２"
      }
    },
    {
      "type": "Feature",
      "geometry": {
        "type": "Point",
        "coordinates": [
          139.565628,
          35.353233
        ]
      },
      "properties": {
        "name": "横浜市桂台保育園",
        "capacity": 86,
        "address": "横浜市栄区桂台中４－１５"
      }
    },
    {
      "type": "Feature",
      "geometry": {
        "type": "Point",
        "coordinates": [
          139.497452,
          35.532005
        ]
      },
      "properties": {
        "name": "キッズフォレ長津田",
        "capacity": 100,
        "address": "横浜市緑区長津田２－３４－１２"
      }
    },
    {
      "type": "Feature",
      "geometry": {
        "type": "Point",
        "coordinates": [
          139.490601,
          35.470284
        ]
      },
      "properties": {
        "name": "ゆたか保育園",
        "capacity": 60,
        "address": "横浜市瀬谷区瀬谷１－１－３"
      }
    },
    {
      "type": "Feature",
      "geometry": {
        "type": "Point",
        "coordinates": [
          139.631042,
          35.53138
        ]
      },
      "properties": {
        "name": "おおつな保育園",
        "capacity": 165,
        "address": "横浜市港北区大曽根２－３３－８"
      }
    },
    {
      "type": "Feature",
      "geometry": {
        "type": "Point",
        "coordinates": [
          139.655899,
          35.48613
        ]
      },
      "properties": {
        "name": "太陽の子　新子安保育園",
        "capacity": 36,
        "address": "横浜市神奈川区子安通３－３４１－１"
      }
    },
    {
      "type": "Feature",
      "geometry": {
        "type": "Point",
        "coordinates": [
          139.581238,
          35.446545
        ]
      },
      "properties": {
        "name": "若葉保育園",
        "capacity": 60,
        "address": "横浜市保土ケ谷区保土ケ谷町３－２０５"
      }
    },
    {
      "type": "Feature",
      "geometry": {
        "type": "Point",
        "coordinates": [
          139.642471,
          35.500916
        ]
      },
      "properties": {
        "name": "ブライト保育園横浜松見町",
        "capacity": 60,
        "address": "横浜市神奈川区松見町３－２－４"
      }
    },
    {
      "type": "Feature",
      "geometry": {
        "type": "Point",
        "coordinates": [
          139.571686,
          35.386471
        ]
      },
      "properties": {
        "name": "横浜市野庭保育園",
        "capacity": 105,
        "address": "横浜市港南区野庭町６３５"
      }
    },
    {
      "type": "Feature",
      "geometry": {
        "type": "Point",
        "coordinates": [
          139.619415,
          35.403481
        ]
      },
      "properties": {
        "name": "ヨコハマみらい保育園",
        "capacity": 60,
        "address": "横浜市磯子区磯子３－３－２１"
      }
    },
    {
      "type": "Feature",
      "geometry": {
        "type": "Point",
        "coordinates": [
          139.66954,
          35.497345
        ]
      },
      "properties": {
        "name": "ヨコハマさくら保育園",
        "capacity": 90,
        "address": "横浜市鶴見区生麦４－５－１１"
      }
    },
    {
      "type": "Feature",
      "geometry": {
        "type": "Point",
        "coordinates": [
          139.598999,
          35.45879
        ]
      },
      "properties": {
        "name": "星川もえぎ保育園",
        "capacity": 47,
        "address": "横浜市保土ケ谷区川辺町３－１"
      }
    },
    {
      "type": "Feature",
      "geometry": {
        "type": "Point",
        "coordinates": [
          139.613831,
          35.552975
        ]
      },
      "properties": {
        "name": "みらいく高田園",
        "capacity": 60,
        "address": "横浜市港北区高田西４－２６－７"
      }
    },
    {
      "type": "Feature",
      "geometry": {
        "type": "Point",
        "coordinates": [
          139.532013,
          35.402191
        ]
      },
      "properties": {
        "name": "にじいろ保育園戸塚分園",
        "capacity": 24,
        "address": "横浜市戸塚区戸塚町４９１２－２"
      }
    },
    {
      "type": "Feature",
      "geometry": {
        "type": "Point",
        "coordinates": [
          139.577911,
          35.41341
        ]
      },
      "properties": {
        "name": "港南あひる保育園",
        "capacity": 50,
        "address": "横浜市港南区東芹が谷１４－１０"
      }
    },
    {
      "type": "Feature",
      "geometry": {
        "type": "Point",
        "coordinates": [
          139.593491,
          35.40799
        ]
      },
      "properties": {
        "name": "つばさ保育園",
        "capacity": 60,
        "address": "横浜市港南区大久保１－２０－３９"
      }
    },
    {
      "type": "Feature",
      "geometry": {
        "type": "Point",
        "coordinates": [
          139.68045,
          35.512562
        ]
      },
      "properties": {
        "name": "実遊中央保育園",
        "capacity": 60,
        "address": "横浜市鶴見区鶴見中央２－１６－２７"
      }
    },
    {
      "type": "Feature",
      "geometry": {
        "type": "Point",
        "coordinates": [
          139.599609,
          35.437672
        ]
      },
      "properties": {
        "name": "たけのこ永田東保育園",
        "capacity": 66,
        "address": "横浜市南区永田東３－３－１０"
      }
    },
    {
      "type": "Feature",
      "geometry": {
        "type": "Point",
        "coordinates": [
          139.496994,
          35.521748
        ]
      },
      "properties": {
        "name": "みなみ台保育園アネックス",
        "capacity": 40,
        "address": "横浜市緑区長津田みなみ台１－３４－９"
      }
    },
    {
      "type": "Feature",
      "geometry": {
        "type": "Point",
        "coordinates": [
          139.613556,
          35.474628
        ]
      },
      "properties": {
        "name": "フレール保育園",
        "capacity": 49,
        "address": "横浜市神奈川区三ツ沢東町２－５０"
      }
    },
    {
      "type": "Feature",
      "geometry": {
        "type": "Point",
        "coordinates": [
          139.630798,
          35.515568
        ]
      },
      "properties": {
        "name": "光の園第二保育園",
        "capacity": 21,
        "address": "横浜市港北区菊名６－２１－１７"
      }
    },
    {
      "type": "Feature",
      "geometry": {
        "type": "Point",
        "coordinates": [
          139.501038,
          35.453182
        ]
      },
      "properties": {
        "name": "阿久和保育園",
        "capacity": 90,
        "address": "横浜市瀬谷区阿久和西２－２８－１３"
      }
    },
    {
      "type": "Feature",
      "geometry": {
        "type": "Point",
        "coordinates": [
          139.515656,
          35.386574
        ]
      },
      "properties": {
        "name": "おおぞらひまわり保育園",
        "capacity": 70,
        "address": "横浜市戸塚区汲沢町１１８"
      }
    },
    {
      "type": "Feature",
      "geometry": {
        "type": "Point",
        "coordinates": [
          139.618759,
          35.372646
        ]
      },
      "properties": {
        "name": "杉田保育園",
        "capacity": 70,
        "address": "横浜市磯子区杉田７－２－１"
      }
    },
    {
      "type": "Feature",
      "geometry": {
        "type": "Point",
        "coordinates": [
          139.555283,
          35.465775
        ]
      },
      "properties": {
        "name": "上の原保育園",
        "capacity": 60,
        "address": "横浜市旭区小高町１０４－５"
      }
    },
    {
      "type": "Feature",
      "geometry": {
        "type": "Point",
        "coordinates": [
          139.575485,
          35.557446
        ]
      },
      "properties": {
        "name": "つづきルーテル保育園",
        "capacity": 120,
        "address": "横浜市都筑区牛久保西２－１８－１"
      }
    },
    {
      "type": "Feature",
      "geometry": {
        "type": "Point",
        "coordinates": [
          139.595398,
          35.409103
        ]
      },
      "properties": {
        "name": "上大岡ゆう保育園",
        "capacity": 120,
        "address": "横浜市港南区上大岡西１－１５－１"
      }
    },
    {
      "type": "Feature",
      "geometry": {
        "type": "Point",
        "coordinates": [
          139.629013,
          35.358021
        ]
      },
      "properties": {
        "name": "金沢ぴよっこ保育園",
        "capacity": 60,
        "address": "横浜市金沢区堀口１９－３"
      }
    },
    {
      "type": "Feature",
      "geometry": {
        "type": "Point",
        "coordinates": [
          139.550293,
          35.417225
        ]
      },
      "properties": {
        "name": "ことは保育園",
        "capacity": 120,
        "address": "横浜市戸塚区柏尾町７４２"
      }
    },
    {
      "type": "Feature",
      "geometry": {
        "type": "Point",
        "coordinates": [
          139.569977,
          35.540344
        ]
      },
      "properties": {
        "name": "横浜市茅ケ崎南保育園",
        "capacity": 138,
        "address": "横浜市都筑区茅ケ崎南５－１１－３"
      }
    },
    {
      "type": "Feature",
      "geometry": {
        "type": "Point",
        "coordinates": [
          139.617691,
          35.546242
        ]
      },
      "properties": {
        "name": "森のエルマー保育園",
        "capacity": 60,
        "address": "横浜市港北区新吉田東３－６－３３"
      }
    },
    {
      "type": "Feature",
      "geometry": {
        "type": "Point",
        "coordinates": [
          139.578766,
          35.550785
        ]
      },
      "properties": {
        "name": "アスクセンター北保育園",
        "capacity": 58,
        "address": "横浜市都筑区中川中央１－１９－２０"
      }
    },
    {
      "type": "Feature",
      "geometry": {
        "type": "Point",
        "coordinates": [
          139.643387,
          35.541729
        ]
      },
      "properties": {
        "name": "木下の保育園　綱島東",
        "capacity": 78,
        "address": "横浜市港北区綱島東４－５－３５"
      }
    },
    {
      "type": "Feature",
      "geometry": {
        "type": "Point",
        "coordinates": [
          139.624725,
          35.513695
        ]
      },
      "properties": {
        "name": "パレット保育園・大豆戸",
        "capacity": 60,
        "address": "横浜市港北区大豆戸町５５２－１"
      }
    },
    {
      "type": "Feature",
      "geometry": {
        "type": "Point",
        "coordinates": [
          139.666107,
          35.427399
        ]
      },
      "properties": {
        "name": "すいとぴー保育園",
        "capacity": 60,
        "address": "横浜市中区本牧原１－１１"
      }
    },
    {
      "type": "Feature",
      "geometry": {
        "type": "Point",
        "coordinates": [
          139.508606,
          35.430931
        ]
      },
      "properties": {
        "name": "鳩の森愛の詩保育園",
        "capacity": 135,
        "address": "横浜市泉区新橋町７６５－３"
      }
    },
    {
      "type": "Feature",
      "geometry": {
        "type": "Point",
        "coordinates": [
          139.62532,
          35.461727
        ]
      },
      "properties": {
        "name": "京急キッズランド新高島保育園",
        "capacity": 60,
        "address": "横浜市西区高島１－２－８"
      }
    },
    {
      "type": "Feature",
      "geometry": {
        "type": "Point",
        "coordinates": [
          139.527344,
          35.391075
        ]
      },
      "properties": {
        "name": "グローバルキッズ戸塚園",
        "capacity": 60,
        "address": "横浜市戸塚区戸塚町６００３－３"
      }
    },
    {
      "type": "Feature",
      "geometry": {
        "type": "Point",
        "coordinates": [
          139.621048,
          35.424076
        ]
      },
      "properties": {
        "name": "横浜ナーサリー",
        "capacity": 140,
        "address": "横浜市磯子区丸山１－１７－１７"
      }
    },
    {
      "type": "Feature",
      "geometry": {
        "type": "Point",
        "coordinates": [
          139.510544,
          35.436195
        ]
      },
      "properties": {
        "name": "横浜ルンビニー保育園",
        "capacity": 122,
        "address": "横浜市泉区新橋町１１７５－１"
      }
    },
    {
      "type": "Feature",
      "geometry": {
        "type": "Point",
        "coordinates": [
          139.580322,
          35.506538
        ]
      },
      "properties": {
        "name": "福澤保育センター",
        "capacity": 121,
        "address": "横浜市緑区東本郷４－２５－１４"
      }
    },
    {
      "type": "Feature",
      "geometry": {
        "type": "Point",
        "coordinates": [
          139.529236,
          35.481403
        ]
      },
      "properties": {
        "name": "横浜市今宿保育園",
        "capacity": 72,
        "address": "横浜市旭区今宿南町２０００－４"
      }
    },
    {
      "type": "Feature",
      "geometry": {
        "type": "Point",
        "coordinates": [
          139.485931,
          35.465012
        ]
      },
      "properties": {
        "name": "瀬谷中央保育園",
        "capacity": 90,
        "address": "横浜市瀬谷区橋戸１－３５－２８"
      }
    },
    {
      "type": "Feature",
      "geometry": {
        "type": "Point",
        "coordinates": [
          139.634583,
          35.437004
        ]
      },
      "properties": {
        "name": "ヨコハマきぼう保育園",
        "capacity": 90,
        "address": "横浜市中区三吉町１－２"
      }
    },
    {
      "type": "Feature",
      "geometry": {
        "type": "Point",
        "coordinates": [
          139.589386,
          35.533478
        ]
      },
      "properties": {
        "name": "なかまちっこ　じゃんぷ園",
        "capacity": 54,
        "address": "横浜市都筑区仲町台４－１９－１４"
      }
    },
    {
      "type": "Feature",
      "geometry": {
        "type": "Point",
        "coordinates": [
          139.672836,
          35.512733
        ]
      },
      "properties": {
        "name": "横浜山手モンテッソーリ保育園",
        "capacity": 57,
        "address": "横浜市鶴見区豊岡町３８－７"
      }
    },
    {
      "type": "Feature",
      "geometry": {
        "type": "Point",
        "coordinates": [
          139.673782,
          35.513504
        ]
      },
      "properties": {
        "name": "みゆさと保育園",
        "capacity": 60,
        "address": "横浜市鶴見区豊岡町４０－１５"
      }
    },
    {
      "type": "Feature",
      "geometry": {
        "type": "Point",
        "coordinates": [
          139.495911,
          35.53405
        ]
      },
      "properties": {
        "name": "横浜市長津田保育園",
        "capacity": 95,
        "address": "横浜市緑区長津田２－１１－１"
      }
    },
    {
      "type": "Feature",
      "geometry": {
        "type": "Point",
        "coordinates": [
          139.622284,
          35.473621
        ]
      },
      "properties": {
        "name": "いずみ反町保育園分園",
        "capacity": 18,
        "address": "横浜市神奈川区上反町２－２７－６"
      }
    },
    {
      "type": "Feature",
      "geometry": {
        "type": "Point",
        "coordinates": [
          139.630127,
          35.5354
        ]
      },
      "properties": {
        "name": "尚花愛児園",
        "capacity": 170,
        "address": "横浜市港北区綱島西２－１５－８"
      }
    },
    {
      "type": "Feature",
      "geometry": {
        "type": "Point",
        "coordinates": [
          139.623077,
          35.487251
        ]
      },
      "properties": {
        "name": "グローバルキッズ白楽園",
        "capacity": 60,
        "address": "横浜市神奈川区六角橋２－９－１６"
      }
    },
    {
      "type": "Feature",
      "geometry": {
        "type": "Point",
        "coordinates": [
          139.597824,
          35.430744
        ]
      },
      "properties": {
        "name": "ひびき井土ヶ谷保育園",
        "capacity": 70,
        "address": "横浜市南区井土ケ谷上町２６－２４"
      }
    },
    {
      "type": "Feature",
      "geometry": {
        "type": "Point",
        "coordinates": [
          139.678162,
          35.528721
        ]
      },
      "properties": {
        "name": "矢向あけぼの保育園",
        "capacity": 60,
        "address": "横浜市鶴見区矢向１－５－２６"
      }
    },
    {
      "type": "Feature",
      "geometry": {
        "type": "Point",
        "coordinates": [
          139.507889,
          35.451847
        ]
      },
      "properties": {
        "name": "善部保育園",
        "capacity": 80,
        "address": "横浜市旭区善部町４４－７"
      }
    },
    {
      "type": "Feature",
      "geometry": {
        "type": "Point",
        "coordinates": [
          139.653076,
          35.546288
        ]
      },
      "properties": {
        "name": "日吉こども園",
        "capacity": 60,
        "address": "横浜市港北区日吉５－１１－２４"
      }
    },
    {
      "type": "Feature",
      "geometry": {
        "type": "Point",
        "coordinates": [
          139.532013,
          35.402191
        ]
      },
      "properties": {
        "name": "みんなともだち保育園",
        "capacity": 30,
        "address": "横浜市戸塚区戸塚町４９１２－２"
      }
    },
    {
      "type": "Feature",
      "geometry": {
        "type": "Point",
        "coordinates": [
          139.486481,
          35.483818
        ]
      },
      "properties": {
        "name": "わらべ細谷戸保育園",
        "capacity": 71,
        "address": "横浜市瀬谷区瀬谷町５９４５"
      }
    },
    {
      "type": "Feature",
      "geometry": {
        "type": "Point",
        "coordinates": [
          139.679184,
          35.531116
        ]
      },
      "properties": {
        "name": "こあらっこはうす　ル・ソレイユ",
        "capacity": 60,
        "address": "横浜市鶴見区矢向３－５－２７"
      }
    },
    {
      "type": "Feature",
      "geometry": {
        "type": "Point",
        "coordinates": [
          139.530334,
          35.53693
        ]
      },
      "properties": {
        "name": "ちぐさのもり保育園",
        "capacity": 75,
        "address": "横浜市青葉区千草台３２－１５"
      }
    },
    {
      "type": "Feature",
      "geometry": {
        "type": "Point",
        "coordinates": [
          139.524765,
          35.396984
        ]
      },
      "properties": {
        "name": "戸塚芙蓉保育所",
        "capacity": 50,
        "address": "横浜市戸塚区戸塚町４３９６"
      }
    },
    {
      "type": "Feature",
      "geometry": {
        "type": "Point",
        "coordinates": [
          139.61676,
          35.403053
        ]
      },
      "properties": {
        "name": "にじいろ保育園磯子",
        "capacity": 70,
        "address": "横浜市磯子区磯子３－１３Ｋ"
      }
    },
    {
      "type": "Feature",
      "geometry": {
        "type": "Point",
        "coordinates": [
          139.637558,
          35.451347
        ]
      },
      "properties": {
        "name": "ポピンズナーサリースクール馬車道",
        "capacity": 50,
        "address": "横浜市中区海岸通５－２５－２－２５"
      }
    },
    {
      "type": "Feature",
      "geometry": {
        "type": "Point",
        "coordinates": [
          139.577499,
          35.466244
        ]
      },
      "properties": {
        "name": "エルアンジュ保育園分園",
        "capacity": 20,
        "address": "横浜市保土ケ谷区坂本町１６７－２０"
      }
    },
    {
      "type": "Feature",
      "geometry": {
        "type": "Point",
        "coordinates": [
          139.630951,
          35.521488
        ]
      },
      "properties": {
        "name": "聖保育園第二",
        "capacity": 46,
        "address": "横浜市港北区大倉山１－１１－８"
      }
    },
    {
      "type": "Feature",
      "geometry": {
        "type": "Point",
        "coordinates": [
          139.634445,
          35.503178
        ]
      },
      "properties": {
        "name": "リトルスカラー妙蓮寺保育園",
        "capacity": 60,
        "address": "横浜市港北区菊名１－１７－８"
      }
    },
    {
      "type": "Feature",
      "geometry": {
        "type": "Point",
        "coordinates": [
          139.655472,
          35.523987
        ]
      },
      "properties": {
        "name": "駒岡げんきっず保育園",
        "capacity": 60,
        "address": "横浜市鶴見区駒岡１－１－７"
      }
    },
    {
      "type": "Feature",
      "geometry": {
        "type": "Point",
        "coordinates": [
          139.474686,
          35.4851
        ]
      },
      "properties": {
        "name": "横浜市中屋敷保育園",
        "capacity": 97,
        "address": "横浜市瀬谷区中屋敷２－２９－２"
      }
    },
    {
      "type": "Feature",
      "geometry": {
        "type": "Point",
        "coordinates": [
          139.535873,
          35.476913
        ]
      },
      "properties": {
        "name": "ちとせ保育園",
        "capacity": 192,
        "address": "横浜市旭区今川町６０－２"
      }
    },
    {
      "type": "Feature",
      "geometry": {
        "type": "Point",
        "coordinates": [
          139.621399,
          35.333836
        ]
      },
      "properties": {
        "name": "金沢八景ＹＭＣＡ保育園",
        "capacity": 60,
        "address": "横浜市金沢区瀬戸２３－２１"
      }
    },
    {
      "type": "Feature",
      "geometry": {
        "type": "Point",
        "coordinates": [
          139.527344,
          35.391075
        ]
      },
      "properties": {
        "name": "グローバルキッズ戸塚第二保育園",
        "capacity": 110,
        "address": "横浜市戸塚区戸塚町６００２－３９"
      }
    },
    {
      "type": "Feature",
      "geometry": {
        "type": "Point",
        "coordinates": [
          139.52832,
          35.407345
        ]
      },
      "properties": {
        "name": "戸塚せせらぎ保育園",
        "capacity": 80,
        "address": "横浜市戸塚区矢部町３００１－２"
      }
    },
    {
      "type": "Feature",
      "geometry": {
        "type": "Point",
        "coordinates": [
          139.633774,
          35.531261
        ]
      },
      "properties": {
        "name": "小学館アカデミーつなしま保育園",
        "capacity": 60,
        "address": "横浜市港北区樽町２－１３－２７"
      }
    },
    {
      "type": "Feature",
      "geometry": {
        "type": "Point",
        "coordinates": [
          139.678116,
          35.539055
        ]
      },
      "properties": {
        "name": "スターチャイルド≪矢向ナーサリー≫",
        "capacity": 50,
        "address": "横浜市鶴見区矢向６－１２－１"
      }
    },
    {
      "type": "Feature",
      "geometry": {
        "type": "Point",
        "coordinates": [
          139.604721,
          35.48748
        ]
      },
      "properties": {
        "name": "ココファン・ナーサリー片倉",
        "capacity": 60,
        "address": "横浜市神奈川区片倉１－２３－２６"
      }
    },
    {
      "type": "Feature",
      "geometry": {
        "type": "Point",
        "coordinates": [
          139.677734,
          35.510799
        ]
      },
      "properties": {
        "name": "鶴見中央はなかご保育園",
        "capacity": 60,
        "address": "横浜市鶴見区鶴見中央１－１６－５"
      }
    },
    {
      "type": "Feature",
      "geometry": {
        "type": "Point",
        "coordinates": [
          139.536392,
          35.361168
        ]
      },
      "properties": {
        "name": "かさまの杜保育園",
        "capacity": 120,
        "address": "横浜市栄区笠間３－１１－８"
      }
    },
    {
      "type": "Feature",
      "geometry": {
        "type": "Point",
        "coordinates": [
          139.642532,
          35.439529
        ]
      },
      "properties": {
        "name": "キディ石川町・横浜",
        "capacity": 60,
        "address": "横浜市中区吉浜町１－６"
      }
    },
    {
      "type": "Feature",
      "geometry": {
        "type": "Point",
        "coordinates": [
          139.514511,
          35.526562
        ]
      },
      "properties": {
        "name": "グローバルキッズ十日市場園",
        "capacity": 58,
        "address": "横浜市緑区十日市場町８７１－５"
      }
    },
    {
      "type": "Feature",
      "geometry": {
        "type": "Point",
        "coordinates": [
          139.658951,
          35.431507
        ]
      },
      "properties": {
        "name": "木下の保育園　本牧",
        "capacity": 78,
        "address": "横浜市中区本牧町１－３６－２０"
      }
    },
    {
      "type": "Feature",
      "geometry": {
        "type": "Point",
        "coordinates": [
          139.579437,
          35.561428
        ]
      },
      "properties": {
        "name": "パレット保育園・牛久保西",
        "capacity": 60,
        "address": "横浜市都筑区牛久保西３－１２－２２"
      }
    },
    {
      "type": "Feature",
      "geometry": {
        "type": "Point",
        "coordinates": [
          139.621948,
          35.33876
        ]
      },
      "properties": {
        "name": "横浜市金沢さくら保育園",
        "capacity": 110,
        "address": "横浜市金沢区泥亀１－２１－１"
      }
    },
    {
      "type": "Feature",
      "geometry": {
        "type": "Point",
        "coordinates": [
          139.560089,
          35.576935
        ]
      },
      "properties": {
        "name": "京進のほいくえんＨＯＰＰＡたまプラーザ",
        "capacity": 60,
        "address": "横浜市青葉区新石川３－２－５"
      }
    },
    {
      "type": "Feature",
      "geometry": {
        "type": "Point",
        "coordinates": [
          139.527893,
          35.548264
        ]
      },
      "properties": {
        "name": "茶々かきのきだい保育園",
        "capacity": 180,
        "address": "横浜市青葉区柿の木台７－５"
      }
    },
    {
      "type": "Feature",
      "geometry": {
        "type": "Point",
        "coordinates": [
          139.495743,
          35.46804
        ]
      },
      "properties": {
        "name": "ココファン・ナーサリー二ツ橋",
        "capacity": 60,
        "address": "横浜市瀬谷区二ツ橋町３５１－３"
      }
    },
    {
      "type": "Feature",
      "geometry": {
        "type": "Point",
        "coordinates": [
          139.560516,
          35.435169
        ]
      },
      "properties": {
        "name": "東戸塚こども園",
        "capacity": 60,
        "address": "横浜市戸塚区品濃町５６３－８"
      }
    },
    {
      "type": "Feature",
      "geometry": {
        "type": "Point",
        "coordinates": [
          139.564224,
          35.50803
        ]
      },
      "properties": {
        "name": "さくらの郷みらい保育園",
        "capacity": 105,
        "address": "横浜市緑区鴨居４－５２－１５"
      }
    },
    {
      "type": "Feature",
      "geometry": {
        "type": "Point",
        "coordinates": [
          139.581818,
          35.371906
        ]
      },
      "properties": {
        "name": "赤い屋根保育園",
        "capacity": 120,
        "address": "横浜市港南区港南台５－３－１"
      }
    },
    {
      "type": "Feature",
      "geometry": {
        "type": "Point",
        "coordinates": [
          139.619751,
          35.408733
        ]
      },
      "properties": {
        "name": "日枝幼児園",
        "capacity": 70,
        "address": "横浜市磯子区磯子４－３－１１"
      }
    },
    {
      "type": "Feature",
      "geometry": {
        "type": "Point",
        "coordinates": [
          139.610794,
          35.433208
        ]
      },
      "properties": {
        "name": "蒔田ひまわり保育園",
        "capacity": 60,
        "address": "横浜市南区花之木町２－２６"
      }
    },
    {
      "type": "Feature",
      "geometry": {
        "type": "Point",
        "coordinates": [
          139.631897,
          35.524609
        ]
      },
      "properties": {
        "name": "大倉山保育園",
        "capacity": 90,
        "address": "横浜市港北区大曽根１－７－１"
      }
    },
    {
      "type": "Feature",
      "geometry": {
        "type": "Point",
        "coordinates": [
          139.533051,
          35.417023
        ]
      },
      "properties": {
        "name": "レインボー保育園",
        "capacity": 60,
        "address": "横浜市戸塚区上矢部町２０３０－４"
      }
    },
    {
      "type": "Feature",
      "geometry": {
        "type": "Point",
        "coordinates": [
          139.503983,
          35.528736
        ]
      },
      "properties": {
        "name": "長津田こども園",
        "capacity": 60,
        "address": "横浜市緑区いぶき野８－１"
      }
    },
    {
      "type": "Feature",
      "geometry": {
        "type": "Point",
        "coordinates": [
          139.499527,
          35.416199
        ]
      },
      "properties": {
        "name": "エンゼルおおぞら保育園",
        "capacity": 80,
        "address": "横浜市泉区和泉中央北２－２－７"
      }
    },
    {
      "type": "Feature",
      "geometry": {
        "type": "Point",
        "coordinates": [
          139.677307,
          35.513012
        ]
      },
      "properties": {
        "name": "あゆみ保育園　鶴見",
        "capacity": 96,
        "address": "横浜市鶴見区佃野町２－１９"
      }
    },
    {
      "type": "Feature",
      "geometry": {
        "type": "Point",
        "coordinates": [
          139.623566,
          35.488422
        ]
      },
      "properties": {
        "name": "スターチャイルド≪白楽ナーサリー≫",
        "capacity": 63,
        "address": "横浜市神奈川区六角橋２－１６－９"
      }
    },
    {
      "type": "Feature",
      "geometry": {
        "type": "Point",
        "coordinates": [
          139.639877,
          35.368172
        ]
      },
      "properties": {
        "name": "並木第二保育園",
        "capacity": 97,
        "address": "横浜市金沢区並木１－２３－６"
      }
    },
    {
      "type": "Feature",
      "geometry": {
        "type": "Point",
        "coordinates": [
          139.609344,
          35.527622
        ]
      },
      "properties": {
        "name": "オハナ新羽保育園分園",
        "capacity": 24,
        "address": "横浜市港北区新羽町１２８５－１"
      }
    },
    {
      "type": "Feature",
      "geometry": {
        "type": "Point",
        "coordinates": [
          139.58902,
          35.464573
        ]
      },
      "properties": {
        "name": "アスク和田町保育園",
        "capacity": 60,
        "address": "横浜市保土ケ谷区和田１－１３－１"
      }
    },
    {
      "type": "Feature",
      "geometry": {
        "type": "Point",
        "coordinates": [
          139.637375,
          35.521713
        ]
      },
      "properties": {
        "name": "ちいさなたね保育園",
        "capacity": 48,
        "address": "横浜市港北区師岡町８４６－１"
      }
    },
    {
      "type": "Feature",
      "geometry": {
        "type": "Point",
        "coordinates": [
          139.624527,
          35.421154
        ]
      },
      "properties": {
        "name": "横浜市東滝頭保育園（分園）",
        "capacity": 18,
        "address": "横浜市磯子区滝頭３－１－６８"
      }
    },
    {
      "type": "Feature",
      "geometry": {
        "type": "Point",
        "coordinates": [
          139.589157,
          35.369511
        ]
      },
      "properties": {
        "name": "横浜市港南台第二保育園",
        "capacity": 92,
        "address": "横浜市港南区港南台７－２５－２８"
      }
    },
    {
      "type": "Feature",
      "geometry": {
        "type": "Point",
        "coordinates": [
          139.637619,
          35.536465
        ]
      },
      "properties": {
        "name": "はなまる保育園",
        "capacity": 54,
        "address": "横浜市港北区綱島東１－１３－２"
      }
    },
    {
      "type": "Feature",
      "geometry": {
        "type": "Point",
        "coordinates": [
          139.481216,
          35.468643
        ]
      },
      "properties": {
        "name": "ティンクル瀬谷保育園",
        "capacity": 120,
        "address": "横浜市瀬谷区瀬谷４－２５－２"
      }
    },
    {
      "type": "Feature",
      "geometry": {
        "type": "Point",
        "coordinates": [
          139.51001,
          35.419106
        ]
      },
      "properties": {
        "name": "御霊神社保育園",
        "capacity": 90,
        "address": "横浜市泉区中田北３－４２－２"
      }
    },
    {
      "type": "Feature",
      "geometry": {
        "type": "Point",
        "coordinates": [
          139.649078,
          35.48888
        ]
      },
      "properties": {
        "name": "ゆうゆうきっず横浜",
        "capacity": 120,
        "address": "横浜市神奈川区入江１－３１－２８"
      }
    },
    {
      "type": "Feature",
      "geometry": {
        "type": "Point",
        "coordinates": [
          139.549927,
          35.573452
        ]
      },
      "properties": {
        "name": "小桜愛児園",
        "capacity": 180,
        "address": "横浜市青葉区あざみ野１－３２－６"
      }
    },
    {
      "type": "Feature",
      "geometry": {
        "type": "Point",
        "coordinates": [
          139.539337,
          35.491455
        ]
      },
      "properties": {
        "name": "土と愛　子供の家保育所",
        "capacity": 70,
        "address": "横浜市旭区上白根２－９－１８"
      }
    },
    {
      "type": "Feature",
      "geometry": {
        "type": "Point",
        "coordinates": [
          139.531387,
          35.398869
        ]
      },
      "properties": {
        "name": "つくし保育園　戸塚",
        "capacity": 90,
        "address": "横浜市戸塚区戸塚町４０１４－１"
      }
    },
    {
      "type": "Feature",
      "geometry": {
        "type": "Point",
        "coordinates": [
          139.560013,
          35.53944
        ]
      },
      "properties": {
        "name": "横浜市みどり保育園",
        "capacity": 126,
        "address": "横浜市都筑区荏田南１－９－１"
      }
    },
    {
      "type": "Feature",
      "geometry": {
        "type": "Point",
        "coordinates": [
          139.602753,
          35.433617
        ]
      },
      "properties": {
        "name": "アスクいどがや保育園",
        "capacity": 90,
        "address": "横浜市南区井土ケ谷下町２１４－５"
      }
    },
    {
      "type": "Feature",
      "geometry": {
        "type": "Point",
        "coordinates": [
          139.67218,
          35.51091
        ]
      },
      "properties": {
        "name": "フェアリーテイルつばさ",
        "capacity": 28,
        "address": "横浜市鶴見区寺谷２－１－２０"
      }
    },
    {
      "type": "Feature",
      "geometry": {
        "type": "Point",
        "coordinates": [
          139.590515,
          35.477413
        ]
      },
      "properties": {
        "name": "ひかりの風保育園",
        "capacity": 60,
        "address": "横浜市保土ケ谷区常盤台７５－３"
      }
    },
    {
      "type": "Feature",
      "geometry": {
        "type": "Point",
        "coordinates": [
          139.623154,
          35.48624
        ]
      },
      "properties": {
        "name": "キッズパートナー六角橋",
        "capacity": 60,
        "address": "横浜市神奈川区六角橋３－１－８"
      }
    },
    {
      "type": "Feature",
      "geometry": {
        "type": "Point",
        "coordinates": [
          139.613419,
          35.439796
        ]
      },
      "properties": {
        "name": "めいとく保育園",
        "capacity": 54,
        "address": "横浜市南区庚台４８"
      }
    },
    {
      "type": "Feature",
      "geometry": {
        "type": "Point",
        "coordinates": [
          139.56012,
          35.431164
        ]
      },
      "properties": {
        "name": "岩崎学園東戸塚保育園",
        "capacity": 160,
        "address": "横浜市戸塚区品濃町５５０－９"
      }
    },
    {
      "type": "Feature",
      "geometry": {
        "type": "Point",
        "coordinates": [
          139.536484,
          35.373409
        ]
      },
      "properties": {
        "name": "横浜市飯島保育園",
        "capacity": 60,
        "address": "横浜市栄区飯島町５２７"
      }
    },
    {
      "type": "Feature",
      "geometry": {
        "type": "Point",
        "coordinates": [
          139.532837,
          35.422718
        ]
      },
      "properties": {
        "name": "くすのき第二保育園",
        "capacity": 90,
        "address": "横浜市戸塚区上矢部町１６９０－１"
      }
    },
    {
      "type": "Feature",
      "geometry": {
        "type": "Point",
        "coordinates": [
          139.543884,
          35.512966
        ]
      },
      "properties": {
        "name": "スターチャイルド≪中山ナーサリー≫",
        "capacity": 62,
        "address": "横浜市緑区中山３－４－３"
      }
    },
    {
      "type": "Feature",
      "geometry": {
        "type": "Point",
        "coordinates": [
          139.628479,
          35.487339
        ]
      },
      "properties": {
        "name": "キッズラボ白楽園",
        "capacity": 48,
        "address": "横浜市神奈川区白楽１８－１８"
      }
    },
    {
      "type": "Feature",
      "geometry": {
        "type": "Point",
        "coordinates": [
          139.571259,
          35.510239
        ]
      },
      "properties": {
        "name": "横浜市鴨居保育園",
        "capacity": 122,
        "address": "横浜市緑区鴨居１－３－１９"
      }
    },
    {
      "type": "Feature",
      "geometry": {
        "type": "Point",
        "coordinates": [
          139.570938,
          35.480583
        ]
      },
      "properties": {
        "name": "えぶち保育園分園",
        "capacity": 20,
        "address": "横浜市保土ケ谷区上菅田町３２－１"
      }
    },
    {
      "type": "Feature",
      "geometry": {
        "type": "Point",
        "coordinates": [
          139.624756,
          35.524773
        ]
      },
      "properties": {
        "name": "たんぽぽ保育園　分園",
        "capacity": 39,
        "address": "横浜市港北区大倉山２丁目１３番９号"
      }
    },
    {
      "type": "Feature",
      "geometry": {
        "type": "Point",
        "coordinates": [
          139.590851,
          35.380474
        ]
      },
      "properties": {
        "name": "日野保育園",
        "capacity": 70,
        "address": "横浜市港南区日野中央３－４１－１"
      }
    },
    {
      "type": "Feature",
      "geometry": {
        "type": "Point",
        "coordinates": [
          139.621445,
          35.505653
        ]
      },
      "properties": {
        "name": "第二福澤保育センター",
        "capacity": 135,
        "address": "横浜市港北区篠原町２８２３"
      }
    },
    {
      "type": "Feature",
      "geometry": {
        "type": "Point",
        "coordinates": [
          139.516113,
          35.41188
        ]
      },
      "properties": {
        "name": "白百合愛児園",
        "capacity": 220,
        "address": "横浜市泉区中田東１－４１－２"
      }
    },
    {
      "type": "Feature",
      "geometry": {
        "type": "Point",
        "coordinates": [
          139.671585,
          35.495174
        ]
      },
      "properties": {
        "name": "生麦保育園",
        "capacity": 100,
        "address": "横浜市鶴見区生麦４－２５－１２"
      }
    },
    {
      "type": "Feature",
      "geometry": {
        "type": "Point",
        "coordinates": [
          139.691971,
          35.503719
        ]
      },
      "properties": {
        "name": "横浜市潮田保育園",
        "capacity": 134,
        "address": "横浜市鶴見区潮田町４－１４８－１"
      }
    },
    {
      "type": "Feature",
      "geometry": {
        "type": "Point",
        "coordinates": [
          139.594345,
          35.414635
        ]
      },
      "properties": {
        "name": "キッズガーデン横浜最戸",
        "capacity": 60,
        "address": "横浜市港南区最戸１－２２－８"
      }
    },
    {
      "type": "Feature",
      "geometry": {
        "type": "Point",
        "coordinates": [
          139.626877,
          35.46973
        ]
      },
      "properties": {
        "name": "ひびき金港町保育園",
        "capacity": 60,
        "address": "横浜市神奈川区金港町７－６"
      }
    },
    {
      "type": "Feature",
      "geometry": {
        "type": "Point",
        "coordinates": [
          139.620941,
          35.510983
        ]
      },
      "properties": {
        "name": "クレシュ新横浜",
        "capacity": 70,
        "address": "横浜市港北区新横浜３－２－４"
      }
    },
    {
      "type": "Feature",
      "geometry": {
        "type": "Point",
        "coordinates": [
          139.614914,
          35.5401
        ]
      },
      "properties": {
        "name": "港北コスモス保育園",
        "capacity": 60,
        "address": "横浜市港北区新吉田東５－７８－２４"
      }
    },
    {
      "type": "Feature",
      "geometry": {
        "type": "Point",
        "coordinates": [
          139.65184,
          35.545551
        ]
      },
      "properties": {
        "name": "くっくおさんぽ保育園",
        "capacity": 60,
        "address": "横浜市港北区日吉６－１－７"
      }
    },
    {
      "type": "Feature",
      "geometry": {
        "type": "Point",
        "coordinates": [
          139.629227,
          35.361179
        ]
      },
      "properties": {
        "name": "アイン能見台駅前保育園",
        "capacity": 60,
        "address": "横浜市金沢区能見台通２－６"
      }
    },
    {
      "type": "Feature",
      "geometry": {
        "type": "Point",
        "coordinates": [
          139.611008,
          35.449543
        ]
      },
      "properties": {
        "name": "あそびの杜保育園",
        "capacity": 40,
        "address": "横浜市西区久保町２２－３"
      }
    },
    {
      "type": "Feature",
      "geometry": {
        "type": "Point",
        "coordinates": [
          139.593781,
          35.41087
        ]
      },
      "properties": {
        "name": "つばさ保育園分園",
        "capacity": 30,
        "address": "横浜市港南区大久保１－９－２５"
      }
    },
    {
      "type": "Feature",
      "geometry": {
        "type": "Point",
        "coordinates": [
          139.609879,
          35.394108
        ]
      },
      "properties": {
        "name": "屏風ゆめの森保育園",
        "capacity": 60,
        "address": "横浜市磯子区森５－２－２８"
      }
    },
    {
      "type": "Feature",
      "geometry": {
        "type": "Point",
        "coordinates": [
          139.510818,
          35.459991
        ]
      },
      "properties": {
        "name": "中希望が丘保育園",
        "capacity": 90,
        "address": "横浜市旭区中希望が丘１４７"
      }
    },
    {
      "type": "Feature",
      "geometry": {
        "type": "Point",
        "coordinates": [
          139.676422,
          35.527702
        ]
      },
      "properties": {
        "name": "わおわお保育園",
        "capacity": 150,
        "address": "横浜市鶴見区矢向１－４－３２"
      }
    },
    {
      "type": "Feature",
      "geometry": {
        "type": "Point",
        "coordinates": [
          139.528183,
          35.545696
        ]
      },
      "properties": {
        "name": "グローバルキッズ藤が丘園",
        "capacity": 60,
        "address": "横浜市青葉区藤が丘１－１６－２０"
      }
    },
    {
      "type": "Feature",
      "geometry": {
        "type": "Point",
        "coordinates": [
          139.615387,
          35.554996
        ]
      },
      "properties": {
        "name": "たかた保育園",
        "capacity": 69,
        "address": "横浜市港北区高田西４－３５－１８"
      }
    },
    {
      "type": "Feature",
      "geometry": {
        "type": "Point",
        "coordinates": [
          139.655792,
          35.492897
        ]
      },
      "properties": {
        "name": "きゃんばす子安台保育園",
        "capacity": 63,
        "address": "横浜市神奈川区子安台２－１－８"
      }
    },
    {
      "type": "Feature",
      "geometry": {
        "type": "Point",
        "coordinates": [
          139.591614,
          35.399521
        ]
      },
      "properties": {
        "name": "クオリスキッズ港南中央保育園",
        "capacity": 90,
        "address": "横浜市港南区港南５－２－９"
      }
    },
    {
      "type": "Feature",
      "geometry": {
        "type": "Point",
        "coordinates": [
          139.681396,
          35.534637
        ]
      },
      "properties": {
        "name": "ココファン・ナーサリー矢向",
        "capacity": 60,
        "address": "横浜市鶴見区矢向４－２２－１３"
      }
    },
    {
      "type": "Feature",
      "geometry": {
        "type": "Point",
        "coordinates": [
          139.631775,
          35.521938
        ]
      },
      "properties": {
        "name": "ララランド大倉山",
        "capacity": 36,
        "address": "横浜市港北区大倉山１－１０－１２"
      }
    },
    {
      "type": "Feature",
      "geometry": {
        "type": "Point",
        "coordinates": [
          139.532791,
          35.461472
        ]
      },
      "properties": {
        "name": "太陽の子　二俣川駅保育園",
        "capacity": 75,
        "address": "横浜市旭区二俣川２－５０－１４"
      }
    },
    {
      "type": "Feature",
      "geometry": {
        "type": "Point",
        "coordinates": [
          139.559967,
          35.459591
        ]
      },
      "properties": {
        "name": "マヤ保育園",
        "capacity": 120,
        "address": "横浜市旭区市沢町８７４－４"
      }
    },
    {
      "type": "Feature",
      "geometry": {
        "type": "Point",
        "coordinates": [
          139.624146,
          35.535492
        ]
      },
      "properties": {
        "name": "コビープリスクールつなしま",
        "capacity": 80,
        "address": "横浜市港北区綱島上町９１－１"
      }
    },
    {
      "type": "Feature",
      "geometry": {
        "type": "Point",
        "coordinates": [
          139.640915,
          35.495888
        ]
      },
      "properties": {
        "name": "横浜市松見保育園",
        "capacity": 98,
        "address": "横浜市神奈川区松見町１－２８－４"
      }
    },
    {
      "type": "Feature",
      "geometry": {
        "type": "Point",
        "coordinates": [
          139.562836,
          35.510593
        ]
      },
      "properties": {
        "name": "そよかぜ保育園",
        "capacity": 90,
        "address": "横浜市緑区鴨居１－１３－３"
      }
    },
    {
      "type": "Feature",
      "geometry": {
        "type": "Point",
        "coordinates": [
          139.626877,
          35.46973
        ]
      },
      "properties": {
        "name": "横浜すきっぷ保育園",
        "capacity": 50,
        "address": "横浜市神奈川区金港町７－１５"
      }
    },
    {
      "type": "Feature",
      "geometry": {
        "type": "Point",
        "coordinates": [
          139.568207,
          35.509907
        ]
      },
      "properties": {
        "name": "鴨居こども園",
        "capacity": 90,
        "address": "横浜市緑区鴨居３－２－１０"
      }
    },
    {
      "type": "Feature",
      "geometry": {
        "type": "Point",
        "coordinates": [
          139.509918,
          35.403393
        ]
      },
      "properties": {
        "name": "白梅保育園",
        "capacity": 60,
        "address": "横浜市泉区中田南５－６－２０"
      }
    },
    {
      "type": "Feature",
      "geometry": {
        "type": "Point",
        "coordinates": [
          139.602814,
          35.45261
        ]
      },
      "properties": {
        "name": "岩間保育園",
        "capacity": 60,
        "address": "横浜市保土ケ谷区岩間町１－７－１４"
      }
    },
    {
      "type": "Feature",
      "geometry": {
        "type": "Point",
        "coordinates": [
          139.596863,
          35.40678
        ]
      },
      "properties": {
        "name": "クオリスキッズ上大岡駅前保育園",
        "capacity": 32,
        "address": "横浜市港南区上大岡東２－１－３７"
      }
    },
    {
      "type": "Feature",
      "geometry": {
        "type": "Point",
        "coordinates": [
          139.502975,
          35.405914
        ]
      },
      "properties": {
        "name": "中田保育園",
        "capacity": 60,
        "address": "横浜市泉区中田西３－３３－６"
      }
    },
    {
      "type": "Feature",
      "geometry": {
        "type": "Point",
        "coordinates": [
          139.558517,
          35.427212
        ]
      },
      "properties": {
        "name": "にじいろ保育園品濃町",
        "capacity": 81,
        "address": "横浜市戸塚区品濃町５１３－９"
      }
    },
    {
      "type": "Feature",
      "geometry": {
        "type": "Point",
        "coordinates": [
          139.608582,
          35.476608
        ]
      },
      "properties": {
        "name": "三ツ沢保育園",
        "capacity": 40,
        "address": "横浜市神奈川区三ツ沢中町１０－１０"
      }
    },
    {
      "type": "Feature",
      "geometry": {
        "type": "Point",
        "coordinates": [
          139.625763,
          35.517967
        ]
      },
      "properties": {
        "name": "アスク大倉山保育園",
        "capacity": 90,
        "address": "横浜市港北区大倉山４－１－１"
      }
    },
    {
      "type": "Feature",
      "geometry": {
        "type": "Point",
        "coordinates": [
          139.557938,
          35.524097
        ]
      },
      "properties": {
        "name": "都筑ひよこ保育園",
        "capacity": 110,
        "address": "横浜市都筑区加賀原１－２２－３０"
      }
    },
    {
      "type": "Feature",
      "geometry": {
        "type": "Point",
        "coordinates": [
          139.572464,
          35.546867
        ]
      },
      "properties": {
        "name": "ポピンズナーサリースクールセンター南",
        "capacity": 50,
        "address": "横浜市都筑区茅ヶ崎中央４０－３"
      }
    },
    {
      "type": "Feature",
      "geometry": {
        "type": "Point",
        "coordinates": [
          139.51915,
          35.398224
        ]
      },
      "properties": {
        "name": "横浜市汲沢保育園",
        "capacity": 76,
        "address": "横浜市戸塚区汲沢１－２２－３３"
      }
    },
    {
      "type": "Feature",
      "geometry": {
        "type": "Point",
        "coordinates": [
          139.59198,
          35.416252
        ]
      },
      "properties": {
        "name": "別所保育園",
        "capacity": 90,
        "address": "横浜市南区別所２－１４－１０"
      }
    },
    {
      "type": "Feature",
      "geometry": {
        "type": "Point",
        "coordinates": [
          139.532898,
          35.401779
        ]
      },
      "properties": {
        "name": "にじいろ保育園戸塚駅前",
        "capacity": 60,
        "address": "横浜市戸塚区戸塚町２０－２"
      }
    },
    {
      "type": "Feature",
      "geometry": {
        "type": "Point",
        "coordinates": [
          139.542206,
          35.36491
        ]
      },
      "properties": {
        "name": "大船ルーテル保育園",
        "capacity": 190,
        "address": "横浜市栄区小菅ケ谷２－２６－３"
      }
    },
    {
      "type": "Feature",
      "geometry": {
        "type": "Point",
        "coordinates": [
          139.617767,
          35.399441
        ]
      },
      "properties": {
        "name": "グローバルキッズ磯子保育園",
        "capacity": 73,
        "address": "横浜市磯子区森１－１－２"
      }
    },
    {
      "type": "Feature",
      "geometry": {
        "type": "Point",
        "coordinates": [
          139.546906,
          35.371033
        ]
      },
      "properties": {
        "name": "すずかけ保育園",
        "capacity": 60,
        "address": "横浜市栄区本郷台１－１４－３"
      }
    },
    {
      "type": "Feature",
      "geometry": {
        "type": "Point",
        "coordinates": [
          139.575241,
          35.418991
        ]
      },
      "properties": {
        "name": "芹が谷ぴよっこ保育園",
        "capacity": 70,
        "address": "横浜市港南区芹が谷１－３８－１４"
      }
    },
    {
      "type": "Feature",
      "geometry": {
        "type": "Point",
        "coordinates": [
          139.600327,
          35.449604
        ]
      },
      "properties": {
        "name": "ベネッセ　保土ケ谷保育園",
        "capacity": 60,
        "address": "横浜市保土ケ谷区岩間町２－１１３－１"
      }
    },
    {
      "type": "Feature",
      "geometry": {
        "type": "Point",
        "coordinates": [
          139.555771,
          35.428234
        ]
      },
      "properties": {
        "name": "横浜市川上保育園",
        "capacity": 144,
        "address": "横浜市戸塚区川上町４－９"
      }
    },
    {
      "type": "Feature",
      "geometry": {
        "type": "Point",
        "coordinates": [
          139.577499,
          35.466244
        ]
      },
      "properties": {
        "name": "エルアンジュ保育園",
        "capacity": 50,
        "address": "横浜市保土ケ谷区坂本町１６７－５"
      }
    },
    {
      "type": "Feature",
      "geometry": {
        "type": "Point",
        "coordinates": [
          139.674911,
          35.523926
        ]
      },
      "properties": {
        "name": "末吉いづみ保育園",
        "capacity": 200,
        "address": "横浜市鶴見区下末吉３－６－２"
      }
    },
    {
      "type": "Feature",
      "geometry": {
        "type": "Point",
        "coordinates": [
          139.599228,
          35.377514
        ]
      },
      "properties": {
        "name": "横浜市洋光台第二保育園",
        "capacity": 109,
        "address": "横浜市磯子区洋光台４－１２－１４"
      }
    },
    {
      "type": "Feature",
      "geometry": {
        "type": "Point",
        "coordinates": [
          139.688965,
          35.502773
        ]
      },
      "properties": {
        "name": "みつばち保育園",
        "capacity": 80,
        "address": "横浜市鶴見区潮田町３－１３７－５"
      }
    },
    {
      "type": "Feature",
      "geometry": {
        "type": "Point",
        "coordinates": [
          139.632004,
          35.534863
        ]
      },
      "properties": {
        "name": "パレット保育園・綱島分園",
        "capacity": 30,
        "address": "横浜市港北区綱島西２－９－８"
      }
    },
    {
      "type": "Feature",
      "geometry": {
        "type": "Point",
        "coordinates": [
          139.559753,
          35.434555
        ]
      },
      "properties": {
        "name": "キッズパートナー東戸塚",
        "capacity": 50,
        "address": "横浜市戸塚区品濃町８３８－５"
      }
    },
    {
      "type": "Feature",
      "geometry": {
        "type": "Point",
        "coordinates": [
          139.529739,
          35.509933
        ]
      },
      "properties": {
        "name": "みどり寺山保育園",
        "capacity": 126,
        "address": "横浜市緑区台村町１３０－１"
      }
    },
    {
      "type": "Feature",
      "geometry": {
        "type": "Point",
        "coordinates": [
          139.61969,
          35.548431
        ]
      },
      "properties": {
        "name": "あい保育園高田東",
        "capacity": 90,
        "address": "横浜市港北区高田東４－２３－１７"
      }
    },
    {
      "type": "Feature",
      "geometry": {
        "type": "Point",
        "coordinates": [
          139.483871,
          35.442104
        ]
      },
      "properties": {
        "name": "横浜文化保育園",
        "capacity": 150,
        "address": "横浜市泉区上飯田町４６１３"
      }
    },
    {
      "type": "Feature",
      "geometry": {
        "type": "Point",
        "coordinates": [
          139.608673,
          35.435204
        ]
      },
      "properties": {
        "name": "南愛児園",
        "capacity": 80,
        "address": "横浜市南区南太田２－７－２１"
      }
    },
    {
      "type": "Feature",
      "geometry": {
        "type": "Point",
        "coordinates": [
          139.598206,
          35.380508
        ]
      },
      "properties": {
        "name": "やべのファミリールーム",
        "capacity": 55,
        "address": "横浜市磯子区洋光台３－２８－２７"
      }
    },
    {
      "type": "Feature",
      "geometry": {
        "type": "Point",
        "coordinates": [
          139.557144,
          35.479927
        ]
      },
      "properties": {
        "name": "太陽の子　白根保育園",
        "capacity": 60,
        "address": "横浜市旭区白根２－３－１８"
      }
    },
    {
      "type": "Feature",
      "geometry": {
        "type": "Point",
        "coordinates": [
          139.600082,
          35.455952
        ]
      },
      "properties": {
        "name": "横浜市天王町保育園",
        "capacity": 101,
        "address": "横浜市保土ケ谷区天王町２－４２－２９"
      }
    },
    {
      "type": "Feature",
      "geometry": {
        "type": "Point",
        "coordinates": [
          139.609344,
          35.527622
        ]
      },
      "properties": {
        "name": "おおつな森の保育園",
        "capacity": 60,
        "address": "横浜市港北区新羽町１０２０－１"
      }
    },
    {
      "type": "Feature",
      "geometry": {
        "type": "Point",
        "coordinates": [
          139.593521,
          35.391571
        ]
      },
      "properties": {
        "name": "笹下南つくしんぼ保育園",
        "capacity": 106,
        "address": "横浜市港南区笹下６－２８－９"
      }
    },
    {
      "type": "Feature",
      "geometry": {
        "type": "Point",
        "coordinates": [
          139.625824,
          35.47287
        ]
      },
      "properties": {
        "name": "ココファン・ナーサリー反町",
        "capacity": 60,
        "address": "横浜市神奈川区桐畑１９－４"
      }
    },
    {
      "type": "Feature",
      "geometry": {
        "type": "Point",
        "coordinates": [
          139.578369,
          35.447891
        ]
      },
      "properties": {
        "name": "学校法人初音丘学園ＰＩＣＣＯＬＩＮＯ",
        "capacity": 43,
        "address": "横浜市保土ケ谷区初音ケ丘４３－３２"
      }
    },
    {
      "type": "Feature",
      "geometry": {
        "type": "Point",
        "coordinates": [
          139.577454,
          35.551338
        ]
      },
      "properties": {
        "name": "ピッコリーノ保育園",
        "capacity": 48,
        "address": "横浜市都筑区中川中央１－１７－１８"
      }
    },
    {
      "type": "Feature",
      "geometry": {
        "type": "Point",
        "coordinates": [
          139.637329,
          35.426212
        ]
      },
      "properties": {
        "name": "山元町保育園",
        "capacity": 120,
        "address": "横浜市中区簑沢５０－１"
      }
    },
    {
      "type": "Feature",
      "geometry": {
        "type": "Point",
        "coordinates": [
          139.666733,
          35.520878
        ]
      },
      "properties": {
        "name": "鶴見どろんこ保育園",
        "capacity": 90,
        "address": "横浜市鶴見区下末吉６－１０－３６"
      }
    },
    {
      "type": "Feature",
      "geometry": {
        "type": "Point",
        "coordinates": [
          139.643967,
          35.49604
        ]
      },
      "properties": {
        "name": "ひびき保育園",
        "capacity": 60,
        "address": "横浜市神奈川区松見町１－１０－３"
      }
    },
    {
      "type": "Feature",
      "geometry": {
        "type": "Point",
        "coordinates": [
          139.479004,
          35.429035
        ]
      },
      "properties": {
        "name": "白梅いずみ保育園",
        "capacity": 66,
        "address": "横浜市泉区上飯田町８７４－１"
      }
    },
    {
      "type": "Feature",
      "geometry": {
        "type": "Point",
        "coordinates": [
          139.540634,
          35.568356
        ]
      },
      "properties": {
        "name": "シャローム保育園",
        "capacity": 128,
        "address": "横浜市青葉区あざみ野３－１１－２７"
      }
    },
    {
      "type": "Feature",
      "geometry": {
        "type": "Point",
        "coordinates": [
          139.565369,
          35.479328
        ]
      },
      "properties": {
        "name": "西谷保育園",
        "capacity": 165,
        "address": "横浜市保土ケ谷区西谷町８０４－７"
      }
    },
    {
      "type": "Feature",
      "geometry": {
        "type": "Point",
        "coordinates": [
          139.567963,
          35.400547
        ]
      },
      "properties": {
        "name": "丸山台保育園",
        "capacity": 100,
        "address": "横浜市港南区丸山台３－１６－１"
      }
    },
    {
      "type": "Feature",
      "geometry": {
        "type": "Point",
        "coordinates": [
          139.682648,
          35.514874
        ]
      },
      "properties": {
        "name": "明日葉保育園鶴見園",
        "capacity": 60,
        "address": "横浜市鶴見区市場下町５－２０"
      }
    },
    {
      "type": "Feature",
      "geometry": {
        "type": "Point",
        "coordinates": [
          139.592056,
          35.463627
        ]
      },
      "properties": {
        "name": "ラフ・クルー星川保育園",
        "capacity": 90,
        "address": "横浜市保土ケ谷区和田２－３－３"
      }
    },
    {
      "type": "Feature",
      "geometry": {
        "type": "Point",
        "coordinates": [
          139.619476,
          35.342575
        ]
      },
      "properties": {
        "name": "にじいろ保育園釜利谷",
        "capacity": 81,
        "address": "横浜市金沢区釜利谷東２－１５－８"
      }
    },
    {
      "type": "Feature",
      "geometry": {
        "type": "Point",
        "coordinates": [
          139.634109,
          35.495502
        ]
      },
      "properties": {
        "name": "パレット保育園・妙蓮寺",
        "capacity": 50,
        "address": "横浜市港北区仲手原１－１８－１３"
      }
    },
    {
      "type": "Feature",
      "geometry": {
        "type": "Point",
        "coordinates": [
          139.542145,
          35.4044
        ]
      },
      "properties": {
        "name": "銀杏保育園　胡桃館",
        "capacity": 44,
        "address": "横浜市戸塚区吉田町３００１－１－１０１"
      }
    },
    {
      "type": "Feature",
      "geometry": {
        "type": "Point",
        "coordinates": [
          139.619522,
          35.521587
        ]
      },
      "properties": {
        "name": "くっくおさんぽ保育園ふとお",
        "capacity": 75,
        "address": "横浜市港北区大倉山７－４０－２"
      }
    },
    {
      "type": "Feature",
      "geometry": {
        "type": "Point",
        "coordinates": [
          139.673798,
          35.508339
        ]
      },
      "properties": {
        "name": "ルーチェ保育園　鶴見",
        "capacity": 60,
        "address": "横浜市鶴見区豊岡町９－３８"
      }
    },
    {
      "type": "Feature",
      "geometry": {
        "type": "Point",
        "coordinates": [
          139.591125,
          35.541233
        ]
      },
      "properties": {
        "name": "勝田保育園",
        "capacity": 106,
        "address": "横浜市都筑区勝田町２６６－１"
      }
    },
    {
      "type": "Feature",
      "geometry": {
        "type": "Point",
        "coordinates": [
          139.550827,
          35.474297
        ]
      },
      "properties": {
        "name": "ポプラ第二保育園",
        "capacity": 42,
        "address": "横浜市旭区鶴ケ峰２－６９－２４"
      }
    },
    {
      "type": "Feature",
      "geometry": {
        "type": "Point",
        "coordinates": [
          139.630951,
          35.518269
        ]
      },
      "properties": {
        "name": "森の樹保育園",
        "capacity": 102,
        "address": "横浜市港北区大倉山１－２２－５"
      }
    },
    {
      "type": "Feature",
      "geometry": {
        "type": "Point",
        "coordinates": [
          139.635742,
          35.51833
        ]
      },
      "properties": {
        "name": "ヒューマンアカデミー大倉山保育園",
        "capacity": 90,
        "address": "横浜市港北区師岡町２９８"
      }
    },
    {
      "type": "Feature",
      "geometry": {
        "type": "Point",
        "coordinates": [
          139.599487,
          35.423241
        ]
      },
      "properties": {
        "name": "プチ・ナーサリー弘明寺",
        "capacity": 60,
        "address": "横浜市南区弘明寺町１４８－５"
      }
    },
    {
      "type": "Feature",
      "geometry": {
        "type": "Point",
        "coordinates": [
          139.503769,
          35.431503
        ]
      },
      "properties": {
        "name": "あすなろ保育園ちいさなおうち",
        "capacity": 29,
        "address": "横浜市泉区新橋町８１２－２６"
      }
    },
    {
      "type": "Feature",
      "geometry": {
        "type": "Point",
        "coordinates": [
          139.577942,
          35.405602
        ]
      },
      "properties": {
        "name": "オハナ上永谷保育園",
        "capacity": 90,
        "address": "横浜市港南区上永谷１－３８－１８"
      }
    },
    {
      "type": "Feature",
      "geometry": {
        "type": "Point",
        "coordinates": [
          139.527557,
          35.460346
        ]
      },
      "properties": {
        "name": "太陽の子　さちが丘保育園",
        "capacity": 75,
        "address": "横浜市旭区さちが丘５２－７"
      }
    },
    {
      "type": "Feature",
      "geometry": {
        "type": "Point",
        "coordinates": [
          139.686691,
          35.517231
        ]
      },
      "properties": {
        "name": "市場ポケット保育園",
        "capacity": 56,
        "address": "横浜市鶴見区市場大和町３－１８"
      }
    },
    {
      "type": "Feature",
      "geometry": {
        "type": "Point",
        "coordinates": [
          139.58049,
          35.427498
        ]
      },
      "properties": {
        "name": "六ツ川みどり保育園",
        "capacity": 99,
        "address": "横浜市南区六ツ川３－７７－７"
      }
    },
    {
      "type": "Feature",
      "geometry": {
        "type": "Point",
        "coordinates": [
          139.606033,
          35.430481
        ]
      },
      "properties": {
        "name": "横浜市井土ケ谷保育園",
        "capacity": 117,
        "address": "横浜市南区井土ケ谷下町１３－１７"
      }
    },
    {
      "type": "Feature",
      "geometry": {
        "type": "Point",
        "coordinates": [
          139.658859,
          35.489269
        ]
      },
      "properties": {
        "name": "ＧＥＮＫＩＤＳ新子安保育園",
        "capacity": 70,
        "address": "横浜市神奈川区子安通３－３７１"
      }
    },
    {
      "type": "Feature",
      "geometry": {
        "type": "Point",
        "coordinates": [
          139.546814,
          35.539726
        ]
      },
      "properties": {
        "name": "市が尾こどものいえ保育園",
        "capacity": 60,
        "address": "横浜市青葉区市ケ尾町４９８－８"
      }
    },
    {
      "type": "Feature",
      "geometry": {
        "type": "Point",
        "coordinates": [
          139.604279,
          35.446964
        ]
      },
      "properties": {
        "name": "トキワ保育園",
        "capacity": 60,
        "address": "横浜市西区東久保町３４－１０"
      }
    },
    {
      "type": "Feature",
      "geometry": {
        "type": "Point",
        "coordinates": [
          139.513672,
          35.539639
        ]
      },
      "properties": {
        "name": "あっぷるキッズ青葉台",
        "capacity": 50,
        "address": "横浜市青葉区榎が丘７－１０"
      }
    },
    {
      "type": "Feature",
      "geometry": {
        "type": "Point",
        "coordinates": [
          139.508896,
          35.462547
        ]
      },
      "properties": {
        "name": "つぼみ保育園",
        "capacity": 66,
        "address": "横浜市旭区東希望が丘１８８－１"
      }
    },
    {
      "type": "Feature",
      "geometry": {
        "type": "Point",
        "coordinates": [
          139.640274,
          35.48267
        ]
      },
      "properties": {
        "name": "白百合乳児保育園",
        "capacity": 103,
        "address": "横浜市神奈川区亀住町９－５"
      }
    },
    {
      "type": "Feature",
      "geometry": {
        "type": "Point",
        "coordinates": [
          139.646957,
          35.512398
        ]
      },
      "properties": {
        "name": "ねむの樹　北寺尾保育園",
        "capacity": 40,
        "address": "横浜市鶴見区北寺尾６－７－６"
      }
    },
    {
      "type": "Feature",
      "geometry": {
        "type": "Point",
        "coordinates": [
          139.528717,
          35.543217
        ]
      },
      "properties": {
        "name": "スターチャイルド≪藤が丘ナーサリー≫",
        "capacity": 50,
        "address": "横浜市青葉区藤が丘１－３６－３"
      }
    },
    {
      "type": "Feature",
      "geometry": {
        "type": "Point",
        "coordinates": [
          139.683517,
          35.509682
        ]
      },
      "properties": {
        "name": "鶴見すずらん保育園",
        "capacity": 120,
        "address": "横浜市鶴見区鶴見中央３－１９－２０"
      }
    },
    {
      "type": "Feature",
      "geometry": {
        "type": "Point",
        "coordinates": [
          139.551941,
          35.388481
        ]
      },
      "properties": {
        "name": "横浜市舞岡保育園",
        "capacity": 63,
        "address": "横浜市戸塚区舞岡町１９５６"
      }
    },
    {
      "type": "Feature",
      "geometry": {
        "type": "Point",
        "coordinates": [
          139.636353,
          35.367931
        ]
      },
      "properties": {
        "name": "わらべシーサイド保育園",
        "capacity": 120,
        "address": "横浜市金沢区富岡東４－１３－４"
      }
    },
    {
      "type": "Feature",
      "geometry": {
        "type": "Point",
        "coordinates": [
          139.557449,
          35.579784
        ]
      },
      "properties": {
        "name": "グローバルキッズ美しが丘保育園",
        "capacity": 63,
        "address": "横浜市青葉区美しが丘１－８－１"
      }
    },
    {
      "type": "Feature",
      "geometry": {
        "type": "Point",
        "coordinates": [
          139.531219,
          35.503529
        ]
      },
      "properties": {
        "name": "土と愛　子供の家保育所第２",
        "capacity": 60,
        "address": "横浜市旭区上白根町１３０６－２８"
      }
    },
    {
      "type": "Feature",
      "geometry": {
        "type": "Point",
        "coordinates": [
          139.559753,
          35.434555
        ]
      },
      "properties": {
        "name": "明日葉保育園東戸塚園",
        "capacity": 70,
        "address": "横浜市戸塚区品濃町１４７－１"
      }
    },
    {
      "type": "Feature",
      "geometry": {
        "type": "Point",
        "coordinates": [
          139.555527,
          35.431988
        ]
      },
      "properties": {
        "name": "にじいろ保育園川上町",
        "capacity": 90,
        "address": "横浜市戸塚区川上町８８－１"
      }
    },
    {
      "type": "Feature",
      "geometry": {
        "type": "Point",
        "coordinates": [
          139.516495,
          35.539627
        ]
      },
      "properties": {
        "name": "横浜ナザレ保育園",
        "capacity": 70,
        "address": "横浜市青葉区しらとり台１－３８"
      }
    },
    {
      "type": "Feature",
      "geometry": {
        "type": "Point",
        "coordinates": [
          139.501205,
          35.521172
        ]
      },
      "properties": {
        "name": "みもざ保育園アネックス",
        "capacity": 20,
        "address": "横浜市緑区長津田みなみ台４－４－４"
      }
    },
    {
      "type": "Feature",
      "geometry": {
        "type": "Point",
        "coordinates": [
          139.683044,
          35.523445
        ]
      },
      "properties": {
        "name": "市場保育園分園おひさま",
        "capacity": 26,
        "address": "横浜市鶴見区元宮一丁目１７－３９－２"
      }
    },
    {
      "type": "Feature",
      "geometry": {
        "type": "Point",
        "coordinates": [
          139.676956,
          35.536366
        ]
      },
      "properties": {
        "name": "ゆめいろ保育園",
        "capacity": 120,
        "address": "横浜市鶴見区矢向３－１１－４８"
      }
    },
    {
      "type": "Feature",
      "geometry": {
        "type": "Point",
        "coordinates": [
          139.487045,
          35.466713
        ]
      },
      "properties": {
        "name": "横浜市瀬谷第二保育園",
        "capacity": 106,
        "address": "横浜市瀬谷区瀬谷３－１８－２"
      }
    },
    {
      "type": "Feature",
      "geometry": {
        "type": "Point",
        "coordinates": [
          139.494415,
          35.534809
        ]
      },
      "properties": {
        "name": "シャルール保育園",
        "capacity": 60,
        "address": "横浜市緑区長津田４－１０－３１"
      }
    },
    {
      "type": "Feature",
      "geometry": {
        "type": "Point",
        "coordinates": [
          139.541794,
          35.430447
        ]
      },
      "properties": {
        "name": "名瀬いちい保育園",
        "capacity": 80,
        "address": "横浜市戸塚区名瀬町７７７－１４"
      }
    },
    {
      "type": "Feature",
      "geometry": {
        "type": "Point",
        "coordinates": [
          139.550949,
          35.478214
        ]
      },
      "properties": {
        "name": "太陽の子　鶴ヶ峰保育園",
        "capacity": 60,
        "address": "横浜市旭区白根１－１４－７"
      }
    },
    {
      "type": "Feature",
      "geometry": {
        "type": "Point",
        "coordinates": [
          139.61644,
          35.459305
        ]
      },
      "properties": {
        "name": "櫻南幸保育園",
        "capacity": 60,
        "address": "横浜市西区平沼２－４－１４"
      }
    },
    {
      "type": "Feature",
      "geometry": {
        "type": "Point",
        "coordinates": [
          139.590286,
          35.368103
        ]
      },
      "properties": {
        "name": "育美保育園",
        "capacity": 90,
        "address": "横浜市港南区港南台７－４２－３０"
      }
    },
    {
      "type": "Feature",
      "geometry": {
        "type": "Point",
        "coordinates": [
          139.67868,
          35.50845
        ]
      },
      "properties": {
        "name": "桑の実鶴見保育園",
        "capacity": 60,
        "address": "横浜市鶴見区鶴見中央１－２８－２"
      }
    },
    {
      "type": "Feature",
      "geometry": {
        "type": "Point",
        "coordinates": [
          139.592697,
          35.552952
        ]
      },
      "properties": {
        "name": "中川保育園",
        "capacity": 60,
        "address": "横浜市都筑区南山田町４７００"
      }
    },
    {
      "type": "Feature",
      "geometry": {
        "type": "Point",
        "coordinates": [
          139.539246,
          35.398777
        ]
      },
      "properties": {
        "name": "ＹＭＣＡとつか乳児保育園",
        "capacity": 30,
        "address": "横浜市戸塚区上倉田町７６９－２４"
      }
    },
    {
      "type": "Feature",
      "geometry": {
        "type": "Point",
        "coordinates": [
          139.635269,
          35.537804
        ]
      },
      "properties": {
        "name": "パレット保育園・綱島",
        "capacity": 50,
        "address": "横浜市港北区綱島西１－２－９"
      }
    },
    {
      "type": "Feature",
      "geometry": {
        "type": "Point",
        "coordinates": [
          139.637253,
          35.478012
        ]
      },
      "properties": {
        "name": "きゃんばす東神奈川保育園",
        "capacity": 75,
        "address": "横浜市神奈川区東神奈川２－４２－５"
      }
    },
    {
      "type": "Feature",
      "geometry": {
        "type": "Point",
        "coordinates": [
          139.634018,
          35.546082
        ]
      },
      "properties": {
        "name": "横浜市南日吉保育園",
        "capacity": 78,
        "address": "横浜市港北区日吉本町４－１０－５２"
      }
    },
    {
      "type": "Feature",
      "geometry": {
        "type": "Point",
        "coordinates": [
          139.645081,
          35.521969
        ]
      },
      "properties": {
        "name": "えみ保育園",
        "capacity": 90,
        "address": "横浜市鶴見区獅子ケ谷３－４－３２"
      }
    },
    {
      "type": "Feature",
      "geometry": {
        "type": "Point",
        "coordinates": [
          139.629974,
          35.559067
        ]
      },
      "properties": {
        "name": "グローバルキッズ下田町園",
        "capacity": 40,
        "address": "横浜市港北区下田町３－１６－２５"
      }
    },
    {
      "type": "Feature",
      "geometry": {
        "type": "Point",
        "coordinates": [
          139.59346,
          35.460693
        ]
      },
      "properties": {
        "name": "星川ルーナ保育園",
        "capacity": 120,
        "address": "横浜市保土ケ谷区星川２－１８－１"
      }
    },
    {
      "type": "Feature",
      "geometry": {
        "type": "Point",
        "coordinates": [
          139.573975,
          35.372219
        ]
      },
      "properties": {
        "name": "白峰保育園",
        "capacity": 90,
        "address": "横浜市港南区港南台４－６－１５"
      }
    },
    {
      "type": "Feature",
      "geometry": {
        "type": "Point",
        "coordinates": [
          139.675919,
          35.504982
        ]
      },
      "properties": {
        "name": "かもめ保育園",
        "capacity": 66,
        "address": "横浜市鶴見区鶴見中央５－２－７"
      }
    },
    {
      "type": "Feature",
      "geometry": {
        "type": "Point",
        "coordinates": [
          139.543716,
          35.55352
        ]
      },
      "properties": {
        "name": "ピッピみんなの保育園",
        "capacity": 29,
        "address": "横浜市青葉区市ケ尾町１１６１－８"
      }
    },
    {
      "type": "Feature",
      "geometry": {
        "type": "Point",
        "coordinates": [
          139.500229,
          35.505306
        ]
      },
      "properties": {
        "name": "若葉台保育園",
        "capacity": 114,
        "address": "横浜市旭区若葉台２－２０－１"
      }
    },
    {
      "type": "Feature",
      "geometry": {
        "type": "Point",
        "coordinates": [
          139.585464,
          35.487564
        ]
      },
      "properties": {
        "name": "羽沢保育園",
        "capacity": 120,
        "address": "横浜市神奈川区羽沢町７２５"
      }
    },
    {
      "type": "Feature",
      "geometry": {
        "type": "Point",
        "coordinates": [
          139.553085,
          35.433834
        ]
      },
      "properties": {
        "name": "ＹＭＣＡ東とつか保育園",
        "capacity": 90,
        "address": "横浜市戸塚区上品濃１－１５"
      }
    },
    {
      "type": "Feature",
      "geometry": {
        "type": "Point",
        "coordinates": [
          139.601608,
          35.448627
        ]
      },
      "properties": {
        "name": "昴保育園",
        "capacity": 129,
        "address": "横浜市保土ケ谷区西久保町１１４－２５０"
      }
    },
    {
      "type": "Feature",
      "geometry": {
        "type": "Point",
        "coordinates": [
          139.611511,
          35.468262
        ]
      },
      "properties": {
        "name": "むつみ愛児園",
        "capacity": 50,
        "address": "横浜市西区南軽井沢５６"
      }
    },
    {
      "type": "Feature",
      "geometry": {
        "type": "Point",
        "coordinates": [
          139.522202,
          35.464409
        ]
      },
      "properties": {
        "name": "旭はるかぜ保育園",
        "capacity": 90,
        "address": "横浜市旭区さちが丘３４－１３"
      }
    },
    {
      "type": "Feature",
      "geometry": {
        "type": "Point",
        "coordinates": [
          139.504318,
          35.373154
        ]
      },
      "properties": {
        "name": "松みどり保育所",
        "capacity": 120,
        "address": "横浜市戸塚区原宿５－３０－１"
      }
    },
    {
      "type": "Feature",
      "geometry": {
        "type": "Point",
        "coordinates": [
          139.634018,
          35.546082
        ]
      },
      "properties": {
        "name": "横浜りとるぱんぷきんず",
        "capacity": 90,
        "address": "横浜市港北区日吉本町４－１０－４９"
      }
    },
    {
      "type": "Feature",
      "geometry": {
        "type": "Point",
        "coordinates": [
          139.636551,
          35.558376
        ]
      },
      "properties": {
        "name": "下田みんなの保育園",
        "capacity": 42,
        "address": "横浜市港北区下田町１－３－４１"
      }
    },
    {
      "type": "Feature",
      "geometry": {
        "type": "Point",
        "coordinates": [
          139.647842,
          35.485748
        ]
      },
      "properties": {
        "name": "なないろきっど保育園",
        "capacity": 60,
        "address": "横浜市神奈川区入江１－２－９"
      }
    },
    {
      "type": "Feature",
      "geometry": {
        "type": "Point",
        "coordinates": [
          139.560242,
          35.537189
        ]
      },
      "properties": {
        "name": "よこはま夢保育園",
        "capacity": 60,
        "address": "横浜市都筑区高山６－２３"
      }
    },
    {
      "type": "Feature",
      "geometry": {
        "type": "Point",
        "coordinates": [
          139.687027,
          35.516834
        ]
      },
      "properties": {
        "name": "太陽の子　鶴見市場保育園",
        "capacity": 64,
        "address": "横浜市鶴見区市場大和町４－５"
      }
    },
    {
      "type": "Feature",
      "geometry": {
        "type": "Point",
        "coordinates": [
          139.643906,
          35.547165
        ]
      },
      "properties": {
        "name": "アスクみのわ保育園",
        "capacity": 60,
        "address": "横浜市港北区箕輪町２－２－２９"
      }
    },
    {
      "type": "Feature",
      "geometry": {
        "type": "Point",
        "coordinates": [
          139.572006,
          35.537964
        ]
      },
      "properties": {
        "name": "エクレスすみれ保育園",
        "capacity": 42,
        "address": "横浜市都筑区長坂７－１５"
      }
    },
    {
      "type": "Feature",
      "geometry": {
        "type": "Point",
        "coordinates": [
          139.50473,
          35.525185
        ]
      },
      "properties": {
        "name": "長津田幼兒アカデミー",
        "capacity": 47,
        "address": "横浜市緑区長津田みなみ台７－１０－２４"
      }
    },
    {
      "type": "Feature",
      "geometry": {
        "type": "Point",
        "coordinates": [
          139.564835,
          35.448124
        ]
      },
      "properties": {
        "name": "桜ケ丘保育園",
        "capacity": 80,
        "address": "横浜市保土ケ谷区新桜ケ丘１－３４－１９"
      }
    },
    {
      "type": "Feature",
      "geometry": {
        "type": "Point",
        "coordinates": [
          139.520554,
          35.52037
        ]
      },
      "properties": {
        "name": "新治保育園",
        "capacity": 30,
        "address": "横浜市緑区新治町７０１"
      }
    },
    {
      "type": "Feature",
      "geometry": {
        "type": "Point",
        "coordinates": [
          139.638046,
          35.434647
        ]
      },
      "properties": {
        "name": "打越保育園",
        "capacity": 70,
        "address": "横浜市中区打越３９"
      }
    },
    {
      "type": "Feature",
      "geometry": {
        "type": "Point",
        "coordinates": [
          139.550385,
          35.474731
        ]
      },
      "properties": {
        "name": "あっぷる保育園鶴ヶ峰",
        "capacity": 120,
        "address": "横浜市旭区鶴ケ峰２－８２－１"
      }
    },
    {
      "type": "Feature",
      "geometry": {
        "type": "Point",
        "coordinates": [
          139.533722,
          35.577286
        ]
      },
      "properties": {
        "name": "青葉保育園",
        "capacity": 109,
        "address": "横浜市青葉区荏子田３－２３－１０"
      }
    },
    {
      "type": "Feature",
      "geometry": {
        "type": "Point",
        "coordinates": [
          139.575104,
          35.347843
        ]
      },
      "properties": {
        "name": "ふぁみりーさぽーと　のあ",
        "capacity": 44,
        "address": "横浜市栄区野七里１－３７－１０"
      }
    }
  ]
}