{"type": "FeatureCollection", "features": [{"type": "Feature", "geometry": {"type": "Polygon", "coordinates": [[[139.50485355002448, 35.54727836591931], [139.50365248863025, 35.54698265982072], [139.50355449612022, 35.54765195874607], [139.50345504778622, 35.548234533438226], [139.50335539767408, 35.54922722531514], [139.50334651709304, 35.54944831558091], [139.50334938478088, 35.549631200647674], [139.50336588844604, 35.54985070742284], [139.50344955013696, 35.55034144664317], [139.50353578533583, 35.55065170865791], [139.50364424874454, 35.5509895676649], [139.50382104651544, 35.55139134854901], [139.50414667583775, 35.55209134971101], [139.5045022597367, 35.552832980684016], [139.50478862521675, 35.553417348902656], [139.50480463828208, 35.5534104229945], [139.5051108692684, 35.55326375572874], [139.50536601378457, 35.55312345943023], [139.50579577306564, 35.552804299166716], [139.50589967403508, 35.5527165320709], [139.50624521706354, 35.55234358149994], [139.50633111612768, 35.55222217625952], [139.50643061847325, 35.55208154474208], [139.50665550492857, 35.551752053691516], [139.50692187269178, 35.55136180192385], [139.50695817561973, 35.55130863155527], [139.50720383833715, 35.55092335693193], [139.50748486401025, 35.550482619826575], [139.5074697105298, 35.550473704722556], [139.50772906749873, 35.550068011901686], [139.50825781344008, 35.54924098222787], [139.5082706042253, 35.54922109013745], [139.50900632098703, 35.54818334729297], [139.5082638544223, 35.54798125169743], [139.5077892350445, 35.54788566994838], [139.50740278664983, 35.54780786692242], [139.50712437432398, 35.54775180746244], [139.50648222510534, 35.54762247699457], [139.506463929085, 35.547618799579894], [139.50622364928208, 35.54756802135233], [139.50485652101324, 35.547279008077155], [139.50485355002448, 35.54727836591931]]]}, "properties": {"name": "横浜市青葉区桂台一丁目", "town": "桂台一丁目", "population": 2309, "households": 938}}, {"type": "Feature", "geometry": {"type": "Polygon", "coordinates": [[[139.50382104651544, 35.55139134854901], [139.50364424874454, 35.5509895676649], [139.50353578533583, 35.55065170865791], [139.50344955013696, 35.55034144664317], [139.50336588844604, 35.54985070742284], [139.50334938478088, 35.549631200647674], [139.50334651709304, 35.54944831558091], [139.50335539767408, 35.54922722531514], [139.50345504778622, 35.548234533438226], [139.50355449612022, 35.54765195874607], [139.50365248863025, 35.54698265982072], [139.5033283512356, 35.54690421009662], [139.50241846425357, 35.54668399551994], [139.501659594047, 35.54650124406855], [139.50101450910697, 35.54634592503392], [139.50084186682528, 35.54630895455753], [139.50062042322472, 35.54624797380786], [139.50044579290926, 35.54618624252188], [139.50018447448159, 35.54609384545892], [139.49990410353794, 35.54597755462701], [139.49941109540165, 35.545785972121536], [139.49935010720637, 35.545765410639035], [139.49934356683414, 35.54582553095629], [139.4992968783399, 35.545852893922685], [139.49924774577005, 35.546447373149306], [139.49925993959621, 35.54645744235051], [139.49948438178654, 35.546553787933554], [139.50020365978693, 35.546843934872584], [139.50025198017877, 35.546875231468086], [139.50070071546608, 35.54734980171572], [139.50066888035045, 35.54740565919749], [139.50067147201491, 35.5474977048514], [139.50078938917022, 35.54764577988804], [139.5006859635691, 35.54781160395209], [139.5006294828092, 35.54796090585028], [139.5005368047995, 35.548319533284804], [139.50046827553808, 35.548381727017635], [139.50025372937597, 35.54850040448985], [139.50009894833002, 35.548560768532276], [139.49993183154626, 35.54858250632916], [139.49988534477902, 35.54864920207824], [139.4998423007376, 35.54876343947944], [139.49980176070983, 35.54897503793005], [139.49979633069677, 35.5489840475826], [139.49978325189122, 35.548999423668114], [139.4997237078181, 35.549069426913356], [139.4996541664379, 35.549151183506844], [139.49966752152858, 35.54922960430216], [139.49969895250354, 35.54941416766957], [139.49970735559654, 35.54946350822414], [139.49974999944834, 35.54971391031673], [139.49975575464583, 35.54976603033488], [139.4996164022033, 35.54993924861248], [139.49947511529098, 35.550085175486174], [139.49942327753976, 35.55024684963097], [139.4991361666145, 35.550473656796775], [139.4989815323448, 35.55052898540751], [139.49868425901204, 35.55057323600842], [139.49852105291473, 35.550627342355604], [139.4981236813116, 35.550796721987645], [139.49765890966174, 35.551014388570024], [139.4974035344214, 35.55112953931304], [139.49736632913076, 35.551127806456186], [139.4968397978827, 35.55110065437399], [139.49684845622133, 35.55112035882022], [139.4969449754495, 35.55134657724012], [139.4970146876647, 35.55195002740351], [139.49701547614956, 35.55195724546024], [139.497126225922, 35.5529795611344], [139.4972049697926, 35.55370645227261], [139.49731775981235, 35.55474741827833], [139.49737294379196, 35.55476106081644], [139.49782510303385, 35.554689647999936], [139.4987972594673, 35.55453609891146], [139.49913659866183, 35.554482499872506], [139.49983822610693, 35.554373594772905], [139.5005550070379, 35.554262296345875], [139.5007058346786, 35.55423276337408], [139.5014087641023, 35.554120365573745], [139.50178280881767, 35.55407685241651], [139.50235177673247, 35.55400505340003], [139.50237760648417, 35.55400054932971], [139.50303820773337, 35.55388552379196], [139.50304538679615, 35.55388438217747], [139.50349494846614, 35.55381350827055], [139.5037654725609, 35.553764239179586], [139.50393882100528, 35.55372180769664], [139.50421677273127, 35.5536366088117], [139.50450476977272, 35.55353974910104], [139.50478862521675, 35.553417348902656], [139.5045022597367, 35.552832980684016], [139.50414667583775, 35.55209134971101], [139.50382104651544, 35.55139134854901]]]}, "properties": {"name": "横浜市青葉区桂台二丁目", "town": "桂台二丁目", "population": 4206, "households": 1753}}, {"type": "Feature", "geometry": {"type": "Polygon", "coordinates": [[[139.54419534127572, 35.58761135535867], [139.5448158897726, 35.58701690896455], [139.54491210047175, 35.5869199596511], [139.54455099101153, 35.586890688040725], [139.54383496067598, 35.586867719487145], [139.54290843586787, 35.58683103940935], [139.54309467685678, 35.58646935575685], [139.54317886399744, 35.58620453621922], [139.54323658762522, 35.586022923895534], [139.54331331497684, 35.585740869739354], [139.5432740143993, 35.5857322905334], [139.54332050084258, 35.585540969385626], [139.54348839179775, 35.5848933785802], [139.54366132810452, 35.58447198491397], [139.54373747284163, 35.58424946749782], [139.54382435604887, 35.58381512335136], [139.54392898290007, 35.58358855372471], [139.54393733223478, 35.58353787232769], [139.54418165993394, 35.58319562262192], [139.54442023741225, 35.582923636486385], [139.54474360950098, 35.58264766055649], [139.5450062931389, 35.5824736822202], [139.54535998345, 35.58223376067365], [139.54539468841315, 35.58221345687229], [139.5457027787002, 35.58203317737354], [139.5458094680729, 35.58196329288766], [139.54651863316843, 35.581451480722386], [139.5467333774553, 35.5812965401425], [139.54695609211794, 35.58108112469006], [139.54704726179602, 35.58096845713532], [139.54715784842364, 35.58083178769065], [139.54729514148207, 35.58056578708178], [139.54738290450518, 35.58046564638039], [139.54743012665975, 35.580360622916274], [139.54747795739047, 35.58025429757712], [139.5475420110292, 35.58005805028016], [139.54765308845768, 35.57966681966552], [139.54773312273772, 35.579290656371796], [139.54784112375177, 35.578830725492296], [139.5480953291524, 35.577911203187455], [139.54810506299432, 35.57788876158419], [139.54822448271432, 35.577599588610205], [139.5482689365205, 35.57747942836247], [139.54850146105, 35.57685088539887], [139.54797788478214, 35.576673442359564], [139.547948969944, 35.576666403960886], [139.5472987929556, 35.57650770978381], [139.54625922002052, 35.57640917444949], [139.5456309651806, 35.57635011773273], [139.5450709931389, 35.57631097237367], [139.5448994177162, 35.5762989450914], [139.54487839008388, 35.57629748722335], [139.54373901482816, 35.576194494087005], [139.5430121656107, 35.57612029385911], [139.54272176497628, 35.57604340535486], [139.5424143696495, 35.57588109351487], [139.54236673336743, 35.575854784167156], [139.54230756813837, 35.575787075987854], [139.5421321290761, 35.57562236864615], [139.5419211602291, 35.5753795529298], [139.54142755361931, 35.57481139403238], [139.54110161412112, 35.57442971603061], [139.54058255557138, 35.57382431008101], [139.54013532626462, 35.57337177767469], [139.5396212152982, 35.572890314071934], [139.53931364319592, 35.57258180513279], [139.53927157042682, 35.57253170544202], [139.538986501314, 35.57219240645523], [139.53875620730307, 35.57187165657925], [139.53872755922933, 35.57187454328947], [139.5383913699003, 35.57199639386864], [139.53811248865014, 35.57209746753743], [139.53723753636285, 35.57241769232265], [139.5372336868134, 35.57241910172077], [139.53736480713653, 35.57262881623568], [139.53738539635762, 35.572661746979136], [139.53727661040566, 35.57287488457793], [139.5372160264863, 35.5729504057434], [139.5371742984192, 35.573023082304324], [139.53709014330934, 35.5731058007402], [139.53702421448895, 35.573156109446685], [139.536989959526, 35.57318389911328], [139.5369618011694, 35.57320373378075], [139.5369408087389, 35.573211795053844], [139.5368811757587, 35.57322697185198], [139.53680389995782, 35.57323940116762], [139.53664717492157, 35.57325524133283], [139.5364633448836, 35.57331865885635], [139.5363862015664, 35.57342407948011], [139.53631362973655, 35.573521851639626], [139.5361604987634, 35.573733294085095], [139.53600973230814, 35.57405058038283], [139.5359973353128, 35.57411610994893], [139.53617705879645, 35.57460303566485], [139.5363784303338, 35.574819257873685], [139.53645829116246, 35.57494764912666], [139.53647981594062, 35.5750588566131], [139.5364780312538, 35.575313908322684], [139.53652958286102, 35.57551613621476], [139.53632887704435, 35.575579371038195], [139.53636709858029, 35.57568033894579], [139.5365511147029, 35.575986897660364], [139.5367762001191, 35.57589858115313], [139.53693278435293, 35.57596660172273], [139.5370705071746, 35.576059608521085], [139.53724195522287, 35.57629874608081], [139.53723238048659, 35.57647578874233], [139.53734324290323, 35.57649584719333], [139.5375176825596, 35.57664260231669], [139.53754654605967, 35.5768157959354], [139.53753431657648, 35.57703487230624], [139.53734238200374, 35.57707957684664], [139.53748080532313, 35.577328103873924], [139.5377592895517, 35.57777329824037], [139.53779657268765, 35.577831448949844], [139.5378267288366, 35.57781757968395], [139.5380711359749, 35.577726772593614], [139.538231334124, 35.577833036477365], [139.53846023386316, 35.57791594762972], [139.5387443490812, 35.577991457796585], [139.53909473751068, 35.57805941738246], [139.53922844752992, 35.578220084472], [139.53935142916214, 35.57829189281266], [139.5393551936251, 35.57857149917147], [139.54049378150836, 35.57856126267252], [139.5413789055855, 35.578567165486014], [139.54136820494028, 35.57846911693822], [139.54146395901333, 35.5784376585718], [139.541653366811, 35.578352697186006], [139.54178118929335, 35.57830216242283], [139.54184915628792, 35.57829084708668], [139.54212081400357, 35.57830297879228], [139.54229857995992, 35.57836847195768], [139.54237068131215, 35.57842948671024], [139.54258343145773, 35.578468657510626], [139.5433968969909, 35.57834973176328], [139.54412136966732, 35.57823988427092], [139.5442706346535, 35.57812327622913], [139.54440992071625, 35.57806083077651], [139.5444779851447, 35.57793223395187], [139.54450955161076, 35.57776555970487], [139.54459138604471, 35.577631115754954], [139.54467780350774, 35.57755833404994], [139.54469214561578, 35.5774889714214], [139.54476999224406, 35.577540807727104], [139.5449419634474, 35.57761142362184], [139.54512051638827, 35.57765557835357], [139.54540861654803, 35.57766738853885], [139.54540480312156, 35.57754069784326], [139.54545615983938, 35.57752180757751], [139.54575954760116, 35.57741024607689], [139.5459206932464, 35.57735102022093], [139.54600153550697, 35.57731825583478], [139.54631855527876, 35.577733732432044], [139.5463192110278, 35.577984491630296], [139.5462929364299, 35.57816674099602], [139.54632055411173, 35.5781693419752], [139.54632479096603, 35.57827452060294], [139.54613682538255, 35.5789957933804], [139.5460992520667, 35.57904735626181], [139.5460465368056, 35.57906631586445], [139.54592830103752, 35.57915416319828], [139.54590294312345, 35.5792915949885], [139.54575603254077, 35.57944898389747], [139.54556751559505, 35.57955046737295], [139.54549425694472, 35.579607543693484], [139.54519938956747, 35.57988291895392], [139.54505873467906, 35.57997226261811], [139.54495432867543, 35.580012857688196], [139.54479665240228, 35.580107125112725], [139.544796499053, 35.58019187278767], [139.5447745680879, 35.580225727100434], [139.5445636434608, 35.58025289964568], [139.5445122410871, 35.58028404306967], [139.54441805813428, 35.58028631865712], [139.54428018469267, 35.580266344019115], [139.54415880132038, 35.580227640904454], [139.54395689529113, 35.58007745027972], [139.54389933577983, 35.580083192346784], [139.5438833831489, 35.58014466483524], [139.54350953506264, 35.58032784619653], [139.5433798056674, 35.5803086640285], [139.54329701824025, 35.580324381260255], [139.5432386979271, 35.58034927504771], [139.543238340332, 35.58046655625094], [139.54316492029048, 35.58066932742025], [139.54306300896238, 35.58087836697392], [139.54296512977245, 35.58092538361489], [139.54213736069454, 35.581124761789425], [139.54116938624185, 35.58135791489986], [139.54109265497928, 35.58137311770929], [139.54094947950534, 35.58137065916156], [139.54068909013336, 35.58133894274455], [139.5403989050349, 35.5813224335805], [139.5398700679997, 35.58135294873049], [139.53978467968778, 35.581466574061366], [139.53962560376021, 35.58159347100369], [139.53949896745837, 35.58167157626117], [139.53939269109188, 35.58171550720681], [139.5392921042771, 35.58172392394249], [139.539044687187, 35.58169797346761], [139.53890776520038, 35.58167130528727], [139.53879728252147, 35.58163364426939], [139.5386603593707, 35.581606976892154], [139.53852951763037, 35.58161475781791], [139.53841068908912, 35.58159658161087], [139.53812965170084, 35.58153579470953], [139.53797286262028, 35.581532069942384], [139.53762160927522, 35.58161342683479], [139.53748514492995, 35.58167932424934], [139.537347217058, 35.58177436915852], [139.5372057595863, 35.58185556966076], [139.53704879837383, 35.58191046482364], [139.5367915280705, 35.58195025799851], [139.53670667971036, 35.58198592852271], [139.5365180896246, 35.582202463307425], [139.53641780829483, 35.582285347004486], [139.53629957506416, 35.582339457430834], [139.53608352220488, 35.582363855708316], [139.535808689808, 35.58236793615829], [139.53561445350397, 35.58234369292295], [139.5353919754726, 35.582243250523824], [139.535422369869, 35.582359149497194], [139.5354483347196, 35.5824581540846], [139.53545890476693, 35.58249845857733], [139.53550404779412, 35.58257511807373], [139.53559167974078, 35.582723933023765], [139.5356265978127, 35.58278323055679], [139.53570939693026, 35.582931613219465], [139.5358351937484, 35.583158081347165], [139.53588631242894, 35.583250107711486], [139.53592153765814, 35.583313523732215], [139.5359354597683, 35.58332885579706], [139.535952503483, 35.58334582174686], [139.53596880544188, 35.58336231220103], [139.5359742918207, 35.583366446796795], [139.5359920303992, 35.5833798087725], [139.53601112772117, 35.58339107030616], [139.53604377745714, 35.58340798258092], [139.53606569632123, 35.58341933573595], [139.53610286052233, 35.58343767457612], [139.5361368530501, 35.583456091463724], [139.5361690901656, 35.583474785170154], [139.53619765865346, 35.58349335380826], [139.5362125442247, 35.58350385129669], [139.53622673317614, 35.583515512842], [139.5362376481731, 35.58352448275333], [139.53625380312502, 35.58353775883794], [139.53627180849085, 35.5835533121079], [139.53629013338286, 35.58357226001872], [139.5363083478892, 35.58359247244612], [139.53631801313423, 35.58360467801234], [139.5363227358181, 35.58361064216397], [139.5363414817711, 35.58363431356435], [139.53635650053008, 35.58365327813305], [139.53638728330714, 35.583690009213136], [139.53640100885283, 35.583706089488075], [139.53642096045928, 35.58372937266542], [139.5364425625714, 35.58373295632957], [139.53650417116265, 35.583743179592076], [139.53653800562014, 35.5837487929247], [139.5365698323209, 35.583754072902835], [139.53659955404743, 35.583756887468034], [139.53663822117727, 35.58376054910298], [139.53678166888716, 35.5837599983442], [139.53682453573487, 35.58376368942939], [139.536861296743, 35.583766852855305], [139.53693853887367, 35.58377762954383], [139.53697763114735, 35.58378308173568], [139.53706732469138, 35.5837958489], [139.53717727963098, 35.58381858951796], [139.53732927167266, 35.58385404902856], [139.53736879021304, 35.5838705386342], [139.53743804566048, 35.58390426582806], [139.53750145538, 35.58393816908957], [139.53757643981248, 35.583978263250614], [139.53768509476959, 35.58405020042502], [139.53769704699408, 35.58405811367829], [139.53773494947183, 35.584083206819855], [139.53777555523703, 35.58412669629456], [139.53790740939317, 35.58426809459368], [139.53803119086385, 35.58440693746025], [139.53807343701075, 35.584457193754], [139.53801760465097, 35.584489304897765], [139.53787744180377, 35.584569914355775], [139.5378268506448, 35.58459900905914], [139.5378290495988, 35.584605617823584], [139.53784509895647, 35.584653894858334], [139.53789366087395, 35.58479995432365], [139.5379447230216, 35.584953530438966], [139.5376476214678, 35.585083514986714], [139.5375103721528, 35.58514356229655], [139.53748030787688, 35.585234499393664], [139.5374011103089, 35.58547404803092], [139.5373232948329, 35.58570941393622], [139.53729389896094, 35.58579832479349], [139.53725104331457, 35.58587069953968], [139.53720063055476, 35.58595583578253], [139.53713241673393, 35.58601597064779], [139.5370843909843, 35.58605830791165], [139.53712484351578, 35.58607969170473], [139.53718764245184, 35.58615139028518], [139.53723627881575, 35.58626407440043], [139.53724790074847, 35.58630477839459], [139.53716308141352, 35.58636384351714], [139.53704655556632, 35.58644489936704], [139.53699675104673, 35.58648533922181], [139.53690482350504, 35.586277801955255], [139.5367888350858, 35.58631177065961], [139.53677772345503, 35.586314030512945], [139.5368764128341, 35.5866228992563], [139.5370190264675, 35.58674514171325], [139.5371583551395, 35.58684681463106], [139.53730225370208, 35.58701286173656], [139.53760784346733, 35.58723599008406], [139.5376403855749, 35.587277687299704], [139.5377629980059, 35.5875777957548], [139.53849885845057, 35.58734751443231], [139.53850668005256, 35.587348026881976], [139.53871885194306, 35.58736853992194], [139.5390645770757, 35.587438106218926], [139.5393115948984, 35.58754901512676], [139.53953614979585, 35.587696382664575], [139.5397517324409, 35.58779313080186], [139.53986882292014, 35.58782358745915], [139.54024062829905, 35.587839800485284], [139.54046475059914, 35.5878226308014], [139.54067043562907, 35.58779555573929], [139.5408018976053, 35.58775024042785], [139.54114455627152, 35.58769156000281], [139.5413598775556, 35.587640037417124], [139.54150876612766, 35.58758518621392], [139.54163001118408, 35.5875155515005], [139.54174405351998, 35.58741776644022], [139.54205565558385, 35.587059657687284], [139.5421199212539, 35.5872637803887], [139.5421959011839, 35.58742842599074], [139.54227219051782, 35.58755553836565], [139.5423967423105, 35.5878243446897], [139.54248777156673, 35.587970117964964], [139.54252916622016, 35.588014087986615], [139.54261186008597, 35.58808667640546], [139.542756009296, 35.58813279374308], [139.5428927744487, 35.58814685152395], [139.54345139723605, 35.58821747628931], [139.54354866223875, 35.58824805860147], [139.54371708133485, 35.58836577765437], [139.54391351443886, 35.588052563951784], [139.54418253836502, 35.587623613576774], [139.54419534127572, 35.58761135535867]]]}, "properties": {"name": "横浜市青葉区元石川町", "town": "元石川町", "population": 3065, "households": 1235}}, {"type": "Feature", "geometry": {"type": "Polygon", "coordinates": [[[139.5526064605587, 35.58437175540865], [139.5548360912482, 35.58356485730065], [139.55485297931298, 35.58356693836543], [139.5554419192993, 35.58335603671212], [139.55545583988894, 35.583350364469354], [139.5560458349803, 35.583157384377714], [139.55640467569432, 35.582494616345954], [139.55671241121883, 35.581995347943526], [139.5568942359593, 35.581706026824556], [139.55704816023115, 35.58143931423565], [139.55723004173214, 35.58113295298016], [139.55738709211795, 35.58086522667442], [139.5573922730243, 35.58085636465217], [139.55774674341234, 35.5802505482572], [139.55776780736255, 35.58021454580799], [139.55799092419826, 35.57983320563502], [139.55823396722022, 35.57941780047839], [139.55825317191392, 35.57938499485432], [139.5588149138125, 35.57842491766688], [139.5596102044423, 35.57870861940759], [139.56004755351574, 35.57799261132006], [139.56013971747745, 35.577822759347896], [139.56021229767558, 35.577625930189534], [139.56015480084514, 35.577620555226034], [139.56016318427243, 35.57759165402932], [139.55984115257405, 35.57752610629492], [139.5598209612434, 35.57762340581712], [139.55971617690045, 35.57761415742015], [139.55955335668116, 35.57747588696967], [139.559371417468, 35.57744393154562], [139.55932280367148, 35.57746365137134], [139.55906114635417, 35.577400111124724], [139.55888073687854, 35.5773563009033], [139.55886095099459, 35.577365621385916], [139.55879122350797, 35.57739846285846], [139.55864020144375, 35.57735936612069], [139.55865940497196, 35.57729668545533], [139.55866586449088, 35.57727559902541], [139.5585918281541, 35.577256210286926], [139.55836382416618, 35.577196503068706], [139.55832936841384, 35.57727033524769], [139.55825808630533, 35.577238015536615], [139.55790772306221, 35.577110404190655], [139.55775845015958, 35.57703560113091], [139.55736970424115, 35.57690321973447], [139.55729253711436, 35.57684664276942], [139.55695569591884, 35.57655410557794], [139.5567394502262, 35.57637905122508], [139.5565646198092, 35.57617983237057], [139.55644095592066, 35.576021711310915], [139.55634581229847, 35.57594192310724], [139.5562076437926, 35.57585996123025], [139.55604365941167, 35.57572804876122], [139.55590680253462, 35.575553173237324], [139.55576898641772, 35.57538206266869], [139.55573207990696, 35.57538014871956], [139.55553925827687, 35.57543058579534], [139.55555869259032, 35.57557385069089], [139.55564669875767, 35.57622260357454], [139.55571240842573, 35.57670694213092], [139.5558280882018, 35.57755950127018], [139.5557588156195, 35.5775632173774], [139.55523500371964, 35.57759124912518], [139.5551875431771, 35.577593781161355], [139.5547137727085, 35.57768273001349], [139.55468423068606, 35.577688296014934], [139.5546433895189, 35.57769594875147], [139.55462931074726, 35.57770436671493], [139.5543521466157, 35.577870306894496], [139.55424233976353, 35.57793603716274], [139.5541203628181, 35.57808673332999], [139.55387893544523, 35.57846707086801], [139.55367879009336, 35.57868818150826], [139.55348470521287, 35.5789821194807], [139.55343684904534, 35.579054610675406], [139.55327542531253, 35.57929454122508], [139.5527601072137, 35.58006045765029], [139.5527522652383, 35.580071987086], [139.5523035577084, 35.58077992512879], [139.55211089633968, 35.58101481839602], [139.55179803253625, 35.58148220189194], [139.5517774337137, 35.581530531059066], [139.5515953033033, 35.58179773572363], [139.55151004956454, 35.58209917413704], [139.55151463397814, 35.582199530277435], [139.55154896947295, 35.582382485307456], [139.55159868343466, 35.58251294282459], [139.55169452899037, 35.582738254890906], [139.5519400492549, 35.58314062471024], [139.55218327557768, 35.58358995616958], [139.55231841188512, 35.58383961551551], [139.55245048834976, 35.584083600074855], [139.5526064605587, 35.58437175540865]]]}, "properties": {"name": "横浜市青葉区美しが丘一丁目", "town": "美しが丘一丁目", "population": 5482, "households": 2731}}, {"type": "Feature", "geometry": {"type": "Polygon", "coordinates": [[[139.5538016061857, 35.588007780378426], [139.55476755034547, 35.58773914785001], [139.55482364861754, 35.58774585938298], [139.55484381367546, 35.587748264192584], [139.55508830752817, 35.587777444226994], [139.5553967050682, 35.58772434412758], [139.55545754075555, 35.587713883955324], [139.5556963365851, 35.587594853317086], [139.5558903808132, 35.58742878865067], [139.55608439709184, 35.58703269901764], [139.55610869736918, 35.587004551287016], [139.55616618920658, 35.586937924367454], [139.5561960288207, 35.58690334583404], [139.55647209407863, 35.58666901868456], [139.55648977515838, 35.58659106888036], [139.55658744102732, 35.58616075631273], [139.55657035610906, 35.58589020877725], [139.5566159834712, 35.585619839087464], [139.55661224616173, 35.5855533207339], [139.55673094826915, 35.585341209319154], [139.5569926654751, 35.58516019224062], [139.5572169962635, 35.58496479681829], [139.55735754628085, 35.584885366096294], [139.55768324048992, 35.58483849789697], [139.55777106641156, 35.584805350515126], [139.55791823512956, 35.58471237872731], [139.55826353737493, 35.58454654599619], [139.55842478204792, 35.584515044467466], [139.55858598669394, 35.58449561812927], [139.5586443576629, 35.58446754680414], [139.55876204738934, 35.58441091328072], [139.55902627642712, 35.58429394538082], [139.55929272076565, 35.58421560195746], [139.55957840356655, 35.58418289562106], [139.55966624602607, 35.58414478429294], [139.55982415534902, 35.58405429763762], [139.55989992359338, 35.584010878566346], [139.56003410184587, 35.58393399985893], [139.5603286917931, 35.583683053799376], [139.56038181719495, 35.583657047669575], [139.56042447173698, 35.583636157605845], [139.56046762342922, 35.58361502327665], [139.5607012410146, 35.583441471071424], [139.56084349422693, 35.58335316642203], [139.56097525221355, 35.58327135307962], [139.5611177217007, 35.58318326053798], [139.56120168574404, 35.583086799941135], [139.56123296519033, 35.582988533059805], [139.56124782122956, 35.5829419130909], [139.56127589790205, 35.58285370819689], [139.5614497896321, 35.58270079483257], [139.56158669308707, 35.58263279430063], [139.5616494298916, 35.582548784494776], [139.56166915177224, 35.58252235141609], [139.56168494067748, 35.582480383245176], [139.56173656398897, 35.58234318405235], [139.56188841256304, 35.58210618072615], [139.56190003935987, 35.5820903278298], [139.56201019540737, 35.581940019514576], [139.56208112053892, 35.58178578920023], [139.56208509626984, 35.58175696064872], [139.56209552393634, 35.58168156838251], [139.5621207735573, 35.5815175871252], [139.56213790486865, 35.58148600898688], [139.5621433481567, 35.58147598553648], [139.56229680341556, 35.58133637393274], [139.56241594810018, 35.58121076566935], [139.56256286029654, 35.5810687075154], [139.56269016934627, 35.580764506784284], [139.5627485043555, 35.58045761867124], [139.56274869522804, 35.58040096937144], [139.56274742722437, 35.58039475008854], [139.56270655036795, 35.58019427531583], [139.56272641167646, 35.58006872969677], [139.56273854438058, 35.57999847952439], [139.5627502727356, 35.57993277327413], [139.56281798261654, 35.57981127652644], [139.56295090447693, 35.579708268698475], [139.56323687877477, 35.579583948178744], [139.5634123258485, 35.57951722705721], [139.5634982887153, 35.57948453506966], [139.56361685496893, 35.579408147779844], [139.56366641594474, 35.579351042028364], [139.56375937567705, 35.57924389707728], [139.56397062551798, 35.5790067088304], [139.5639862391632, 35.57899058211647], [139.56405650286464, 35.578974013114895], [139.56414361318292, 35.57899131688993], [139.56417561819512, 35.579093208028226], [139.5641920213337, 35.57908563973711], [139.56426576773026, 35.57908442852151], [139.56439729142954, 35.57898638210855], [139.56462685127983, 35.57881521154772], [139.56463769395867, 35.578814249574584], [139.5647032020081, 35.57880844405245], [139.5648352326129, 35.578796727862965], [139.56493449879542, 35.57878789756811], [139.56524925441863, 35.57859364138879], [139.5656233006268, 35.578093415535484], [139.5656606294269, 35.5780468804933], [139.56585361239584, 35.5778119712266], [139.56486651381434, 35.57780131814677], [139.56474743767964, 35.577767854596665], [139.56450409336446, 35.57777675451365], [139.5643720650374, 35.577781605611655], [139.56430221439106, 35.57770082276532], [139.5639694967082, 35.57770600584072], [139.56345706970362, 35.577713955506574], [139.56305164060026, 35.577720275703314], [139.5630341035006, 35.57762334324333], [139.56294026232254, 35.57762792307907], [139.56288536048476, 35.57765815105143], [139.56201641380156, 35.5777382947292], [139.56157091386626, 35.577747687438105], [139.56102796015372, 35.57774024480211], [139.560716531412, 35.57772050143024], [139.56021229767558, 35.577625930189534], [139.56013971747745, 35.577822759347896], [139.56004755351574, 35.57799261132006], [139.5596102044423, 35.57870861940759], [139.5588149138125, 35.57842491766688], [139.55825317191392, 35.57938499485432], [139.55823396722022, 35.57941780047839], [139.55799092419826, 35.57983320563502], [139.55776780736255, 35.580214545808005], [139.55774674341234, 35.5802505482572], [139.5573922730243, 35.58085636465217], [139.55738709211795, 35.58086522667442], [139.55723004173214, 35.58113295298019], [139.55704816023115, 35.58143931423565], [139.55689423595925, 35.581706026824556], [139.55671241121883, 35.581995347943526], [139.55640467569432, 35.582494616345976], [139.5560458349803, 35.58315738437773], [139.55545583988894, 35.583350364469354], [139.5554419192993, 35.58335603671212], [139.55485297931298, 35.58356693836543], [139.5548360912482, 35.58356485730065], [139.5526064605587, 35.58437175540865], [139.5528784735809, 35.5848495296451], [139.5530041667466, 35.58507029489769], [139.553062292864, 35.585311186332554], [139.5530214560771, 35.585588891183654], [139.55294111848207, 35.585772251452674], [139.55276304352003, 35.58609854746913], [139.5523787393101, 35.58678889143831], [139.55233362199144, 35.586940329088314], [139.55232624634016, 35.58713315432643], [139.55233610189404, 35.58717440705373], [139.55257927635893, 35.588194169336354], [139.55269708762847, 35.5886867705331], [139.5527562754446, 35.58868525165107], [139.55302664636625, 35.588543411771184], [139.5531704369361, 35.58840874772075], [139.55322323932282, 35.58835929358161], [139.55345039303094, 35.588206194376255], [139.5538016061857, 35.588007780378426]]]}, "properties": {"name": "横浜市青葉区美しが丘二丁目", "town": "美しが丘二丁目", "population": 7482, "households": 3039}}, {"type": "Feature", "geometry": {"type": "Polygon", "coordinates": [[[139.54943252121018, 35.58839342658132], [139.54988187916965, 35.588333801096404], [139.5503064689842, 35.588367033041955], [139.55069008060025, 35.58849488270867], [139.55105786423957, 35.588539566519096], [139.55142311948813, 35.58860459328751], [139.55199187595605, 35.58860051280012], [139.5525120888701, 35.58869145301989], [139.55269708762847, 35.5886867705331], [139.55257927635893, 35.588194169336354], [139.55233610189404, 35.58717440705373], [139.55232624634016, 35.58713315432643], [139.55233362199144, 35.586940329088314], [139.5523787393101, 35.58678889143831], [139.55276304352003, 35.58609854746913], [139.55294111848207, 35.585772251452674], [139.5530214560771, 35.585588891183654], [139.553062292864, 35.585311186332554], [139.5530041667466, 35.58507029489769], [139.5528784735809, 35.5848495296451], [139.5526064605587, 35.58437175540865], [139.55245048834976, 35.584083600074855], [139.55231841188512, 35.58383961551551], [139.55218327557768, 35.58358995616958], [139.5519400492549, 35.58314062471024], [139.55121302733068, 35.583400377087735], [139.54992915559728, 35.58385903747703], [139.5496334271933, 35.58396468384634], [139.5493140222552, 35.58403689700648], [139.54896737242515, 35.584140874532636], [139.54883842765395, 35.584209444467575], [139.54872217171544, 35.584290928644975], [139.54870030842488, 35.58430626418709], [139.5486183743235, 35.58439673705669], [139.54847552132648, 35.58457065508301], [139.54818827882073, 35.58442668504521], [139.54790331838757, 35.58428384734481], [139.5472944768818, 35.58475151756578], [139.54637429796355, 35.585458292840194], [139.5463602509003, 35.58546906888313], [139.54626719413633, 35.58554053496361], [139.54603625325862, 35.58565903202554], [139.54561510052994, 35.5858242231479], [139.54534863432085, 35.58623994062559], [139.54513859534768, 35.586569141099936], [139.54513025168504, 35.58658221915078], [139.54491210047175, 35.5869199596511], [139.5448158897726, 35.58701690896455], [139.54419534127572, 35.58761135535867], [139.54418253836502, 35.587623613576774], [139.54391351443886, 35.588052563951784], [139.54371708133485, 35.58836577765437], [139.54377444640915, 35.588596360210396], [139.54369839287105, 35.58870289964627], [139.54342406751812, 35.58885371747531], [139.5433431073625, 35.589012177919535], [139.543362172112, 35.58905658730057], [139.54337279502516, 35.58908129501134], [139.5433913910451, 35.58912457656497], [139.54352171254268, 35.58916875747966], [139.54380363998314, 35.58917583728122], [139.54431572744267, 35.58918339176692], [139.54447503805147, 35.58922735933546], [139.5446008801344, 35.58929483815825], [139.54480137774294, 35.589405483487994], [139.54497078194086, 35.589574715351304], [139.54520712261464, 35.589818113283194], [139.54528364798557, 35.589911493897], [139.5454400566786, 35.590032420993055], [139.54560421735104, 35.59013724081644], [139.54576245151117, 35.59020602716137], [139.54624906627262, 35.589796562590436], [139.54681758837373, 35.58977219935016], [139.54691629424272, 35.58971285459535], [139.54701612109352, 35.58952591576799], [139.5472130007882, 35.589356630394185], [139.5473967407296, 35.589251572844276], [139.54751087548283, 35.58921092512844], [139.5475554148311, 35.589128640100895], [139.54769469262214, 35.58899907616358], [139.54813103673462, 35.58877492746658], [139.54870710309683, 35.588556278573705], [139.54886351468767, 35.58849319485417], [139.54907099100066, 35.58840956144495], [139.54943252121018, 35.58839342658132]]]}, "properties": {"name": "横浜市青葉区美しが丘三丁目", "town": "美しが丘三丁目", "population": 2730, "households": 1088}}, {"type": "Feature", "geometry": {"type": "Polygon", "coordinates": [[[139.5472944768818, 35.58475151756578], [139.54790331838757, 35.58428384734481], [139.54818827882073, 35.58442668504521], [139.54847552132648, 35.58457065508301], [139.5486183743235, 35.58439673705669], [139.54870030842488, 35.58430626418709], [139.54872217171544, 35.584290928644975], [139.54883842765395, 35.584209444467575], [139.54896737242515, 35.584140874532636], [139.5493140222552, 35.58403689700648], [139.5496334271933, 35.58396468384634], [139.54992915559728, 35.58385903747703], [139.55121302733068, 35.583400377087735], [139.5519400492549, 35.58314062471024], [139.55169452899037, 35.582738254890906], [139.55159868343466, 35.58251294282459], [139.55154896947295, 35.582382485307456], [139.55151463397814, 35.582199530277435], [139.55151004956454, 35.58209917413704], [139.5515953033033, 35.58179773572363], [139.5517774337137, 35.581530531059066], [139.55179803253625, 35.58148220189194], [139.55211089633968, 35.58101481839602], [139.5523035577084, 35.58077992512879], [139.5527522652383, 35.580071987086], [139.5527601072137, 35.58006045765029], [139.55327542531253, 35.57929454122508], [139.55343684904534, 35.579054610675406], [139.55348470521287, 35.5789821194807], [139.55367879009336, 35.57868818150826], [139.55387893544523, 35.57846707086801], [139.55315881108305, 35.57815192066165], [139.55269358050444, 35.57797220358966], [139.55226846907777, 35.57786267810017], [139.55203647204604, 35.57780602071011], [139.55131337630698, 35.57762936556603], [139.55089300958642, 35.577525901339165], [139.55008500047964, 35.57729781386554], [139.55004325780013, 35.57728606236557], [139.54956116315265, 35.57714998804811], [139.54920634215696, 35.57704983985686], [139.549170090057, 35.577039615343516], [139.54874823210446, 35.57692054119215], [139.54850146105, 35.57685088539887], [139.5482689365205, 35.57747942836247], [139.54822448271432, 35.577599588610205], [139.54810506299432, 35.57788876158419], [139.5480953291524, 35.577911203187455], [139.54784112375177, 35.578830725492296], [139.54773312273772, 35.579290656371796], [139.54765308845768, 35.57966681966552], [139.5475420110292, 35.58005805028016], [139.54747795739047, 35.58025429757712], [139.54743012665975, 35.580360622916274], [139.54738290450518, 35.58046564638039], [139.54729514148207, 35.58056578708178], [139.54715784842364, 35.58083178769065], [139.54704726179602, 35.58096845713532], [139.54695609211794, 35.58108112469006], [139.5467333774553, 35.5812965401425], [139.54651863316843, 35.581451480722386], [139.5458094680729, 35.58196329288766], [139.5457027787002, 35.58203317737354], [139.54539468841315, 35.58221345687229], [139.54535998345, 35.58223376067365], [139.5450062931389, 35.5824736822202], [139.54474360950098, 35.58264766055649], [139.54442023741225, 35.582923636486385], [139.54418165993394, 35.58319562262192], [139.54393733223478, 35.58353787232769], [139.54392898290007, 35.58358855372471], [139.54382435604887, 35.58381512335136], [139.54373747284163, 35.58424946749782], [139.54366132810452, 35.58447198491397], [139.54348839179775, 35.5848933785802], [139.54332050084258, 35.585540969385626], [139.5432740143993, 35.5857322905334], [139.54331331497684, 35.585740869739354], [139.54323658762522, 35.586022923895534], [139.54317886399744, 35.58620453621922], [139.54309467685678, 35.58646935575685], [139.54290843586787, 35.58683103940935], [139.54383496067598, 35.586867719487145], [139.54455099101153, 35.586890688040725], [139.54491210047175, 35.5869199596511], [139.54513025168504, 35.58658221915078], [139.54513859534768, 35.586569141099936], [139.54534863432085, 35.58623994062559], [139.54561510052994, 35.5858242231479], [139.54603625325862, 35.58565903202554], [139.54626719413633, 35.58554053496361], [139.5463602509003, 35.58546906888313], [139.54637429796355, 35.585458292840194], [139.5472944768818, 35.58475151756578]]]}, "properties": {"name": "横浜市青葉区美しが丘四丁目", "town": "美しが丘四丁目", "population": 5886, "households": 2706}}, {"type": "Feature", "geometry": {"type": "Polygon", "coordinates": [[[139.5548875947444, 35.5717475376338], [139.55476182446878, 35.57110624079031], [139.55408208578726, 35.571142146757744], [139.55398775451337, 35.57114682467137], [139.55383314660804, 35.57115389936935], [139.55319197297956, 35.5711851366818], [139.5525858920478, 35.571366053533865], [139.55254552622708, 35.57138631124893], [139.55244390084647, 35.571437341140744], [139.5522047312172, 35.57155737997653], [139.5518035081788, 35.57182249182107], [139.551498220079, 35.57208588774606], [139.55112351354458, 35.572517807745754], [139.55060347435963, 35.57311723255153], [139.5502703448794, 35.57352158135074], [139.55023876877118, 35.573559908239915], [139.54983134839793, 35.5740544222591], [139.54953105003125, 35.57440767895228], [139.54936461184178, 35.57465069033892], [139.54924153881487, 35.57491538497604], [139.54911980382212, 35.57523374199296], [139.54906488481708, 35.57537740640152], [139.5489085880055, 35.57578613368864], [139.54875078866434, 35.57619883646906], [139.54850146105, 35.57685088539887], [139.54874823210446, 35.57692054119215], [139.549170090057, 35.577039615343516], [139.54920634215696, 35.57704983985686], [139.54956116315265, 35.57714998804811], [139.55004325780013, 35.57728606236557], [139.55008500047964, 35.57729781386554], [139.55089300958642, 35.577525901339165], [139.55131337630698, 35.57762936556603], [139.55203647204604, 35.57780602071011], [139.55226846907777, 35.57786267810017], [139.55269358050444, 35.57797220358966], [139.55315881108305, 35.57815192066165], [139.55387893544523, 35.57846707086801], [139.5541203628181, 35.57808673332999], [139.55424233976353, 35.57793603716274], [139.5543521466157, 35.577870306894496], [139.55462931074726, 35.57770436671493], [139.5546433895189, 35.57769594875147], [139.55468423068606, 35.577688296014934], [139.5547137727085, 35.57768273001349], [139.5551875431771, 35.577593781161355], [139.55523500371964, 35.57759124912518], [139.5557588156195, 35.5775632173774], [139.5558280882018, 35.57755950127014], [139.55571240842573, 35.57670694213092], [139.55564669875767, 35.576222603574536], [139.55555869259032, 35.57557385069086], [139.55553925827687, 35.575430585795324], [139.55545186778662, 35.57478635009067], [139.55538374420007, 35.57428436484424], [139.55537872751592, 35.57425185743831], [139.55532341969405, 35.57396991934799], [139.5552868915008, 35.57378641747354], [139.5552522974377, 35.5736126353846], [139.55519774945648, 35.573329116151996], [139.55514844446395, 35.57308106509111], [139.5550734525223, 35.5726905339361], [139.5550311946121, 35.572479748562], [139.55500021741125, 35.57232176897067], [139.5548875947444, 35.5717475376338]]]}, "properties": {"name": "横浜市青葉区美しが丘五丁目", "town": "美しが丘五丁目", "population": 5156, "households": 2457}}, {"type": "Feature", "geometry": {"type": "Polygon", "coordinates": [[[139.56120916091047, 35.559901203355714], [139.5614422631118, 35.55980894958658], [139.5614884609226, 35.55982623583256], [139.5616595293257, 35.55970451387382], [139.5620428917452, 35.55946366156146], [139.56236614887672, 35.559252847615966], [139.56251095528432, 35.55916810604968], [139.56280046965202, 35.559440813689456], [139.5628064183066, 35.55943375048445], [139.56290914697445, 35.55931148667913], [139.56310003153084, 35.55919015939797], [139.56332630391375, 35.55907781920335], [139.56386547046387, 35.55881016251817], [139.56386704896443, 35.55880865258965], [139.56353415691467, 35.55847437596836], [139.5633594376443, 35.55827589968479], [139.5632532105999, 35.558114757198226], [139.56308840135733, 35.55784063913701], [139.5630298586239, 35.55763921733944], [139.56301109618317, 35.55751154291826], [139.56302981081242, 35.5572401223812], [139.56315475102508, 35.556461539948835], [139.56316850591665, 35.55637583646901], [139.56284015068246, 35.55634672443223], [139.5623690351668, 35.55586478233576], [139.56231991398545, 35.5556943307946], [139.56260968051058, 35.55539330755746], [139.5623975440298, 35.55527280406095], [139.5620244674083, 35.55526337646038], [139.561855192157, 35.55524130683963], [139.56167403318273, 35.555190761758176], [139.56169293111708, 35.555417492144564], [139.56170134962255, 35.55541755617969], [139.5617498816267, 35.55541766525978], [139.56175725622583, 35.555519535463226], [139.56170162431306, 35.5555217909089], [139.56150264914766, 35.555484092168875], [139.56133132772823, 35.55542367440105], [139.56135973678013, 35.55527388786485], [139.56126307998593, 35.55518902836514], [139.5611404285165, 35.5551403735177], [139.56091651683417, 35.5551251866017], [139.56095575626767, 35.55530554644303], [139.5609373148769, 35.55586719805558], [139.5608999596668, 35.555967848091385], [139.56075781180954, 35.555918586248325], [139.56057394741063, 35.55589095531172], [139.5604226330181, 35.55590138783181], [139.56023684806564, 35.555969168647486], [139.56006678216227, 35.55605149097884], [139.55989625215307, 35.55617465430988], [139.55959293922857, 35.556256815506295], [139.55894092159167, 35.556476386602014], [139.5590478455192, 35.55661985992084], [139.55907608798412, 35.556783259751704], [139.55905859904254, 35.55696975944246], [139.55930179679427, 35.55741841620992], [139.55907695586856, 35.55747709648802], [139.55866554560177, 35.557597641558914], [139.55832772062863, 35.55763300299744], [139.55812802684179, 35.55763392480698], [139.5579093325342, 35.557527591250945], [139.55788195446175, 35.557464116627514], [139.55769005325826, 35.557217216343126], [139.55758354055837, 35.55714226121644], [139.55746039253336, 35.55711177185544], [139.55738320760537, 35.55711599801216], [139.55742159045528, 35.557342657617085], [139.5574129720622, 35.55764184764711], [139.55732267773897, 35.55806651544317], [139.55728530553154, 35.55815146088584], [139.5569939333441, 35.558085239912906], [139.55689008484327, 35.557987368941085], [139.55671732341452, 35.5580926042471], [139.55661820204557, 35.55820976780083], [139.55625476799912, 35.55821084195678], [139.55624285387674, 35.557783266417125], [139.55624705039315, 35.55761736955705], [139.5563105974788, 35.55747040856123], [139.55574516919165, 35.55728015084797], [139.5556341829072, 35.55722211884337], [139.5554751785703, 35.557237741511514], [139.55547066197954, 35.55738990607105], [139.55554399278807, 35.55863423584444], [139.55500451363284, 35.55840836781914], [139.55497003646568, 35.5586569731833], [139.55496154377707, 35.558676495593545], [139.55482838502897, 35.558982830171814], [139.55576343475727, 35.55936064990597], [139.55630286535026, 35.5596589401452], [139.55711737429175, 35.56010935768534], [139.5579798190049, 35.56062550664844], [139.55803847110306, 35.56066060183405], [139.55875503830222, 35.56049057292908], [139.5592728100172, 35.5603699490781], [139.5599714927996, 35.56020921057447], [139.56031578330246, 35.560143968913174], [139.56059010209938, 35.56009599753174], [139.5609337746742, 35.560003607078706], [139.56120916091047, 35.559901203355714]]]}, "properties": {"name": "横浜市青葉区荏田町", "town": "荏田町", "population": 1479, "households": 628}}, {"type": "Feature", "geometry": {"type": "Polygon", "coordinates": [[[139.55497003646568, 35.5586569731833], [139.55500451363284, 35.55840836781914], [139.55554399278807, 35.55863423584444], [139.55547066197954, 35.55738990607108], [139.5554751785703, 35.557237741511514], [139.5556341829072, 35.55722211884337], [139.55574516919165, 35.55728015084797], [139.5563105974788, 35.55747040856123], [139.55624705039315, 35.55761736955705], [139.55624285387674, 35.557783266417125], [139.55625476799912, 35.55821084195678], [139.55661820204557, 35.55820976780083], [139.55671732341452, 35.5580926042471], [139.55689008484327, 35.557987368941085], [139.5569939333441, 35.558085239912906], [139.55728530553154, 35.55815146088578], [139.55732267773897, 35.55806651544317], [139.5574129720622, 35.55764184764711], [139.55742159045528, 35.557342657617085], [139.55738320760537, 35.55711599801216], [139.55746039253336, 35.55711177185544], [139.55758354055837, 35.55714226121644], [139.55769005325826, 35.557217216343126], [139.55788195446175, 35.557464116627514], [139.5579093325342, 35.557527591250945], [139.55812802684179, 35.55763392480698], [139.55832772062863, 35.55763300299744], [139.55866554560177, 35.557597641558914], [139.55907695586856, 35.55747709648802], [139.55930179679427, 35.55741841620992], [139.55905859904254, 35.55696975944246], [139.55907608798412, 35.556783259751704], [139.5590478455192, 35.55661985992084], [139.55894092159167, 35.556476386602014], [139.55959293922857, 35.556256815506295], [139.55989625215307, 35.55617465430988], [139.56006678216227, 35.55605149097884], [139.56023684806564, 35.555969168647486], [139.5604226330181, 35.55590138783181], [139.56057394741063, 35.55589095531172], [139.56075781180954, 35.555918586248325], [139.5608999596668, 35.555967848091385], [139.5609373148769, 35.55586719805558], [139.56095575626767, 35.55530554644303], [139.56091651683417, 35.5551251866017], [139.5611404285165, 35.5551403735177], [139.56126307998593, 35.55518902836514], [139.56135973678013, 35.55527388786485], [139.56133132772823, 35.55542367440105], [139.56150264914766, 35.555484092168875], [139.56170162431306, 35.5555217909089], [139.56175725622583, 35.555519535463226], [139.5617498816267, 35.55541766525978], [139.56170134962255, 35.55541755617969], [139.56169293111708, 35.555417492144564], [139.56167403318273, 35.555190761758176], [139.561855192157, 35.55524130683963], [139.5620244674083, 35.55526337646038], [139.5623975440298, 35.55527280406095], [139.56260968051058, 35.55539330755746], [139.56231991398545, 35.5556943307946], [139.5623690351668, 35.55586478233576], [139.56284015068246, 35.55634672443223], [139.56316850591665, 35.55637583646901], [139.56323953882998, 35.556145375972875], [139.56326290856944, 35.55586674745997], [139.56316988403037, 35.55552310979504], [139.56306685717865, 35.55523243985888], [139.56290512571954, 35.55487188791], [139.5626699517437, 35.55460789161941], [139.56219891760466, 35.554219217147995], [139.5621017058108, 35.55408284430872], [139.5618149396913, 35.5533693897589], [139.56158923798364, 35.55283052839777], [139.5615183039292, 35.5524868291396], [139.56135708148344, 35.5525432587138], [139.5612158067798, 35.55256818588559], [139.561187130872, 35.55256900088039], [139.56110770098647, 35.55256973709694], [139.5608585386369, 35.55253850755319], [139.5607780224163, 35.55254195168266], [139.560711785862, 35.55255891384605], [139.56064997768712, 35.552565992098195], [139.5605849627156, 35.552553240632705], [139.5604395548562, 35.552495202717566], [139.56029409476346, 35.552458818932905], [139.5602698257949, 35.55245605340665], [139.56009232298484, 35.552434948200435], [139.56003835030586, 35.55241229178751], [139.5598688220921, 35.55232085499919], [139.5598176657035, 35.552312711214405], [139.5597463787115, 35.55231966242146], [139.55968678017652, 35.55233575829162], [139.5595928920803, 35.55237522700928], [139.55954983501954, 35.55238593807858], [139.55952116531347, 35.55238495754844], [139.55948480197006, 35.55237226995606], [139.55924368055017, 35.55224553167918], [139.55920180857586, 35.55223730425044], [139.55915988716458, 35.55223720956529], [139.55867095994648, 35.55232444459849], [139.55862448608136, 35.55233909281686], [139.55858263242547, 35.55235040601106], [139.55856051103194, 35.55236838327181], [139.55855271215762, 35.552393575717666], [139.558570212745, 35.55243509173281], [139.55859198389564, 35.552518975149354], [139.5585907272301, 35.55256492142815], [139.55858621804393, 35.55259195222214], [139.55857287316948, 35.552626180443994], [139.5585518007101, 35.55265859603377], [139.5585263368488, 35.55268378425587], [139.5584787792959, 35.552725117790466], [139.558432277007, 35.55277279198505], [139.55839792778772, 35.552819578236544], [139.5583580853301, 35.55286004951495], [139.55830833026226, 35.55289511180531], [139.55825972364508, 35.55291570496643], [139.55820886679484, 35.552951644417384], [139.55809266269532, 35.55306496683971], [139.55793878163942, 35.55322778003273], [139.55786688255247, 35.553287085278235], [139.55759936224587, 35.55314405582852], [139.5576738288357, 35.55297747191423], [139.55753492715124, 35.55281980390192], [139.55751672910554, 35.55279324967579], [139.55749264027835, 35.55274453572541], [139.5574664977429, 35.55264800180767], [139.55747904005807, 35.55252817656438], [139.55733865807375, 35.55255651815746], [139.55697799620307, 35.55261710334454], [139.556957645888, 35.55258381906028], [139.55693706063957, 35.55255014637915], [139.5567660239262, 35.552453493486624], [139.55653349804925, 35.55230297117717], [139.5563454291044, 35.55219814475076], [139.55623059375958, 35.552164679843564], [139.55579033951204, 35.552037939295744], [139.55565250746346, 35.5519336149347], [139.5554094813233, 35.5517496855841], [139.55518409877973, 35.55156597268683], [139.5551531086172, 35.55177990665026], [139.55513213746795, 35.5519990746286], [139.555078524672, 35.552559703130804], [139.55506909724227, 35.55265024215663], [139.55501828250604, 35.55313812652214], [139.55499186604706, 35.55339175693791], [139.55491269152924, 35.55415188959812], [139.55486077778212, 35.55465005593433], [139.55486048763854, 35.55465294245109], [139.55480305695363, 35.555194403866416], [139.55472040641854, 35.55559820918597], [139.55466905848797, 35.55577956143971], [139.55443667977372, 35.556355338396926], [139.55434090125686, 35.55655095365082], [139.55404489457743, 35.55696757795222], [139.55397803795702, 35.55706168042844], [139.5538990126664, 35.55717293719767], [139.55363965911457, 35.55750049497974], [139.55339164396275, 35.55781318426564], [139.55290102903862, 35.55834945880222], [139.55353042229194, 35.55855205945632], [139.55482838502897, 35.558982830171814], [139.55496154377707, 35.558676495593545], [139.55497003646568, 35.5586569731833]]]}, "properties": {"name": "横浜市青葉区荏田町", "town": "荏田町", "population": 5002, "households": 2273}}, {"type": "Feature", "geometry": {"type": "Polygon", "coordinates": [[[139.5636290680693, 35.56632535963119], [139.56397775756116, 35.567041575257626], [139.5642644996658, 35.566906656481365], [139.56471647613168, 35.5666960499933], [139.56480490936752, 35.56665484223293], [139.5651268342495, 35.566577094830066], [139.56514266356464, 35.5665732714898], [139.56535289429848, 35.56652754160871], [139.5655407690195, 35.56651105574766], [139.56565692465438, 35.566508869118806], [139.5657166192234, 35.5665077452782], [139.56600785225828, 35.56652338546598], [139.56643899181637, 35.566582568731064], [139.56667388515493, 35.566616744124], [139.56694693201842, 35.56666529746508], [139.5671472462734, 35.566717810816954], [139.56712589333173, 35.56667920992151], [139.56718963718086, 35.56668910295882], [139.56711692279137, 35.56657736665589], [139.5670048691346, 35.56647107238546], [139.56677942724156, 35.5664262506779], [139.5665683082382, 35.56634448973921], [139.56642609901743, 35.56626143684769], [139.5661614938851, 35.566266453325504], [139.56606278102777, 35.56623067535056], [139.56594130482065, 35.566172032477816], [139.56578025439688, 35.566066191930304], [139.56556926470117, 35.565901196576114], [139.5651899446054, 35.56600408470364], [139.56496897288764, 35.566072993653016], [139.56487102041822, 35.56607397593951], [139.56472568848193, 35.5661518868058], [139.56464442277547, 35.56623983399742], [139.56465010161938, 35.56627516312888], [139.56460832736363, 35.56628320613558], [139.56440459470144, 35.56632243163357], [139.56415818305388, 35.566356918514984], [139.56390083134582, 35.56636388204689], [139.5636290680693, 35.56632535963119]]]}, "properties": {"name": "横浜市青葉区荏田町", "town": "荏田町", "population": 0, "households": 0}}, {"type": "Feature", "geometry": {"type": "Polygon", "coordinates": [[[139.5636290680693, 35.56632535963119], [139.56369693187833, 35.56612897559518], [139.56376148723038, 35.56561581046261], [139.5643769506391, 35.56555855350935], [139.5644375873789, 35.56555012984858], [139.5647983297294, 35.56550001615214], [139.56522498939523, 35.56544075181025], [139.5648511365103, 35.565076325769965], [139.5646910577335, 35.56493263640382], [139.5646219564001, 35.56487005180825], [139.56423865450878, 35.56452289689844], [139.56419829439346, 35.564479430265415], [139.56397600117586, 35.564231243205626], [139.56392289365655, 35.56417898176222], [139.56383107900646, 35.5640921996692], [139.5637726806505, 35.56403700298319], [139.56358922208193, 35.5639081891958], [139.56348065051645, 35.56381316704542], [139.56341257750836, 35.56377150349604], [139.56330287839768, 35.56363398112965], [139.56319287923625, 35.56349610479575], [139.56314809021353, 35.56336710580959], [139.56311961395545, 35.56330757536437], [139.56307679785462, 35.563245265606604], [139.56302507549645, 35.563210892872085], [139.56262833683957, 35.563096460038395], [139.56244085413343, 35.5630441094462], [139.5621985426206, 35.56297110829371], [139.5617694329564, 35.5613423036882], [139.56171155326342, 35.56121235737909], [139.56166772987225, 35.56107980234992], [139.56155270707828, 35.560844276984206], [139.56148791866784, 35.56075670740128], [139.56141085646405, 35.56071146691073], [139.56141003102485, 35.56063125906458], [139.56197665471868, 35.56030884962503], [139.56224920082008, 35.56013570257926], [139.56241883636838, 35.5599218692936], [139.56280046965202, 35.559440813689456], [139.56251095528432, 35.55916810604968], [139.56236614887672, 35.559252847615966], [139.5620428917452, 35.55946366156146], [139.5616595293257, 35.55970451387382], [139.5614884609226, 35.55982623583256], [139.5614422631118, 35.55980894958658], [139.56120916091047, 35.559901203355714], [139.5609337746742, 35.560003607078706], [139.56059010209938, 35.56009599753174], [139.56031578330246, 35.560143968913174], [139.5599714927996, 35.56020921057447], [139.5592728100172, 35.5603699490781], [139.55875503830222, 35.56049057292908], [139.55803847110306, 35.56066060183405], [139.5589954670532, 35.56123332628896], [139.55910389018973, 35.56131243902751], [139.55926823307857, 35.56147061659806], [139.5597185534957, 35.56185171318305], [139.5600228846581, 35.562177834471804], [139.56061421560787, 35.56279088229039], [139.56129295350146, 35.56349622847482], [139.5613306523267, 35.563533827910234], [139.56142644929105, 35.56362937084838], [139.56145449039434, 35.56366460667719], [139.5624947158742, 35.56471418145488], [139.56285107674475, 35.565080161104106], [139.5630057407835, 35.56528256859912], [139.5632270360215, 35.56560944676928], [139.5636290680693, 35.56632535963119]]]}, "properties": {"name": "横浜市青葉区荏田町", "town": "荏田町", "population": 0, "households": 0}}, {"type": "Feature", "geometry": {"type": "Polygon", "coordinates": [[[139.5636290680693, 35.56632535963119], [139.5632270360215, 35.56560944676928], [139.5630057407835, 35.56528256859912], [139.56285107674475, 35.565080161104106], [139.5624947158742, 35.56471418145488], [139.56145449039434, 35.56366460667719], [139.56142644929105, 35.56362937084838], [139.5613306523267, 35.563533827910234], [139.56129295350146, 35.56349622847482], [139.56061421560787, 35.56279088229039], [139.5600228846581, 35.562177834471804], [139.5597185534957, 35.56185171318305], [139.55926823307857, 35.56147061659806], [139.55910389018973, 35.56131243902751], [139.5589954670532, 35.56123332628896], [139.55803847110306, 35.56066060183405], [139.5579798190049, 35.56062550664844], [139.55711737429175, 35.56010935768534], [139.55630286535026, 35.5596589401452], [139.55576343475727, 35.55936064990597], [139.55482838502897, 35.558982830171814], [139.55353042229194, 35.55855205945632], [139.55290102903862, 35.55834945880222], [139.55242992534008, 35.55812810131566], [139.55207571333725, 35.558202384941616], [139.55187095610256, 35.55824532513252], [139.55161078033666, 35.55835120657711], [139.5516381333066, 35.558560300177795], [139.5518736334765, 35.55899959207698], [139.55214854884878, 35.5589120272775], [139.55251991766696, 35.55879376998598], [139.55270148383624, 35.55881496279641], [139.55393155881094, 35.559989530416814], [139.55471126146406, 35.560711314474005], [139.55536486668123, 35.56122510402439], [139.55572877926517, 35.561511165480404], [139.556260315959, 35.56194188728275], [139.55668546505052, 35.56228638561315], [139.55692738142596, 35.56248595056184], [139.55744954201074, 35.56291669357887], [139.5577128909856, 35.563133933798554], [139.55754168495932, 35.563279172560726], [139.55746439169798, 35.563344730649185], [139.55748181687306, 35.56349599243394], [139.55777282116023, 35.56370029890811], [139.5575434279788, 35.563936735028385], [139.55710602267968, 35.564387544292494], [139.55709536839737, 35.56445307866144], [139.55707018965282, 35.56526902049491], [139.55724505984824, 35.565255896267395], [139.55783716701404, 35.56513798278015], [139.55795025560505, 35.56509598767938], [139.5580084783635, 35.56505062994015], [139.55833248655028, 35.56488816995512], [139.5585368462414, 35.56482697784564], [139.5586378596027, 35.5648126295447], [139.55865872640737, 35.56480964804194], [139.5589988245607, 35.565037863614265], [139.55939896760873, 35.5653622968146], [139.55947189360268, 35.565402037647544], [139.56005679012617, 35.56550081326251], [139.56037170548126, 35.5655646156817], [139.5605419522818, 35.56561214115047], [139.5607109127524, 35.56567029874025], [139.56079354907257, 35.565706045095766], [139.56099000456075, 35.565820914367684], [139.56109732946672, 35.56592111218153], [139.56126618024518, 35.56618333825203], [139.56128880484206, 35.56622109753337], [139.56136191670257, 35.5664415978006], [139.56138863985652, 35.56652221531587], [139.5614546245226, 35.566690731403824], [139.5615196483016, 35.56685678072726], [139.5615632763125, 35.56693423259771], [139.56161431422328, 35.56702483280084], [139.5617017728205, 35.56710048083042], [139.56180488695657, 35.56712176677553], [139.56198420059687, 35.567209801573654], [139.5623458811643, 35.56724817674137], [139.56239446920873, 35.56732426620487], [139.56236711552393, 35.56732793677071], [139.56179888874033, 35.56740388130714], [139.56188779720813, 35.56756072386111], [139.56209346246257, 35.56789725044264], [139.5621904740111, 35.56786979291412], [139.562223684657, 35.56786092400706], [139.56289968832095, 35.5678683815781], [139.5634154994955, 35.56787364758964], [139.5636996613116, 35.56809693876915], [139.56401251435426, 35.568220687835264], [139.56407769914145, 35.56817393371222], [139.5642815898513, 35.56829170150158], [139.5644429095481, 35.56842683715897], [139.56459746795886, 35.56872807302053], [139.5647695993898, 35.56887816171456], [139.5647491070708, 35.56893635112154], [139.5647690693154, 35.569010615263345], [139.5648397516432, 35.56907918204201], [139.56492025506367, 35.56903932756626], [139.56504778149517, 35.5690169699859], [139.56515541459444, 35.569053754248706], [139.56530692849483, 35.569023069655856], [139.56542736210187, 35.56906607919365], [139.56577714583835, 35.56922444413348], [139.5654675419293, 35.568777597019896], [139.5651897058521, 35.5683939131664], [139.56473989097427, 35.56777092141392], [139.56426740341493, 35.56708763590926], [139.56431850510305, 35.56698050322461], [139.5642644996658, 35.566906656481365], [139.56397775756116, 35.567041575257626], [139.5636290680693, 35.56632535963119]]]}, "properties": {"name": "横浜市青葉区荏田町", "town": "荏田町", "population": 3999, "households": 1797}}, {"type": "Feature", "geometry": {"type": "Polygon", "coordinates": [[[139.5636290680693, 35.56632535963119], [139.56390083134582, 35.56636388204689], [139.56415818305388, 35.566356918514984], [139.56440459470144, 35.56632243163357], [139.56460832736363, 35.56628320613558], [139.56465010161938, 35.56627516312888], [139.56464442277547, 35.56623983399742], [139.56472568848193, 35.5661518868058], [139.56487102041822, 35.56607397593949], [139.56496897288764, 35.566072993653016], [139.5651899446054, 35.56600408470364], [139.5655692647012, 35.56590119657609], [139.56541686768298, 35.56574030867502], [139.5653566410651, 35.56560652343767], [139.56522498939523, 35.56544075181025], [139.5647983297294, 35.56550001615214], [139.5644375873789, 35.56555012984858], [139.5643769506391, 35.56555855350935], [139.56376148723038, 35.56561581046261], [139.56369693187833, 35.56612897559518], [139.5636290680693, 35.56632535963119]]]}, "properties": {"name": "横浜市青葉区荏田町", "town": "荏田町", "population": 0, "households": 0}}, {"type": "Feature", "geometry": {"type": "Polygon", "coordinates": [[[139.55122441745664, 35.55910188782705], [139.55110144604305, 35.55882682667812], [139.55121572280493, 35.55853946490458], [139.55098218328953, 35.55823552064893], [139.55074372204913, 35.55798909915417], [139.5505685213349, 35.55780806541045], [139.55026703136537, 35.55754790473256], [139.54992508026697, 35.557252825342374], [139.54948026479966, 35.55701602442001], [139.5488201457998, 35.5566824183127], [139.54834480181054, 35.556442195663], [139.5482945034579, 35.556416761930066], [139.54795585542163, 35.55625498839328], [139.54721830261713, 35.55590270587291], [139.54709251118396, 35.555842588764], [139.546568761125, 35.5555985814047], [139.54592272206543, 35.55529755553014], [139.54548600574364, 35.55584213070896], [139.54492069465724, 35.55650956096412], [139.5445551690191, 35.55693504390988], [139.5438268110945, 35.55778830034059], [139.54308264324507, 35.55867179344676], [139.54366571675385, 35.55899831686578], [139.5437177344096, 35.55901925149018], [139.54418247526814, 35.55908324785883], [139.54438452775796, 35.559033486744845], [139.5451976697573, 35.55887381863395], [139.54599685274744, 35.55871688527382], [139.54629215257123, 35.55869533344236], [139.54649056842194, 35.55869752953565], [139.5472025069882, 35.55876832715075], [139.54783064056392, 35.558832299261205], [139.54859568420412, 35.55890412260999], [139.54881219713528, 35.55890653009365], [139.54927086062787, 35.558911615516266], [139.5497037618723, 35.55890287107808], [139.5502576917357, 35.55890901965816], [139.55037527627047, 35.558964606846935], [139.55051160065787, 35.55905203287977], [139.55065564689681, 35.55917345344531], [139.55071761126013, 35.55925778305243], [139.55072551065817, 35.55925399928898], [139.5508704489002, 35.559184866312656], [139.55122441745664, 35.55910188782705]]]}, "properties": {"name": "横浜市青葉区荏田北一丁目", "town": "荏田北一丁目", "population": 2081, "households": 811}}, {"type": "Feature", "geometry": {"type": "Polygon", "coordinates": [[[139.5441816810816, 35.554557708865296], [139.54409735590892, 35.554529375275784], [139.54402467587425, 35.55453356795583], [139.54360718217805, 35.5545884492375], [139.54310602966726, 35.55463932674727], [139.54277061581095, 35.55467605658754], [139.5422891942019, 35.55472722373287], [139.54209820110933, 35.55476588362544], [139.54198734683112, 35.55484029629923], [139.5418286813855, 35.554963289276316], [139.5416888748713, 35.55508421531439], [139.54167606388523, 35.555129252711154], [139.5414612589326, 35.555392419938634], [139.54132378115233, 35.55553556707038], [139.54118713229644, 35.55562900124579], [139.54090936156433, 35.55575476808287], [139.54074216245235, 35.55602420994719], [139.54063778109554, 35.55616546469095], [139.54060896251852, 35.556239757456744], [139.5405884475309, 35.55631188728781], [139.54055286012826, 35.556621222586045], [139.5405357088568, 35.55665720039895], [139.54054104898484, 35.55699184401564], [139.54049567156608, 35.55739153707953], [139.54044156867587, 35.557492668548996], [139.54039794076772, 35.557627837653826], [139.54039183132775, 35.55782443240665], [139.54036908613273, 35.55802767665889], [139.5407377206116, 35.55839355008034], [139.54086680870213, 35.55858265548045], [139.54099547020166, 35.55883510219151], [139.54094294274057, 35.559381179163495], [139.54092597729635, 35.55946011295748], [139.5409366355842, 35.55953238912596], [139.54097756076644, 35.55962279988403], [139.5409777883785, 35.5601125993663], [139.54099556140025, 35.560406113299955], [139.54100681382252, 35.56044553993242], [139.54139275427292, 35.5606547376748], [139.54196052512066, 35.560072793383185], [139.5421756782579, 35.55975864389953], [139.54241187854518, 35.55946813539702], [139.54308264324507, 35.55867179344676], [139.5438268110945, 35.55778830034059], [139.5445551690191, 35.55693504390988], [139.54492069465724, 35.55650956096412], [139.54548600574364, 35.55584213070896], [139.54592272206543, 35.55529755553014], [139.54571005823487, 35.55519846376372], [139.5451511707482, 35.55494478829681], [139.5441816810816, 35.554557708865296]]]}, "properties": {"name": "横浜市青葉区荏田北二丁目", "town": "荏田北二丁目", "population": 1593, "households": 833}}, {"type": "Feature", "geometry": {"type": "Polygon", "coordinates": [[[139.55276042641287, 35.56062656160119], [139.55265297385634, 35.55998078099991], [139.55254790578286, 35.559349336425775], [139.55252535332855, 35.558901772579546], [139.55251991766696, 35.55879376998598], [139.55214854884878, 35.5589120272775], [139.5518736334765, 35.55899959207698], [139.5516381333066, 35.558560300177795], [139.55161078033666, 35.55835120657711], [139.55187095610256, 35.55824532513252], [139.55207571333725, 35.558202384941616], [139.55242992534008, 35.55812810131566], [139.55233903015395, 35.558085392959335], [139.55024715786925, 35.557102384727564], [139.54992508026697, 35.557252825342374], [139.55026703136537, 35.55754790473256], [139.5505685213349, 35.55780806541045], [139.55074372204913, 35.55798909915417], [139.55098218328953, 35.558235520648914], [139.55121572280493, 35.55853946490458], [139.5511014460431, 35.55882682667812], [139.55122441745664, 35.55910188782705], [139.5508704489002, 35.559184866312656], [139.55072551065817, 35.55925399928898], [139.55071761126015, 35.55925778305243], [139.55065564689687, 35.55917345344531], [139.55051160065787, 35.55905203287977], [139.55037527627047, 35.558964606846935], [139.5502576917357, 35.55890901965816], [139.5497037618723, 35.55890287107808], [139.54927086062787, 35.558911615516266], [139.54881219713528, 35.55890653009365], [139.54859568420412, 35.55890412260999], [139.54783064056392, 35.558832299261205], [139.5472025069882, 35.55876832715075], [139.54649056842194, 35.55869752953565], [139.54629215257123, 35.55869533344236], [139.54599685274744, 35.55871688527382], [139.5451976697573, 35.55887381863395], [139.54438452775796, 35.559033486744845], [139.54418247526814, 35.55908324785883], [139.5437177344096, 35.55901925149018], [139.54366571675385, 35.55899831686578], [139.54308264324507, 35.55867179344676], [139.54241187854518, 35.55946813539702], [139.5421756782579, 35.55975864389953], [139.54196052512066, 35.560072793383185], [139.5423225368692, 35.56027421964117], [139.54251727289247, 35.560382570236044], [139.54289072605815, 35.56059036045869], [139.54303945086357, 35.56064948345348], [139.5432903195413, 35.56069071820561], [139.54364948109162, 35.56068855184501], [139.5442558120343, 35.560684864387525], [139.54448624245853, 35.560646966867424], [139.54477699193586, 35.560599143607085], [139.5458866207843, 35.56061038075511], [139.54583852823592, 35.55990811351221], [139.54637906308525, 35.559824542369675], [139.5468040545767, 35.55981826225831], [139.547825482439, 35.559850167151566], [139.54780427424512, 35.56050082960132], [139.54880603155524, 35.56063154710492], [139.54912397346294, 35.56067302725889], [139.55046992906816, 35.56084868566146], [139.55102493059837, 35.56092106074218], [139.55109507747594, 35.560636165846276], [139.55186184239594, 35.56053808466688], [139.55192037929567, 35.56064173668356], [139.55193374773432, 35.560864398515214], [139.55193867182882, 35.56094662378827], [139.5523018394628, 35.56092063135863], [139.5525262941619, 35.56089671373402], [139.55279972419123, 35.56085931698083], [139.55279607634432, 35.56083771300844], [139.55276042641287, 35.56062656160119]]]}, "properties": {"name": "横浜市青葉区荏田北三丁目", "town": "荏田北三丁目", "population": 1682, "households": 752}}, {"type": "Feature", "geometry": {"type": "Polygon", "coordinates": [[[139.5517968923263, 35.55737188434593], [139.55140913282838, 35.55684534255788], [139.5511123843582, 35.55642682008373], [139.55112764657585, 35.55616880377781], [139.55103814204784, 35.556196763761555], [139.5510141186808, 35.55616072369149], [139.55099939466896, 35.55612699383713], [139.55101686164448, 35.55603112321732], [139.55084761541906, 35.55587309633191], [139.55075457757027, 35.55576739187172], [139.55059693374807, 35.55566111455077], [139.5504345149992, 35.5553340609833], [139.55024251062196, 35.555057957022264], [139.5500282463286, 35.55474166162499], [139.5497498799368, 35.55431388283753], [139.54964268384686, 35.55405920743416], [139.54953435015545, 35.55391860771519], [139.5491743957753, 35.5534091966487], [139.5490610355774, 35.553270697151746], [139.54883358732843, 35.55292038819881], [139.5487345619479, 35.55276790793608], [139.54866706090698, 35.55271581485999], [139.54864275627367, 35.55263847239708], [139.54860257151043, 35.55259239328515], [139.54861372658473, 35.55246119332815], [139.5485389504988, 35.552346936821685], [139.54844844040989, 35.552259085497646], [139.54831392149572, 35.5521647593567], [139.54831336776215, 35.55193402719255], [139.54826717408872, 35.55183951943481], [139.54825930408825, 35.55182341215233], [139.5480472371672, 35.55154753417299], [139.5479697227329, 35.551446685739634], [139.54788585542823, 35.551297373788465], [139.5478653384506, 35.55118553354362], [139.54784840834114, 35.551171234717465], [139.54761600909094, 35.550974955195905], [139.54738156339315, 35.55089796041659], [139.54724141266374, 35.550596865514834], [139.5470942097535, 35.550452746728574], [139.54700315626678, 35.55036360090371], [139.54674403727927, 35.54999546542684], [139.54661670903192, 35.54979580476801], [139.5466215912467, 35.54975606432732], [139.54661795031188, 35.54972640830065], [139.54661050882962, 35.54970491262359], [139.54658058662812, 35.54966910614409], [139.54610357450483, 35.54908595839796], [139.54572259746962, 35.54932142448995], [139.54540044571388, 35.54952840337269], [139.5456530186511, 35.549774730239285], [139.5455550851816, 35.54985308823217], [139.5455281546429, 35.549979181548686], [139.54551897010282, 35.550016148517514], [139.54543955640887, 35.5503357909421], [139.54533505118857, 35.550521945889415], [139.54532129640438, 35.55059852443528], [139.54531148304758, 35.550653153182836], [139.54535075481408, 35.5507722900203], [139.54540251874033, 35.55089807700329], [139.54541295711041, 35.551008063644], [139.54542354492088, 35.55150616848054], [139.5453910818476, 35.55164270733588], [139.54530449208923, 35.55184823314391], [139.5452628594761, 35.55194700469869], [139.54526452731903, 35.55217111993604], [139.54526978319385, 35.55220106115571], [139.54527371400786, 35.55222360651354], [139.54530889011144, 35.55242540625064], [139.54528848574535, 35.552515741366626], [139.54522298077163, 35.552806070587266], [139.54510937776104, 35.55326081780375], [139.54504072685103, 35.55350272139436], [139.5449984542702, 35.55368870476026], [139.54489961724056, 35.553836456341706], [139.5446028281843, 35.554231580652655], [139.54438573715228, 35.554107017811155], [139.54415521588237, 35.554346810084894], [139.5441816810816, 35.554557708865296], [139.5451511707482, 35.55494478829681], [139.54571005823487, 35.55519846376376], [139.54592272206543, 35.55529755553014], [139.546568761125, 35.55559858140474], [139.54709251118396, 35.555842588764], [139.54721830261713, 35.555902705872924], [139.54795585542163, 35.55625498839328], [139.5482945034579, 35.556416761930066], [139.54834480181054, 35.556442195663], [139.5488201457998, 35.5566824183127], [139.54948026479966, 35.55701602442005], [139.54992508026697, 35.557252825342374], [139.55024715786925, 35.55710238472757], [139.5523390301539, 35.55808539295937], [139.5519997757428, 35.55763927841409], [139.55181097917097, 35.55739100111718], [139.5517968923263, 35.55737188434593]]]}, "properties": {"name": "横浜市青葉区荏田西一丁目", "town": "荏田西一丁目", "population": 2659, "households": 1248}}, {"type": "Feature", "geometry": {"type": "Polygon", "coordinates": [[[139.55443667977372, 35.556355338396926], [139.55466905848797, 35.55577956143971], [139.55472040641854, 35.55559820918597], [139.55480305695363, 35.555194403866416], [139.55486048763854, 35.55465294245109], [139.55486077778212, 35.55465005593433], [139.55491269152924, 35.55415188959812], [139.55499186604706, 35.55339175693791], [139.55501828250604, 35.55313812652214], [139.55506909724227, 35.55265024215663], [139.555078524672, 35.552559703130804], [139.55513213746795, 35.5519990746286], [139.5551531086172, 35.55177990665026], [139.55482261158113, 35.551759607079596], [139.55473915552878, 35.55158065537977], [139.5546052349816, 35.551498132916684], [139.5543617685122, 35.551607956070434], [139.55431556938376, 35.55160513867968], [139.5538843846835, 35.5515788320952], [139.55347294874502, 35.55151080732639], [139.55228465697564, 35.55156492428249], [139.55184017654693, 35.55163755400358], [139.55182360334499, 35.5516397689832], [139.55155287015043, 35.5516791730613], [139.5510925216173, 35.551767431158346], [139.55063600848447, 35.5518790753825], [139.55006444989402, 35.55204759470489], [139.54982341419054, 35.55211949446718], [139.549348576548, 35.55231274333], [139.5489398527862, 35.55249917346915], [139.54883491483645, 35.552548397462616], [139.54864275627367, 35.55263847239708], [139.54866706090698, 35.55271581485999], [139.5487345619479, 35.55276790793608], [139.54883358732843, 35.55292038819881], [139.5490610355774, 35.553270697151746], [139.5491743957753, 35.5534091966487], [139.54953435015545, 35.55391860771519], [139.54964268384688, 35.55405920743416], [139.5497498799368, 35.55431388283753], [139.5500282463286, 35.55474166162495], [139.55024251062196, 35.555057957022264], [139.55043451499924, 35.5553340609833], [139.55059693374807, 35.55566111455077], [139.55075457757027, 35.55576739187172], [139.55084761541906, 35.55587309633191], [139.55101686164448, 35.55603112321732], [139.55099939466896, 35.55612699383713], [139.5510141186808, 35.55616072369149], [139.55103814204784, 35.556196763761555], [139.55112764657585, 35.55616880377781], [139.5511123843582, 35.55642682008373], [139.55140913282838, 35.55684534255788], [139.5517968923263, 35.55737188434593], [139.55181097917097, 35.55739100111718], [139.5519997757428, 35.55763927841406], [139.55233903015395, 35.558085392959335], [139.55242992534008, 35.55812810131566], [139.55290102903862, 35.55834945880222], [139.55339164396275, 35.55781318426564], [139.55363965911457, 35.5575004949797], [139.5538990126664, 35.557172937197635], [139.55397803795702, 35.55706168042844], [139.55404489457746, 35.55696757795222], [139.55434090125686, 35.55655095365082], [139.55443667977372, 35.556355338396926]]]}, "properties": {"name": "横浜市青葉区荏田西二丁目", "town": "荏田西二丁目", "population": 3737, "households": 1412}}, {"type": "Feature", "geometry": {"type": "Polygon", "coordinates": [[[139.55228465697564, 35.55156492428249], [139.55347294874502, 35.55151080732639], [139.5538843846835, 35.5515788320952], [139.55431556938376, 35.55160513867968], [139.5543617685122, 35.551607956070434], [139.5546052349816, 35.551498132916684], [139.55473915552878, 35.55158065537977], [139.55482261158113, 35.551759607079596], [139.5551531086172, 35.55177990665026], [139.55518409877973, 35.55156597268683], [139.55517344294708, 35.55155760354065], [139.55477699011576, 35.55124547571509], [139.55379969502692, 35.5504426610701], [139.55380303541142, 35.55042400755766], [139.5538215532347, 35.550395425199234], [139.5538748540222, 35.55006763831902], [139.55382870806423, 35.54979173273063], [139.55384796495215, 35.549582983339896], [139.55380754238965, 35.54950613212135], [139.55369831537067, 35.54937384324244], [139.5534301272734, 35.54908939748295], [139.55333243726136, 35.548966254161094], [139.55314028502374, 35.54878257835852], [139.5531127747201, 35.54872786901164], [139.55302332060828, 35.54839447045742], [139.55295269358203, 35.548263643132636], [139.55282239265568, 35.548189295052836], [139.552624727517, 35.548171408213825], [139.55229917885165, 35.54822484133458], [139.5521818692934, 35.548205168980466], [139.55217885593646, 35.54820466959712], [139.55215031988172, 35.54837998283364], [139.55206812849516, 35.54854196888783], [139.55196993404087, 35.54864212433974], [139.5518722092557, 35.548700663245505], [139.55132750023128, 35.548929176063574], [139.55052141320692, 35.54923344901774], [139.55048734653792, 35.549248227015134], [139.550255922402, 35.54934613373419], [139.54946708202874, 35.54965628495374], [139.54903839520674, 35.54982076728797], [139.5488460458511, 35.54942902629664], [139.54873349011345, 35.54919979165955], [139.54840700580084, 35.54859700227716], [139.54817989400942, 35.548338061173546], [139.54780024595735, 35.547983940844595], [139.54731157968143, 35.54830886680243], [139.5465667942811, 35.54879061462948], [139.54625293322695, 35.5489936367773], [139.54610357450483, 35.54908595839796], [139.54658058662812, 35.54966910614409], [139.54661050882962, 35.54970491262359], [139.54661795031188, 35.54972640830065], [139.5466215912467, 35.54975606432732], [139.54661670903192, 35.54979580476801], [139.54674403727927, 35.54999546542684], [139.54700315626678, 35.55036360090371], [139.5470942097535, 35.550452746728574], [139.54724141266374, 35.550596865514834], [139.54738156339315, 35.55089796041659], [139.54761600909094, 35.550974955195905], [139.54784840834114, 35.551171234717465], [139.5478653384506, 35.55118553354362], [139.54788585542823, 35.55129737378844], [139.5479697227329, 35.551446685739634], [139.5480472371672, 35.55154753417299], [139.54825930408828, 35.55182341215231], [139.54826717408872, 35.55183951943481], [139.54831336776215, 35.55193402719255], [139.54831392149572, 35.5521647593567], [139.54844844040989, 35.552259085497646], [139.5485389504988, 35.552346936821685], [139.54861372658473, 35.55246119332815], [139.54860257151043, 35.55259239328515], [139.54864275627367, 35.55263847239708], [139.54883491483645, 35.552548397462616], [139.5489398527862, 35.55249917346915], [139.549348576548, 35.55231274333], [139.54982341419054, 35.55211949446718], [139.55006444989402, 35.55204759470489], [139.55063600848447, 35.5518790753825], [139.5510925216173, 35.551767431158346], [139.55155287015043, 35.5516791730613], [139.55182360334499, 35.5516397689832], [139.55184017654693, 35.55163755400358], [139.55228465697564, 35.55156492428249]]]}, "properties": {"name": "横浜市青葉区荏田西三丁目", "town": "荏田西三丁目", "population": 2740, "households": 1005}}, {"type": "Feature", "geometry": {"type": "Polygon", "coordinates": [[[139.55150124509115, 35.54612690457279], [139.55152549624438, 35.545926510802516], [139.551070151836, 35.545876543242365], [139.55061204738462, 35.54585793846085], [139.55014763244364, 35.54581505800388], [139.55011397285986, 35.546000923261246], [139.54964587928, 35.54595613042045], [139.54949854796348, 35.5459420182973], [139.54916310629534, 35.54591454111085], [139.54901369799651, 35.545915106643704], [139.54885851183252, 35.54593498707691], [139.5484810251389, 35.5460335315778], [139.54819098311725, 35.546116753991605], [139.54812467393134, 35.546142724137376], [139.5478193923476, 35.546228761820345], [139.54769664901045, 35.546277765720234], [139.5472788633272, 35.54656039681432], [139.54720585119517, 35.54660539879253], [139.5467055159129, 35.54694793854109], [139.54712248179743, 35.547338981652565], [139.5473310086428, 35.547534609439076], [139.54760904010945, 35.54779293117672], [139.54780024595735, 35.547983940844595], [139.54817989400942, 35.548338061173546], [139.54840700580084, 35.54859700227716], [139.54873349011345, 35.54919979165955], [139.5488460458511, 35.54942902629664], [139.54903839520674, 35.54982076728797], [139.54946708202874, 35.54965628495374], [139.550255922402, 35.54934613373419], [139.55048734653792, 35.549248227015134], [139.55052141320692, 35.54923344901774], [139.55132750023128, 35.548929176063574], [139.5518722092557, 35.548700663245505], [139.55196993404087, 35.54864212433974], [139.55206812849516, 35.54854196888783], [139.55215031988172, 35.54837998283364], [139.55217885593646, 35.54820466959712], [139.55213689595246, 35.54819763528681], [139.55204435703087, 35.54812372605272], [139.55193610745187, 35.548002810191534], [139.55189646676817, 35.54794898718384], [139.55190061906544, 35.54793213127889], [139.55199493892593, 35.54754990024574], [139.55198327529538, 35.54741829420543], [139.5520969896596, 35.546832101927336], [139.55215785706127, 35.54630824925683], [139.552178832488, 35.54619971003576], [139.5521797379109, 35.54619358561259], [139.55150124509115, 35.54612690457279]]]}, "properties": {"name": "横浜市青葉区荏田西四丁目", "town": "荏田西四丁目", "population": 1708, "households": 612}}, {"type": "Feature", "geometry": {"type": "Polygon", "coordinates": [[[139.54901369799651, 35.545915106643704], [139.54916310629534, 35.54591454111085], [139.54949854796348, 35.5459420182973], [139.54964587928, 35.54595613042045], [139.55011397285986, 35.546000923261246], [139.55014763244364, 35.54581505800388], [139.55061204738462, 35.54585793846085], [139.551070151836, 35.545876543242365], [139.55152549624438, 35.545926510802516], [139.55150124509115, 35.54612690457279], [139.5521797379109, 35.54619358561259], [139.5522567283815, 35.54521992838535], [139.55228063795002, 35.54492052461717], [139.55242285901775, 35.544794238193155], [139.55246910043908, 35.54458079592079], [139.55249442777892, 35.544188613996965], [139.55246571236827, 35.54388200747956], [139.55246378000206, 35.543874080698075], [139.552369195023, 35.543487921968065], [139.55234106644892, 35.54325969452099], [139.5522451732186, 35.54283546963958], [139.55220902445257, 35.54265250369077], [139.55206803203404, 35.54241123232568], [139.55180990282255, 35.542147117660704], [139.55162799738028, 35.54233798924154], [139.55124331237585, 35.54270098872408], [139.55072882091144, 35.543071254506785], [139.55067665010972, 35.54310211745564], [139.5502981996346, 35.54332611876012], [139.54983265566204, 35.543533261413856], [139.54917219696293, 35.54379409680587], [139.5488658511186, 35.54387348012975], [139.54855077415544, 35.543955130315375], [139.54790356097868, 35.54409296569706], [139.54778116289458, 35.54408883859117], [139.54690884481045, 35.54416867441438], [139.5461744073415, 35.54421561138867], [139.54572790462686, 35.54423688765565], [139.5457917721293, 35.544764489446756], [139.54622589133018, 35.544737340218724], [139.54697211396822, 35.544690996575895], [139.5471209677026, 35.54468821477002], [139.54714713324415, 35.54509277325098], [139.54718171513792, 35.54550998946179], [139.5472079165241, 35.54598183299186], [139.5469158313319, 35.54611796788943], [139.54645772280747, 35.546266780022265], [139.54608993913283, 35.54637221539701], [139.5463911460718, 35.54665386391356], [139.5467055159129, 35.54694793854109], [139.54720585119517, 35.54660539879253], [139.5472788633272, 35.54656039681432], [139.54769664901045, 35.546277765720234], [139.5478193923476, 35.546228761820345], [139.54812467393134, 35.546142724137376], [139.54819098311725, 35.546116753991605], [139.5484810251389, 35.5460335315778], [139.54885851183252, 35.54593498707691], [139.54901369799651, 35.545915106643704]]]}, "properties": {"name": "横浜市青葉区荏田西五丁目", "town": "荏田西五丁目", "population": 1466, "households": 538}}, {"type": "Feature", "geometry": {"type": "Polygon", "coordinates": [[[139.54329701824025, 35.580324381260255], [139.5433798056674, 35.5803086640285], [139.54350953506264, 35.58032784619653], [139.5438833831489, 35.58014466483524], [139.54389933577983, 35.580083192346784], [139.54395689529113, 35.58007745027972], [139.54415880132038, 35.580227640904454], [139.54428018469267, 35.580266344019115], [139.54441805813428, 35.58028631865712], [139.5445122410871, 35.58028404306967], [139.5445636434608, 35.58025289964568], [139.5447745680879, 35.580225727100434], [139.544796499053, 35.58019187278767], [139.54479665240228, 35.580107125112725], [139.54495432867543, 35.580012857688196], [139.54505873467906, 35.57997226261811], [139.54519938956747, 35.57988291895392], [139.54549425694472, 35.579607543693484], [139.54556751559505, 35.57955046737295], [139.54575603254077, 35.57944898389747], [139.54590294312345, 35.5792915949885], [139.54592830103752, 35.57915416319828], [139.5460465368056, 35.57906631586445], [139.5460992520667, 35.57904735626181], [139.54613682538255, 35.5789957933804], [139.54632479096603, 35.57827452060294], [139.54632055411173, 35.5781693419752], [139.5462929364299, 35.57816674099602], [139.5463192110278, 35.577984491630296], [139.54631855527876, 35.577733732432044], [139.54600153550697, 35.57731825583478], [139.5459206932464, 35.57735102022093], [139.54575954760116, 35.57741024607689], [139.54545615983938, 35.57752180757751], [139.54540480312156, 35.57754069784326], [139.54540861654803, 35.57766738853885], [139.54512051638827, 35.57765557835357], [139.5449419634474, 35.57761142362184], [139.54476999224406, 35.577540807727104], [139.54469214561578, 35.5774889714214], [139.54467780350774, 35.57755833404994], [139.54459138604471, 35.577631115754954], [139.54450955161076, 35.57776555970487], [139.5444779851447, 35.57793223395187], [139.54440992071625, 35.57806083077651], [139.5442706346535, 35.57812327622913], [139.54412136966732, 35.57823988427092], [139.5433968969909, 35.57834973176328], [139.54258343145773, 35.578468657510626], [139.54237068131215, 35.57842948671024], [139.54229857995992, 35.57836847195768], [139.54212081400357, 35.57830297879228], [139.54184915628792, 35.57829084708668], [139.54178118929335, 35.57830216242283], [139.541653366811, 35.578352697186006], [139.54146395901333, 35.5784376585718], [139.54136820494028, 35.57846911693822], [139.5413789055855, 35.578567165486014], [139.54049378150836, 35.57856126267252], [139.5393551936251, 35.57857149917147], [139.53837617542376, 35.578565846548635], [139.53866830420347, 35.578932241931895], [139.5398335519241, 35.58009518413305], [139.5409173725717, 35.5811916479909], [139.54109265497928, 35.58137311770929], [139.54116938624185, 35.58135791489986], [139.54213736069454, 35.581124761789425], [139.54296512977245, 35.58092538361489], [139.54306300896238, 35.58087836697392], [139.54316492029048, 35.58066932742025], [139.543238340332, 35.58046655625094], [139.5432386979271, 35.58034927504771], [139.54329701824025, 35.580324381260255]]]}, "properties": {"name": "横浜市青葉区荏子田一丁目", "town": "荏子田一丁目", "population": 1164, "households": 415}}, {"type": "Feature", "geometry": {"type": "Polygon", "coordinates": [[[139.53495555923925, 35.582540374825605], [139.53523864788218, 35.58217457696266], [139.53526448944555, 35.58218569566249], [139.5353919754726, 35.582243250523824], [139.53561445350397, 35.58234369292295], [139.535808689808, 35.58236793615829], [139.53608352220488, 35.582363855708316], [139.53629957506416, 35.582339457430834], [139.53641780829483, 35.582285347004486], [139.5365180896246, 35.582202463307425], [139.53670667971036, 35.58198592852271], [139.5367915280705, 35.58195025799851], [139.53704879837383, 35.58191046482364], [139.5372057595863, 35.58185556966076], [139.537347217058, 35.58177436915852], [139.53748514492995, 35.58167932424934], [139.53762160927522, 35.58161342683479], [139.53797286262028, 35.581532069942384], [139.53812965170084, 35.58153579470953], [139.53841068908912, 35.58159658161087], [139.53852951763037, 35.58161475781791], [139.5386603593707, 35.581606976892154], [139.53879728252147, 35.58163364426939], [139.53890776520038, 35.58167130528727], [139.539044687187, 35.58169797346761], [139.5392921042771, 35.58172392394249], [139.53939269109188, 35.58171550720681], [139.53949896745837, 35.58167157626117], [139.53962560376021, 35.58159347100369], [139.53978467968778, 35.581466574061366], [139.5398700679997, 35.58135294873049], [139.5403989050349, 35.5813224335805], [139.54068909013336, 35.58133894274455], [139.54094947950534, 35.58137065916156], [139.54109265497928, 35.58137311770929], [139.5409173725717, 35.5811916479909], [139.5398335519241, 35.58009518413305], [139.53866830420347, 35.578932241931895], [139.53837617542376, 35.578565846548635], [139.5374699064618, 35.57847917055659], [139.53648949152785, 35.57838540487308], [139.5360827105765, 35.578334094117764], [139.53587127639247, 35.578289281282416], [139.5345178747735, 35.5779424861367], [139.53451083540847, 35.57794067311117], [139.53304094397728, 35.57756453326422], [139.53303637905597, 35.57756335994525], [139.53250718064416, 35.57742309992468], [139.53226778998592, 35.57732845624954], [139.53189285281582, 35.579298016046806], [139.5317759097608, 35.57991234438754], [139.53172508865788, 35.580179351814], [139.53150069110106, 35.580850769452965], [139.5314926488757, 35.580874831131794], [139.53133572665027, 35.58134431234506], [139.5309033470828, 35.58216784231831], [139.5311772179199, 35.582335528604474], [139.53136009700276, 35.58242939831642], [139.53161930307562, 35.582542613852254], [139.5318518317803, 35.58261452974349], [139.5328727801046, 35.58288805087295], [139.53287493313184, 35.582888619589305], [139.53353548639933, 35.58307380987928], [139.53392828314733, 35.58320171612028], [139.53424917484867, 35.5833497926773], [139.53427423800437, 35.583327074763616], [139.53444288163485, 35.58317432888562], [139.53466611193002, 35.58287087881191], [139.53469591284824, 35.58283729183867], [139.53492985529644, 35.582573584616824], [139.53495555923925, 35.582540374825605]]]}, "properties": {"name": "横浜市青葉区荏子田二丁目", "town": "荏子田二丁目", "population": 3543, "households": 1296}}, {"type": "Feature", "geometry": {"type": "Polygon", "coordinates": [[[139.538231334124, 35.577833036477365], [139.5380711359749, 35.577726772593614], [139.5378267288366, 35.57781757968395], [139.53779657268765, 35.577831448949844], [139.5377592895517, 35.57777329824037], [139.53748080532313, 35.577328103873924], [139.53734238200374, 35.57707957684664], [139.53753431657648, 35.57703487230624], [139.53754654605967, 35.5768157959354], [139.5375176825596, 35.57664260231669], [139.53734324290323, 35.57649584719333], [139.53723238048659, 35.57647578874233], [139.53724195522287, 35.57629874608081], [139.5370705071746, 35.576059608521085], [139.53693278435293, 35.57596660172273], [139.5367762001191, 35.57589858115313], [139.5365511147029, 35.575986897660364], [139.53636709858029, 35.57568033894579], [139.53632887704435, 35.575579371038195], [139.53652958286102, 35.57551613621476], [139.5364780312538, 35.575313908322684], [139.53647981594062, 35.575058856613055], [139.53645829116246, 35.57494764912666], [139.5363784303338, 35.574819257873685], [139.53617705879648, 35.57460303566485], [139.5359973353128, 35.57411610994893], [139.53600973230814, 35.57405058038283], [139.53616049876342, 35.573733294085095], [139.53631362973655, 35.573521851639626], [139.5363862015664, 35.57342407948011], [139.5364633448836, 35.57331865885635], [139.53664717492157, 35.57325524133283], [139.53680389995782, 35.57323940116762], [139.5368811757587, 35.57322697185198], [139.5369408087389, 35.573211795053844], [139.5369618011694, 35.57320373378075], [139.536989959526, 35.57318389911328], [139.53702421448895, 35.573156109446685], [139.53709014330934, 35.5731058007402], [139.5371742984192, 35.573023082304324], [139.5372160264863, 35.5729504057434], [139.53727661040566, 35.57287488457793], [139.53738539635762, 35.572661746979136], [139.53736480713653, 35.57262881623568], [139.5372336868134, 35.57241910172077], [139.5360911346622, 35.572837190733125], [139.5344059057785, 35.573453883428144], [139.53384135232074, 35.573660460052075], [139.53359843529375, 35.57372791321921], [139.53332167734058, 35.57382102029394], [139.53291356785462, 35.57391671910804], [139.5328196152889, 35.574404976863235], [139.5327436608397, 35.57479976520558], [139.53274295727473, 35.5748034950692], [139.53253811830191, 35.57589210685499], [139.53227214338096, 35.57730561751096], [139.53226778998592, 35.57732845624954], [139.53250718064416, 35.57742309992468], [139.53303637905597, 35.57756335994525], [139.53304094397728, 35.57756453326422], [139.53451083540847, 35.57794067311117], [139.5345178747735, 35.5779424861367], [139.53587127639247, 35.578289281282416], [139.5360827105765, 35.578334094117764], [139.53648949152785, 35.57838540487308], [139.5374699064618, 35.57847917055659], [139.53837617542376, 35.578565846548635], [139.5393551936251, 35.57857149917147], [139.53935142916214, 35.57829189281266], [139.53922844752992, 35.578220084472], [139.53909473751068, 35.57805941738246], [139.5387443490812, 35.577991457796585], [139.53846023386316, 35.57791594762972], [139.538231334124, 35.577833036477365]]]}, "properties": {"name": "横浜市青葉区荏子田三丁目", "town": "荏子田三丁目", "population": 1959, "households": 715}}, {"type": "Feature", "geometry": {"type": "Polygon", "coordinates": [[[139.52967783461304, 35.557830401228706], [139.53222456663724, 35.55687011115639], [139.53329832769793, 35.5575752528349], [139.53250420747156, 35.558365223775915], [139.53273514281076, 35.55849699011371], [139.53284007352718, 35.55851795552662], [139.5329611879678, 35.55848621872794], [139.53332079452676, 35.55835388626863], [139.53359025502937, 35.55811330646436], [139.53397190826482, 35.55773223922633], [139.53401457930778, 35.55772882462839], [139.53419602232756, 35.55785620570252], [139.53429931448753, 35.5577740377219], [139.5342369518927, 35.55770842899688], [139.53432335971624, 35.55761840321926], [139.5345461451283, 35.5575155791069], [139.53458644101562, 35.55751905865997], [139.5347645414239, 35.55742253234935], [139.53471835074166, 35.557290454720786], [139.5348539919186, 35.55725610850701], [139.53476717419386, 35.55721466435786], [139.53485316253912, 35.55712100951417], [139.53484246317154, 35.557021165060505], [139.53476608631323, 35.55697597977333], [139.53485930336674, 35.556867870669684], [139.53463905082884, 35.556307433116075], [139.5347501770601, 35.55628348324355], [139.53480083249963, 35.55637955455164], [139.53488956676887, 35.55646698398617], [139.53504803557163, 35.55648600055596], [139.5351469036359, 35.556531064683256], [139.53534670500642, 35.55665661931209], [139.5355776022067, 35.556774610333214], [139.53565877605396, 35.55691367426344], [139.53565581190256, 35.556997923024895], [139.53569153351748, 35.55711254677724], [139.53577220527956, 35.557236575339495], [139.5358496840597, 35.557355737902505], [139.53609622167644, 35.557382080960494], [139.53602294592304, 35.55781606636813], [139.53598194038503, 35.55796218816888], [139.53634166444172, 35.558117921968524], [139.53634594555038, 35.558119762623384], [139.53665301701122, 35.55824635382965], [139.5376448633122, 35.5586840395046], [139.53797009664314, 35.55820197474129], [139.53814128902363, 35.55828865487036], [139.53835851378977, 35.55837734893717], [139.5385633070764, 35.55840263559462], [139.5387223611071, 35.558474357254624], [139.53877167098165, 35.55852813639713], [139.5388839240277, 35.55863108076286], [139.53900751199757, 35.55869261179754], [139.53914708090795, 35.55875572890136], [139.53926336073715, 35.558882765479886], [139.539215673605, 35.5589434205695], [139.53921344852654, 35.55894941853629], [139.53916070484655, 35.55909158865466], [139.5390288399267, 35.559176792853066], [139.5389813240064, 35.5592322000951], [139.5388535658224, 35.559324806351576], [139.53883529190196, 35.55936669669771], [139.53958230139537, 35.5592866538999], [139.53997497579516, 35.55924454539185], [139.5401150274105, 35.559229533913104], [139.5403602458267, 35.55895475553174], [139.5405338516652, 35.558667374632606], [139.54074417684043, 35.558641475526045], [139.5408306753606, 35.558636368705045], [139.54086680870213, 35.55858265548045], [139.5407377206116, 35.55839355008034], [139.54036908613273, 35.55802767665894], [139.54039183132775, 35.55782443240665], [139.54039794076772, 35.557627837653826], [139.54044156867587, 35.557492668548996], [139.54049567156608, 35.55739153707953], [139.54054104898484, 35.55699184401564], [139.5405357088568, 35.55665720039895], [139.54055286012826, 35.556621222586045], [139.5405884475309, 35.55631188728781], [139.54060896251852, 35.556239757456744], [139.54063778109554, 35.55616546469095], [139.54074216245235, 35.55602420994719], [139.54090936156433, 35.55575476808287], [139.54118713229644, 35.55562900124579], [139.54132378115233, 35.55553556707038], [139.5414612589326, 35.555392419938634], [139.54167606388523, 35.555129252711154], [139.5416888748713, 35.55508421531439], [139.5418286813855, 35.554963289276316], [139.54198734683112, 35.55484029629923], [139.54209820110933, 35.55476588362544], [139.5422891942019, 35.55472722373287], [139.54277061581095, 35.55467605658754], [139.54310602966726, 35.55463932674727], [139.54360718217805, 35.5545884492375], [139.54402467587425, 35.55453356795583], [139.54409735590892, 35.554529375275784], [139.5441816810816, 35.554557708865296], [139.54415521588237, 35.554346810084894], [139.54438573715228, 35.554107017811155], [139.5438078068742, 35.55383230910368], [139.54325680374276, 35.553559490131946], [139.54302103040322, 35.55344276989762], [139.54249209412436, 35.553180882581145], [139.5426155982948, 35.55299252436803], [139.5427211987832, 35.55284559966345], [139.5420969240869, 35.55220490730939], [139.54167909610527, 35.5517599460486], [139.54186395440763, 35.5516359581975], [139.5415977030114, 35.551355683622965], [139.5415764328663, 35.5513754562145], [139.54133859326788, 35.55113148084142], [139.54116411316184, 35.551234049646645], [139.54047452143047, 35.55050661526343], [139.54019272389615, 35.5502093669252], [139.53975098046993, 35.54974769026999], [139.53973604474507, 35.54973209163472], [139.53937690329838, 35.549356772369066], [139.53935022938802, 35.54932896233577], [139.5390021157271, 35.54896673134423], [139.53854008347753, 35.54848500569269], [139.5383352097406, 35.54868625990504], [139.53798353709, 35.54921605099165], [139.5378112744271, 35.549475548199645], [139.53716722736215, 35.5504511503495], [139.53711408582205, 35.55052584092539], [139.53614773886056, 35.552040828633906], [139.53608124180866, 35.552039504098005], [139.53537162252596, 35.5518280959423], [139.53492089439914, 35.55169379328411], [139.53286494585439, 35.55108123312799], [139.5326331005566, 35.551612451756576], [139.53230274964753, 35.551507935744304], [139.53229737025666, 35.551534575512946], [139.53230798429786, 35.55198643920827], [139.53229608779367, 35.552169848357394], [139.53224293113138, 35.552343577961786], [139.53212335128094, 35.55252428755535], [139.53183102121466, 35.55285708989584], [139.53180736896053, 35.55288495186594], [139.53223907239135, 35.55346631308406], [139.53222532554273, 35.55347828439784], [139.53178464680863, 35.553861839442156], [139.53188720889767, 35.55428506289309], [139.5312455323796, 35.5547336350013], [139.53118720519834, 35.55474718418364], [139.53111874140941, 35.5547068743476], [139.53094631695527, 35.554505291589436], [139.53084310342166, 35.55448186440018], [139.53016039154147, 35.55483681205769], [139.53023707804206, 35.55509941822323], [139.53021400106624, 35.55514580017598], [139.53012844075118, 35.55519927814465], [139.53020129409506, 35.55530889204539], [139.52962412407138, 35.55563878712525], [139.52999647012084, 35.55610209147627], [139.52972492272372, 35.556284351814746], [139.52943906499624, 35.556580476408584], [139.52936271283357, 35.55668189702416], [139.5292457989986, 35.55688317245473], [139.52918370453153, 35.55706462392289], [139.5291605440284, 35.55730719006451], [139.52916766092943, 35.557418433265305], [139.52920240577296, 35.55751580363479], [139.5291776951274, 35.557972365851754], [139.5291970995004, 35.558098533544864], [139.529721044778, 35.559374776040556], [139.5300184260595, 35.560094318720516], [139.53022801530904, 35.55992517625904], [139.53063314018328, 35.55964449074821], [139.5314658967373, 35.5589919117652], [139.53033097190337, 35.558262585137555], [139.52967783461304, 35.557830401228706]]]}, "properties": {"name": "横浜市青葉区市ケ尾町", "town": "市ケ尾町", "population": 7754, "households": 3778}}, {"type": "Feature", "geometry": {"type": "Polygon", "coordinates": [[[139.54542354492088, 35.55150616848054], [139.54541295711041, 35.551008063644], [139.54540251874033, 35.55089807700329], [139.54535075481408, 35.5507722900203], [139.54531148304758, 35.550653153182836], [139.54532129640438, 35.55059852443528], [139.54533505118857, 35.550521945889415], [139.54543955640887, 35.5503357909421], [139.54551897010282, 35.550016148517514], [139.5455281546429, 35.549979181548686], [139.5455550851816, 35.54985308823217], [139.5456530186511, 35.549774730239285], [139.54540044571388, 35.54952840337269], [139.54572259746962, 35.54932142448995], [139.54610357450483, 35.54908595839796], [139.54625293322695, 35.5489936367773], [139.5465667942811, 35.54879061462948], [139.54731157968143, 35.54830886680243], [139.54780024595735, 35.547983940844595], [139.54760904010945, 35.54779293117672], [139.5473310086428, 35.547534609439076], [139.54712248179743, 35.547338981652565], [139.5467055159129, 35.54694793854109], [139.5463911460718, 35.54665386391356], [139.54608993913283, 35.54637221539701], [139.54645772280747, 35.546266780022265], [139.5469158313319, 35.54611796788943], [139.5472079165241, 35.54598183299186], [139.54718171513792, 35.54550998946179], [139.54714713324415, 35.54509277325098], [139.5471209677026, 35.54468821477002], [139.54697211396822, 35.544690996575895], [139.54622589133018, 35.544737340218724], [139.5457917721293, 35.544764489446756], [139.54572790462686, 35.54423688765565], [139.54469386796555, 35.54429258772193], [139.5444897350102, 35.54430875975805], [139.5440295418446, 35.544345277904135], [139.54393015409875, 35.54436292983479], [139.54338652975335, 35.544460091893], [139.5432118995072, 35.544496261523115], [139.54300861212613, 35.544570108166766], [139.54283231232597, 35.54465630621838], [139.54210057598002, 35.54455027497805], [139.5419926803281, 35.5445263218539], [139.54197472695017, 35.54418572825039], [139.5415770162398, 35.544152775437375], [139.54148223942133, 35.54430021969554], [139.54123381774565, 35.54429318439624], [139.541145546344, 35.54406822870045], [139.5407149210799, 35.544053608965704], [139.54067210864557, 35.54423934447811], [139.54063895500468, 35.54449376229721], [139.5405605545214, 35.54485109644002], [139.54050845067815, 35.54500304267587], [139.5404727940723, 35.54522759437702], [139.54038578786236, 35.545586031480106], [139.54019784097483, 35.546260198072716], [139.53995332311126, 35.546981302528124], [139.53987211382582, 35.54716796416742], [139.53976091969116, 35.5473369850793], [139.5396014902288, 35.547524549691275], [139.5394013028819, 35.54770666502585], [139.53919558778665, 35.54787439994181], [139.53893425895336, 35.54809826605325], [139.53867639835133, 35.54830442878567], [139.53854008347753, 35.54848500569269], [139.5390021157271, 35.54896673134423], [139.53935022938802, 35.54932896233577], [139.53937690329838, 35.549356772369066], [139.53973604474507, 35.54973209163472], [139.5397509804699, 35.549747690269974], [139.54019272389615, 35.55020936692518], [139.54047452143047, 35.55050661526343], [139.54116411316184, 35.551234049646645], [139.54133859326794, 35.551131480841406], [139.5415764328663, 35.5513754562145], [139.5415977030114, 35.551355683622965], [139.5418639544077, 35.5516359581975], [139.54167909610527, 35.5517599460486], [139.5420969240869, 35.55220490730934], [139.54272119878323, 35.55284559966345], [139.5426155982948, 35.552992524368015], [139.54249209412436, 35.553180882581145], [139.54302103040322, 35.55344276989762], [139.54325680374276, 35.553559490131946], [139.5438078068742, 35.55383230910368], [139.54438573715228, 35.554107017811155], [139.5446028281843, 35.554231580652626], [139.54489961724056, 35.553836456341706], [139.5449984542702, 35.55368870476026], [139.54504072685103, 35.55350272139436], [139.54510937776104, 35.55326081780375], [139.54522298077163, 35.552806070587266], [139.54528848574535, 35.552515741366626], [139.54530889011144, 35.55242540625064], [139.54527371400786, 35.55222360651354], [139.54526978319385, 35.55220106115571], [139.54526452731903, 35.55217111993604], [139.5452628594761, 35.55194700469869], [139.54530449208923, 35.55184823314391], [139.5453910818476, 35.55164270733588], [139.54542354492088, 35.55150616848054]]]}, "properties": {"name": "横浜市青葉区市ケ尾町", "town": "市ケ尾町", "population": 6237, "households": 3167}}, {"type": "Feature", "geometry": {"type": "Polygon", "coordinates": [[[139.54690884481045, 35.54416867441438], [139.54778116289458, 35.54408883859117], [139.54790356097868, 35.54409296569706], [139.54855077415544, 35.543955130315375], [139.5488658511186, 35.54387348012975], [139.54917219696293, 35.54379409680587], [139.54983265566204, 35.543533261413856], [139.5502981996346, 35.54332611876012], [139.55067665010972, 35.54310211745564], [139.55072882091144, 35.543071254506785], [139.55124331237585, 35.54270098872408], [139.55109433514934, 35.54250173765475], [139.55091749923685, 35.54229235094695], [139.55125748797397, 35.542045723614784], [139.55088898750031, 35.54145350513022], [139.5513902171559, 35.54120697377023], [139.5514486893461, 35.541178202859044], [139.55177680992813, 35.54096031337209], [139.551828794046, 35.540902337875416], [139.55192454067333, 35.54074770680821], [139.5518434617671, 35.540761285227305], [139.55178647016734, 35.54066287975137], [139.55169832570323, 35.54038887884177], [139.55166798130875, 35.540259783763936], [139.55178674069984, 35.5402313396943], [139.55172391623663, 35.54002309528539], [139.5517403456315, 35.53999134818576], [139.551678699515, 35.53969174022355], [139.55167501939846, 35.53956814414179], [139.55167399852988, 35.5395338117465], [139.5515797886593, 35.539478557125264], [139.5514458833131, 35.53937993714138], [139.5512846605081, 35.5394120580872], [139.55117596461824, 35.53939662775537], [139.55106201182875, 35.5393514328356], [139.55098794703056, 35.539385870339444], [139.55103044933617, 35.53947579150427], [139.55078270794618, 35.53954950415011], [139.55028421407565, 35.53945777285169], [139.55023450018237, 35.539410608323536], [139.55022397740422, 35.539400625098914], [139.55014571452745, 35.53932491479783], [139.55005704997797, 35.53930361573286], [139.54980872160223, 35.53929377026137], [139.54993036513451, 35.53912529387513], [139.54996145819106, 35.53875037596327], [139.54989452930488, 35.53864317875761], [139.54986061617976, 35.5386585567773], [139.549474755212, 35.538833839480255], [139.5488827707095, 35.539111132406816], [139.54873957959856, 35.539178222521635], [139.54888174100864, 35.53940098295422], [139.54893515512276, 35.539486493921395], [139.54888135361875, 35.539510028251264], [139.54851598722266, 35.53966254136803], [139.54826243670533, 35.53929184394965], [139.5479703310858, 35.53890999921283], [139.5478033663668, 35.53869171938249], [139.54774158194775, 35.538652912148066], [139.5473728724266, 35.53851126466565], [139.54717080109174, 35.538395998311536], [139.5471031572643, 35.53835742210358], [139.5470471677162, 35.53831813416164], [139.54681227703134, 35.538153353270346], [139.54666880417693, 35.537997915759384], [139.54659570470875, 35.537816588171125], [139.54650089854184, 35.53766999715412], [139.54645729960518, 35.53764137535455], [139.54641415132593, 35.53761303627786], [139.54630576429324, 35.53754187045593], [139.5462157788202, 35.53752909120407], [139.5461671906485, 35.53752218264597], [139.54601803436103, 35.537558314511294], [139.54599744842128, 35.53756270315823], [139.5459882019681, 35.53756465289056], [139.5459261134303, 35.53759250136279], [139.54586424049396, 35.53763827133748], [139.54581672821018, 35.53769742056822], [139.5457703882381, 35.53777815542057], [139.54575664659907, 35.53780210231499], [139.5457047322833, 35.537821875889115], [139.54566501446678, 35.53779178350184], [139.5455529950743, 35.53770698219884], [139.54555098080377, 35.53770989997415], [139.54541286125632, 35.53791126352863], [139.54516109426487, 35.53782134681897], [139.54500027949268, 35.53775720539753], [139.54504557376868, 35.5376259416472], [139.5447010929545, 35.537539435113295], [139.54473148822865, 35.53745464856807], [139.5444909148077, 35.53739120065804], [139.54440780124514, 35.53755096691524], [139.54356165595016, 35.537234416432966], [139.54249819617465, 35.53683943046335], [139.5419681673324, 35.536628400640296], [139.54180450297875, 35.536555272752466], [139.54137084739122, 35.5363034231735], [139.54101382109204, 35.536875258697634], [139.5406135759668, 35.53753963843462], [139.54026948239678, 35.53828481441115], [139.5400570022486, 35.538961220342145], [139.53999125421302, 35.539681598455346], [139.54007178393255, 35.5401774037593], [139.54025843666744, 35.54079792905964], [139.54055187073573, 35.54176447153467], [139.54058953781686, 35.54191311132378], [139.54068586435505, 35.54257352663954], [139.5406983733334, 35.54269302367927], [139.54073571025668, 35.54304443718668], [139.54074831694226, 35.54339667195923], [139.5407149210799, 35.544053608965704], [139.541145546344, 35.54406822870045], [139.54123381774565, 35.54429318439624], [139.54148223942133, 35.54430021969554], [139.5415770162398, 35.544152775437375], [139.54197472695017, 35.54418572825039], [139.5419926803281, 35.5445263218539], [139.54210057598002, 35.54455027497805], [139.54283231232597, 35.54465630621838], [139.54300861212613, 35.544570108166766], [139.5432118995072, 35.544496261523115], [139.54338652975335, 35.544460091893], [139.54393015409875, 35.54436292983479], [139.5440295418446, 35.544345277904135], [139.5444897350102, 35.54430875975805], [139.54469386796555, 35.54429258772193], [139.54572790462686, 35.54423688765565], [139.5461744073415, 35.54421561138867], [139.54690884481045, 35.54416867441438]]]}, "properties": {"name": "横浜市青葉区市ケ尾町", "town": "市ケ尾町", "population": 5418, "households": 2241}}, {"type": "Feature", "geometry": {"type": "Polygon", "coordinates": [[[139.53614773886056, 35.552040828633906], [139.53711408582205, 35.55052584092539], [139.53716722736215, 35.5504511503495], [139.5378112744271, 35.549475548199645], [139.53798353709, 35.54921605099165], [139.5383352097406, 35.54868625990504], [139.53854008347753, 35.54848500569269], [139.53867639835133, 35.54830442878567], [139.53893425895336, 35.54809826605325], [139.53919558778665, 35.54787439994181], [139.5394013028819, 35.54770666502585], [139.5396014902288, 35.547524549691275], [139.53976091969116, 35.5473369850793], [139.53987211382582, 35.54716796416742], [139.53995332311126, 35.546981302528124], [139.54019784097483, 35.546260198072716], [139.54038578786236, 35.545586031480106], [139.5404727940723, 35.54522759437702], [139.54050845067815, 35.54500304267587], [139.5405605545214, 35.54485109644002], [139.54063895500468, 35.54449376229721], [139.54067210864557, 35.54423934447811], [139.5407149210799, 35.544053608965704], [139.54074831694226, 35.54339667195923], [139.54073571025668, 35.54304443718668], [139.5406983733334, 35.54269302367927], [139.54068586435505, 35.54257352663954], [139.54058953781686, 35.54191311132378], [139.54055187073573, 35.54176447153467], [139.54025843666744, 35.54079792905964], [139.54007178393255, 35.5401774037593], [139.53999125421302, 35.539681598455346], [139.5400570022486, 35.538961220342145], [139.54026948239678, 35.53828481441115], [139.5406135759668, 35.53753963843462], [139.54101382109204, 35.536875258697634], [139.54137084739122, 35.5363034231735], [139.54011318158925, 35.53556831328723], [139.5399828312285, 35.53550917194621], [139.53979192718558, 35.53544646733659], [139.5385447050418, 35.535158548997735], [139.53845008465836, 35.535503371452236], [139.53819732085537, 35.53645471322579], [139.53795150301036, 35.53737971502579], [139.5375892643989, 35.53861748634763], [139.53744070829168, 35.53912506399853], [139.53737990649697, 35.53921167437944], [139.53724527431436, 35.53919751298278], [139.53708788200353, 35.53928660208862], [139.53675700788835, 35.539615402176246], [139.5366583043344, 35.53992666283951], [139.53652796086274, 35.54027784486551], [139.53679379473024, 35.54040756396804], [139.53696305884085, 35.54053969074154], [139.53702624939422, 35.540628993537176], [139.5370593323513, 35.54071086500025], [139.5370178006391, 35.540962477868305], [139.53684650373273, 35.541792974017795], [139.53684701496573, 35.542324533551835], [139.53680727552967, 35.54336589837774], [139.5367195093916, 35.543415472730196], [139.5362666846822, 35.543777208930294], [139.5361177864367, 35.54392529001489], [139.5360292900912, 35.544049681801894], [139.5359593640112, 35.5441788003135], [139.53590075522914, 35.54436396490331], [139.53578652204138, 35.54487542017905], [139.53576619397796, 35.544879525980654], [139.53575064507666, 35.5449019869332], [139.5352015770782, 35.5453617496012], [139.53496061568785, 35.545587733145524], [139.5348717261457, 35.54571743815513], [139.5346947685241, 35.54640657818551], [139.53452078706025, 35.547025411882586], [139.53446170858967, 35.54722948105902], [139.53429677716184, 35.54719809298614], [139.53414798368698, 35.547440456694126], [139.53410730967923, 35.54759615590967], [139.5341517827348, 35.5478799820075], [139.53420407265648, 35.548004047784], [139.53425775902753, 35.548014426086546], [139.5337843636048, 35.54891738776849], [139.53372661348234, 35.54908786832716], [139.53363066094275, 35.54932930534093], [139.53361920255412, 35.549426242208185], [139.5335531073252, 35.54966183810731], [139.53341109649907, 35.54999445792695], [139.5333023804338, 35.55014678303092], [139.53326009956413, 35.550259100378156], [139.5331523801026, 35.55046117868729], [139.53305266987348, 35.55060130881654], [139.5328745776432, 35.550783775898445], [139.53264751482433, 35.55096745830297], [139.53251686878815, 35.55108448380664], [139.53240961596512, 35.55124170583361], [139.53230274964753, 35.551507935744304], [139.5326331005566, 35.551612451756576], [139.53286494585439, 35.55108123312799], [139.53492089439914, 35.55169379328411], [139.53537162252596, 35.5518280959423], [139.53608124180866, 35.552039504098005], [139.53614773886056, 35.552040828633906]]]}, "properties": {"name": "横浜市青葉区下谷本町", "town": "下谷本町", "population": 79, "households": 42}}, {"type": "Feature", "geometry": {"type": "Polygon", "coordinates": [[[139.5328745776432, 35.550783775898445], [139.53305266987348, 35.55060130881654], [139.5331523801026, 35.55046117868729], [139.53326009956413, 35.550259100378156], [139.5333023804338, 35.55014678303092], [139.53341109649907, 35.54999445792695], [139.5335531073252, 35.54966183810731], [139.53361920255412, 35.549426242208185], [139.53363066094275, 35.54932930534093], [139.53372661348234, 35.54908786832716], [139.5337843636048, 35.54891738776849], [139.53425775902753, 35.548014426086546], [139.53420407265648, 35.548004047784], [139.5341517827348, 35.5478799820075], [139.53410730967923, 35.54759615590967], [139.53414798368698, 35.547440456694126], [139.53429677716184, 35.54719809298614], [139.53446170858967, 35.54722948105902], [139.53452078706025, 35.547025411882586], [139.5346947685241, 35.54640657818551], [139.5348717261457, 35.54571743815516], [139.53496061568785, 35.545587733145524], [139.5352015770782, 35.5453617496012], [139.53575064507666, 35.5449019869332], [139.53576619397796, 35.544879525980654], [139.53578652204138, 35.54487542017905], [139.53590075522914, 35.54436396490331], [139.5359593640112, 35.5441788003135], [139.5360292900912, 35.544049681801894], [139.5361177864367, 35.54392529001489], [139.5362666846822, 35.543777208930294], [139.5367195093916, 35.543415472730196], [139.53680727552967, 35.54336589837774], [139.53684701496573, 35.542324533551835], [139.5362273321762, 35.54230067618772], [139.53605939546426, 35.54233269787913], [139.53525639209215, 35.54250454245185], [139.53475889498276, 35.54254174754078], [139.53463710903688, 35.54255184547297], [139.53459388972976, 35.542555429489674], [139.5345930347871, 35.54254208200104], [139.5343267073092, 35.54256710004723], [139.53420067409593, 35.54257893829374], [139.53388282749583, 35.542573191206294], [139.53387673061195, 35.54257328070325], [139.53335595004413, 35.542579882560965], [139.5330813072115, 35.542575542800094], [139.5328860821215, 35.54256572913001], [139.532713088121, 35.542509600458494], [139.53240194730756, 35.54233598924226], [139.53215311675706, 35.542243970322474], [139.5321303225199, 35.54224525176873], [139.53127626185568, 35.54230126227877], [139.5305646405948, 35.54238677369406], [139.5304917344037, 35.54240211848687], [139.53030611556028, 35.542404261653324], [139.53000947755385, 35.54242890685725], [139.52983114914204, 35.54249081597992], [139.529677927585, 35.54254898444447], [139.52888065741365, 35.542809890641465], [139.52821072357912, 35.54302093875768], [139.5281755743972, 35.5430420805188], [139.52823085440468, 35.54353038428673], [139.52816281389897, 35.54393444143804], [139.5279120927744, 35.54434215616339], [139.5276459478355, 35.544642375888344], [139.52751214995402, 35.54478498327277], [139.52748535045652, 35.544813575140246], [139.5273276587887, 35.54500759784951], [139.52726186242424, 35.54508865847748], [139.5269076890799, 35.54558533109768], [139.52653783274522, 35.54608122277346], [139.52627175585434, 35.54645509669739], [139.52718526137082, 35.547250312417546], [139.52758934547117, 35.54761852834754], [139.52775906617512, 35.54778292372969], [139.52788797925416, 35.547932605241826], [139.5279603644919, 35.548049434825536], [139.52800070584064, 35.54811833635132], [139.52818662253483, 35.54843585942618], [139.52827800899098, 35.54837278564852], [139.52838700801675, 35.54833408496903], [139.5284818601492, 35.54832784558399], [139.5285620773588, 35.54834600570691], [139.52888651626833, 35.548149794925], [139.52889708917425, 35.548162144662115], [139.52928753552632, 35.54861897710974], [139.5293448901723, 35.54867844899563], [139.52944160174025, 35.54876625635971], [139.52953898112196, 35.548825898846346], [139.52977898517307, 35.548892660815596], [139.530004996878, 35.54891167863646], [139.53014168796832, 35.54894955429494], [139.53024998326296, 35.54899982298378], [139.5303878642023, 35.54914399922414], [139.53064091663458, 35.54941679759755], [139.5306804893485, 35.54949055393405], [139.53066299463953, 35.549779962421596], [139.53067066641609, 35.549943738832994], [139.53069563053717, 35.5500636520571], [139.53074193131803, 35.55018087310463], [139.53085976221186, 35.550262080022165], [139.5310954470689, 35.55037871987201], [139.53125298064433, 35.550465657850246], [139.5314155497842, 35.55055961542319], [139.53181401232888, 35.55077292268435], [139.5319512868539, 35.5508452333153], [139.53202053912523, 35.55084751907622], [139.5321204549888, 35.55077284418095], [139.53216826427231, 35.55079433666102], [139.5322683372072, 35.55087764372027], [139.53250250358624, 35.55104357080543], [139.53251686878815, 35.55108448380664], [139.53264751482433, 35.55096745830297], [139.5328745776432, 35.550783775898445]]]}, "properties": {"name": "横浜市青葉区藤が丘一丁目", "town": "藤が丘一丁目", "population": 7893, "households": 3765}}, {"type": "Feature", "geometry": {"type": "Polygon", "coordinates": [[[139.5291651799997, 35.537997100502906], [139.52885238903048, 35.537563502978415], [139.52841133623812, 35.53766162225141], [139.52801166411297, 35.53770706598912], [139.5272251323016, 35.53776516533698], [139.52675897720206, 35.537803044432735], [139.52613216265746, 35.537858085945125], [139.52613480370357, 35.53786580427122], [139.52611377273723, 35.53804143970833], [139.5260620031977, 35.53813971590779], [139.52598493230605, 35.538225042791844], [139.52582522470655, 35.538335722794756], [139.52521474986423, 35.538692251153236], [139.52495388187384, 35.53872285810836], [139.52385577855839, 35.53885168743001], [139.5238053098583, 35.538857967909784], [139.522811556839, 35.53898155870575], [139.52258656412192, 35.53905773965606], [139.52227559824044, 35.53920826976251], [139.52210787400747, 35.53930695173817], [139.52149364896482, 35.539743191639616], [139.52231607964913, 35.54056017157329], [139.5223486286975, 35.540658731086005], [139.52239223065806, 35.54098729538804], [139.52246835059356, 35.54156066980611], [139.5224346769704, 35.541689092323665], [139.52235027106988, 35.54188501896504], [139.52223427013544, 35.542041219646926], [139.52195084585227, 35.54230511543238], [139.52183483385565, 35.54247469361058], [139.52179630364475, 35.54253399110207], [139.5217663753655, 35.54263449878857], [139.52180432455958, 35.54285045580262], [139.52175960196524, 35.54297198016808], [139.5216793370408, 35.54306555988606], [139.52364971255778, 35.54399369213515], [139.52388053029594, 35.54410184160262], [139.5241417646073, 35.54422672230613], [139.52442957033148, 35.54437089286203], [139.52495740236722, 35.54462781291977], [139.52539439750632, 35.544840524832864], [139.52624280977858, 35.545253458673386], [139.5264360482059, 35.54535006795552], [139.5269076890799, 35.54558533109768], [139.52726186242424, 35.54508865847748], [139.5273276587887, 35.54500759784951], [139.52748535045652, 35.544813575140246], [139.52751214995402, 35.54478498327277], [139.5276459478355, 35.544642375888344], [139.5279120927744, 35.54434215616339], [139.52816281389897, 35.54393444143804], [139.52823085440468, 35.54353038428673], [139.5281755743972, 35.5430420805188], [139.52821072357912, 35.54302093875768], [139.52888065741365, 35.542809890641465], [139.529677927585, 35.54254898444447], [139.52983114914198, 35.542490815979924], [139.53000947755385, 35.54242890685725], [139.53030611556028, 35.542404261653324], [139.5304917344037, 35.54240211848687], [139.5305646405948, 35.54238677369406], [139.53127626185568, 35.54230126227877], [139.53125084169017, 35.54202252069285], [139.53121775064673, 35.54178446258425], [139.53087613099473, 35.54152148346806], [139.53067782557804, 35.5413363913025], [139.5305628579439, 35.54107714498314], [139.53036308346606, 35.54063217305484], [139.53035395097666, 35.54046159874294], [139.53035368978058, 35.54045663366364], [139.53033792343598, 35.540166651192095], [139.5303218022755, 35.53993071269398], [139.53030360395752, 35.53991285131048], [139.53009916145595, 35.53971200619848], [139.52999056569644, 35.53961984098985], [139.5298862668841, 35.53955898859772], [139.52972418185377, 35.53950844825949], [139.52932099458056, 35.53938266400903], [139.52943660702272, 35.53886461081027], [139.52949807114072, 35.53857186322292], [139.52948274562868, 35.53845025030211], [139.52938965710158, 35.53830826951756], [139.5291651799997, 35.537997100502906]]]}, "properties": {"name": "横浜市青葉区藤が丘二丁目", "town": "藤が丘二丁目", "population": 8232, "households": 3850}}, {"type": "Feature", "geometry": {"type": "Polygon", "coordinates": [[[139.52855209916433, 35.533416246773534], [139.528182431634, 35.53326015117972], [139.52801192908552, 35.53321631043766], [139.52784843735955, 35.53322241723517], [139.5274677465362, 35.53331262103707], [139.52732478298736, 35.533346486376615], [139.52713366602765, 35.533349810709275], [139.52688900708358, 35.533284267538946], [139.5266640933327, 35.53320321152758], [139.52649242505157, 35.53309824190403], [139.52636243061883, 35.532987246914466], [139.52626063969058, 35.532856395284476], [139.5261684787877, 35.532673632390384], [139.52454294185796, 35.532055665854706], [139.52362155081275, 35.53174280076688], [139.52332092725317, 35.532285513438644], [139.52325921218846, 35.53239039059201], [139.52316277860047, 35.53251271324636], [139.52295040557973, 35.53274393043756], [139.52285162055009, 35.53283297288594], [139.52281752580748, 35.532888654451554], [139.5228159498846, 35.53289122687799], [139.52279372111684, 35.532925712607216], [139.52269074061718, 35.533235269663884], [139.52263205296077, 35.53333149274185], [139.52238150199102, 35.533707539311585], [139.52213730546103, 35.53404318009188], [139.5219806168861, 35.53424774316898], [139.52181535139812, 35.534504854250585], [139.52173535988373, 35.534679043776094], [139.52165314585693, 35.53491632029383], [139.52163310421568, 35.53496415348841], [139.5214307372887, 35.535445155700664], [139.52137564534127, 35.535578985431464], [139.52139249333513, 35.53588938009108], [139.52139504071098, 35.53592188598048], [139.52142987808926, 35.536367643075664], [139.52146137131896, 35.53675302487957], [139.5215026621794, 35.536973323702824], [139.52153462690964, 35.53703998757139], [139.5219004380103, 35.53774971781522], [139.52232091537158, 35.53856422607052], [139.52232995777086, 35.538581747858814], [139.52258656412192, 35.53905773965606], [139.522811556839, 35.53898155870575], [139.5238053098583, 35.538857967909784], [139.52385577855839, 35.53885168743001], [139.52495388187384, 35.53872285810836], [139.52521474986423, 35.538692251153236], [139.52582522470655, 35.538335722794756], [139.52598493230605, 35.538225042791844], [139.5260620031977, 35.53813971590779], [139.52611377273723, 35.53804143970833], [139.52613480370357, 35.53786580427122], [139.52613216265746, 35.537858085945125], [139.52675897720206, 35.537803044432735], [139.5272251323016, 35.53776516533698], [139.52801166411297, 35.53770706598912], [139.52841133623812, 35.53766162225141], [139.52885238903048, 35.537563502978415], [139.52904000650616, 35.53744038814429], [139.52913622187538, 35.537360633422075], [139.5292839418239, 35.53721094082672], [139.5294632083633, 35.537029322071426], [139.52957568423304, 35.536915173008204], [139.5297304956909, 35.53675803380905], [139.5301505719092, 35.536346349763875], [139.53043807273403, 35.536077492934645], [139.53076313118083, 35.53575756993467], [139.5313908996768, 35.5350848537347], [139.5312214149907, 35.53499236106131], [139.53114341098143, 35.534915234365386], [139.53091713021777, 35.53484714251357], [139.53084294372806, 35.53480725605828], [139.530837854804, 35.534804518556264], [139.53075724875083, 35.53476118703404], [139.53060728535758, 35.53463839217679], [139.53052022158434, 35.534565538542694], [139.53043271352635, 35.53448965675141], [139.53019645277047, 35.53428478244369], [139.53010622941196, 35.53422751681596], [139.52979683418553, 35.53406678959951], [139.52940647168757, 35.53383325836273], [139.5288414392081, 35.53351928903708], [139.52855209916433, 35.533416246773534]]]}, "properties": {"name": "横浜市青葉区梅が丘", "town": "梅が丘", "population": 5216, "households": 2206}}, {"type": "Feature", "geometry": {"type": "Polygon", "coordinates": [[[139.53387673061195, 35.54257328070325], [139.53388282749583, 35.542573191206294], [139.53420067409593, 35.54257893829374], [139.5343267073092, 35.54256710004723], [139.5345930347871, 35.54254208200104], [139.53459388972976, 35.542555429489674], [139.53463710903688, 35.54255184547297], [139.53475889498276, 35.54254174754078], [139.53525639209215, 35.54250454245185], [139.53605939546426, 35.54233269787913], [139.5362273321762, 35.54230067618772], [139.53684701496573, 35.542324533551835], [139.53684650373273, 35.541792974017795], [139.5370178006391, 35.540962477868305], [139.5370593323513, 35.54071086500025], [139.53702624939422, 35.540628993537176], [139.53696305884085, 35.54053969074154], [139.53679379473024, 35.54040756396804], [139.53652796086274, 35.54027784486551], [139.5366583043344, 35.53992666283951], [139.53675700788835, 35.539615402176246], [139.53708788200353, 35.53928660208862], [139.53724527431436, 35.53919751298278], [139.53737990649697, 35.53921167437944], [139.53744070829168, 35.53912506399853], [139.5375892643989, 35.53861748634763], [139.53795150301036, 35.53737971502579], [139.53819732085537, 35.53645471322579], [139.53845008465836, 35.53550337145225], [139.5385447050418, 35.53515854899776], [139.53840985467315, 35.535146749172156], [139.53832434329902, 35.53514221349113], [139.5381327419577, 35.535183196785326], [139.53798728521738, 35.5352454503593], [139.53778439175633, 35.53537636421167], [139.5372884867738, 35.53566255240993], [139.53728770984105, 35.53569269027611], [139.53724663177144, 35.53570575925119], [139.53713683925966, 35.53547294048091], [139.53701053107324, 35.53543387123543], [139.5368047845455, 35.535502282259074], [139.5365679579012, 35.53542418301919], [139.53621432807137, 35.53558698550866], [139.53621339790539, 35.53584108687554], [139.53516962542437, 35.5359011728296], [139.53508641037317, 35.535915935567736], [139.5349881553151, 35.53596791342274], [139.5349115668054, 35.53603167050582], [139.5348134788393, 35.53607914105989], [139.53467421018942, 35.53612126827094], [139.5345328801387, 35.536143001097464], [139.53435327204025, 35.536154925252866], [139.53432720112914, 35.53627386919588], [139.53440197256023, 35.53642879629566], [139.5340333932415, 35.53664859066002], [139.53373873474084, 35.536802298832995], [139.53330522133345, 35.53641196502786], [139.53318747679415, 35.53630573112429], [139.53301232454785, 35.53618474432761], [139.53282826927384, 35.53607762707462], [139.53279329925016, 35.536057274902035], [139.5321651409091, 35.53555100112248], [139.53174339409247, 35.535292614682014], [139.5313908996768, 35.5350848537347], [139.53076313118083, 35.53575756993467], [139.53043807273403, 35.536077492934645], [139.5301505719092, 35.536346349763875], [139.5297304956909, 35.53675803380905], [139.52957568423304, 35.536915173008204], [139.5294632083633, 35.537029322071426], [139.5292839418239, 35.53721094082672], [139.52913622187538, 35.537360633422075], [139.52904000650616, 35.53744038814429], [139.52885238903048, 35.537563502978415], [139.5291651799997, 35.537997100502906], [139.52938965710158, 35.53830826951756], [139.52948274562868, 35.53845025030211], [139.52949807114072, 35.53857186322292], [139.52943660702272, 35.53886461081027], [139.52932099458056, 35.53938266400903], [139.52972418185377, 35.53950844825949], [139.5298862668841, 35.53955898859772], [139.52999056569644, 35.53961984098985], [139.53009916145595, 35.53971200619848], [139.53030360395752, 35.53991285131048], [139.5303218022755, 35.53993071269398], [139.53033792343598, 35.540166651192095], [139.53035368978058, 35.54045663366364], [139.53035395097666, 35.54046159874294], [139.53036308346606, 35.54063217305486], [139.5305628579439, 35.541077144983184], [139.53067782557804, 35.5413363913025], [139.53087613099473, 35.54152148346806], [139.53121775064673, 35.54178446258425], [139.53125084169017, 35.54202252069285], [139.53127626185568, 35.54230126227877], [139.5321303225199, 35.54224525176873], [139.53215311675706, 35.542243970322474], [139.53240194730756, 35.54233598924226], [139.532713088121, 35.542509600458494], [139.5328860821215, 35.54256572913001], [139.5330813072115, 35.542575542800094], [139.53335595004413, 35.542579882560965], [139.53387673061195, 35.54257328070325]]]}, "properties": {"name": "横浜市青葉区千草台", "town": "千草台", "population": 6679, "households": 2950}}, {"type": "Feature", "geometry": {"type": "Polygon", "coordinates": [[[139.52142987808926, 35.536367643075664], [139.52139504071098, 35.53592188598048], [139.52103497524493, 35.535966166980884], [139.5208007358266, 35.536013740769434], [139.52077889053868, 35.53599766120776], [139.52054974429691, 35.53532613994363], [139.52048877620942, 35.53521559052512], [139.52037250114097, 35.535086442712945], [139.52013278590007, 35.534876859955865], [139.51998684635467, 35.53474330031706], [139.51972437623562, 35.534564638742076], [139.5193991551538, 35.534409193921434], [139.51938411023605, 35.53440200071548], [139.5192455408785, 35.53433574858138], [139.5187891346535, 35.53412804455597], [139.51851553083702, 35.53400632215942], [139.51840838472427, 35.53398592785849], [139.5180755530413, 35.53401390242235], [139.51805374842064, 35.53401574433582], [139.5174607031109, 35.53408044273866], [139.51745610453276, 35.53410546416976], [139.51750397123425, 35.53449956374918], [139.51753417838881, 35.53474830213497], [139.51754659867962, 35.53485055054655], [139.51756559523187, 35.53500700672811], [139.5176185985661, 35.53544344278532], [139.51761966321857, 35.53545221306812], [139.51734869949777, 35.536428919298096], [139.51728387686674, 35.53666257070617], [139.51727869858325, 35.53668121696784], [139.5171142020718, 35.537532702361034], [139.51708077385925, 35.537705765988186], [139.51706187327008, 35.53780361048131], [139.51699339949332, 35.53815806623556], [139.51696599885207, 35.53829990893983], [139.51686166722016, 35.538840071679104], [139.51685850045718, 35.53885643545215], [139.5167484277934, 35.539426474089574], [139.51674412077324, 35.53944790421087], [139.51659578599643, 35.54018726193484], [139.5165366756777, 35.54047028260772], [139.5165561664408, 35.54074816236772], [139.51704340006904, 35.540974074163735], [139.51787982568106, 35.54135675473371], [139.51824590856288, 35.54152427518621], [139.51871357079708, 35.54173825879948], [139.51987919697882, 35.54227154402164], [139.52093992322511, 35.54273943535336], [139.5216793370408, 35.54306555988606], [139.52175960196524, 35.54297198016808], [139.52180432455958, 35.54285045580262], [139.5217663753655, 35.54263449878857], [139.52179630364475, 35.54253399110207], [139.52183483385565, 35.54247469361058], [139.52195084585227, 35.54230511543238], [139.52223427013544, 35.54204121964689], [139.52235027106988, 35.54188501896504], [139.5224346769704, 35.541689092323665], [139.52246835059358, 35.5415606698061], [139.52239223065806, 35.54098729538804], [139.5223486286975, 35.540658731086005], [139.52231607964913, 35.54056017157329], [139.52149364896482, 35.539743191639616], [139.52210787400747, 35.53930695173817], [139.52227559824044, 35.53920826976251], [139.52258656412192, 35.53905773965606], [139.52232995777086, 35.538581747858814], [139.52232091537158, 35.53856422607052], [139.5219004380103, 35.53774971781522], [139.52153462690964, 35.53703998757139], [139.5215026621794, 35.536973323702824], [139.52146137131896, 35.53675302487957], [139.52142987808926, 35.536367643075664]]]}, "properties": {"name": "横浜市青葉区つつじが丘", "town": "つつじが丘", "population": 5648, "households": 2538}}, {"type": "Feature", "geometry": {"type": "Polygon", "coordinates": [[[139.51745610453276, 35.53410546416976], [139.5174607031109, 35.53408044273866], [139.51744275293893, 35.53408240068894], [139.51738687553035, 35.533337197252614], [139.51735148408625, 35.53292580875811], [139.5173440692344, 35.53264903459674], [139.517340681071, 35.532522513833534], [139.51733705049693, 35.53238662772586], [139.51733364591465, 35.53225931229961], [139.51733274088386, 35.532225493266594], [139.51733813057433, 35.532090627412536], [139.51733927605642, 35.532061957665746], [139.51732576116433, 35.531401972112974], [139.51733160309442, 35.530521552110855], [139.5170980416649, 35.5304650418092], [139.51634178362283, 35.53021008379276], [139.51572092430334, 35.52999319870564], [139.51514573772232, 35.52985125754804], [139.51493358285148, 35.52983001317396], [139.51474727612572, 35.52981418958482], [139.51455542595892, 35.529805536831844], [139.51436354968578, 35.52980321795682], [139.51417165350583, 35.5298063232792], [139.51399079200513, 35.529813015094575], [139.51363892509428, 35.529834591270856], [139.51323406834382, 35.52986774508792], [139.51302997859543, 35.52988792786566], [139.5127795087398, 35.5299268907448], [139.51266913788768, 35.52995095329788], [139.51256206132703, 35.529980378846766], [139.51245935609523, 35.53001615293565], [139.5123577429956, 35.530058266607675], [139.51225829611585, 35.53010844970576], [139.51216211224104, 35.53016677565087], [139.51198401133374, 35.53030871284362], [139.51190542394565, 35.5303833173115], [139.51172367047596, 35.53057636795946], [139.51140882837055, 35.530894997549396], [139.51101619297427, 35.531422732995416], [139.51086503260467, 35.531618223855354], [139.5106703271399, 35.53190890697955], [139.5104484411215, 35.532296200718264], [139.51041310862857, 35.53241743515933], [139.51030201969, 35.53279851939565], [139.51023087066412, 35.53301602404321], [139.51019426965235, 35.533087504637706], [139.5100372735686, 35.5333941347926], [139.50983299335698, 35.533615247545626], [139.5088097464857, 35.534547422918855], [139.50834784388388, 35.53497191772624], [139.50910605201292, 35.53559562946715], [139.50918125056813, 35.5356597100672], [139.50944173153354, 35.53588162234172], [139.50945274497565, 35.53589098401427], [139.5103100594723, 35.53659116345974], [139.51141039245843, 35.53748980037547], [139.51144278518976, 35.53751781097497], [139.51208003927812, 35.538068860594024], [139.51228855463148, 35.53824104145509], [139.51232091045333, 35.53826778403834], [139.51241920001524, 35.53834896349688], [139.5125210581735, 35.538431808544914], [139.51277328036346, 35.53863692325209], [139.51309247003758, 35.53889151233284], [139.51344638493373, 35.53915682867965], [139.51362749651213, 35.539282455879416], [139.51384674818223, 35.53941607423059], [139.51423825186674, 35.53962850091022], [139.51446988835033, 35.539735603672526], [139.5146024907703, 35.53979624229173], [139.51470804416786, 35.53986620707634], [139.51505247453434, 35.53999421268004], [139.51564600252627, 35.540264783758815], [139.5165561664408, 35.54074816236772], [139.5165366756777, 35.54047028260772], [139.51659578599643, 35.54018726193484], [139.51674412077324, 35.53944790421087], [139.5167484277934, 35.539426474089574], [139.51685850045718, 35.53885643545215], [139.51686166722016, 35.538840071679104], [139.51696599885207, 35.53829990893983], [139.51699339949332, 35.53815806623556], [139.51706187327008, 35.53780361048131], [139.51708077385925, 35.537705765988186], [139.5171142020718, 35.53753270236107], [139.51727869858323, 35.53668121696784], [139.51728387686674, 35.53666257070617], [139.51734869949777, 35.536428919298096], [139.51761966321857, 35.53545221306812], [139.5176185985661, 35.53544344278535], [139.51756559523187, 35.53500700672811], [139.51754659867962, 35.53485055054655], [139.51753417838881, 35.53474830213498], [139.51750397123425, 35.53449956374918], [139.51745610453276, 35.53410546416976]]]}, "properties": {"name": "横浜市青葉区しらとり台", "town": "しらとり台", "population": 7723, "households": 3641}}, {"type": "Feature", "geometry": {"type": "Polygon", "coordinates": [[[139.49868425901204, 35.55057323600842], [139.4989815323448, 35.55052898540751], [139.4991361666145, 35.550473656796775], [139.49942327753976, 35.55024684963101], [139.49947511529095, 35.550085175486174], [139.4996164022033, 35.54993924861248], [139.49975575464583, 35.54976603033488], [139.49974999944834, 35.54971391031673], [139.49970735559654, 35.54946350822416], [139.49969895250354, 35.54941416766959], [139.49966752152858, 35.54922960430216], [139.4996541664379, 35.549151183506844], [139.4997237078181, 35.549069426913384], [139.49978325189122, 35.548999423668114], [139.49979633069677, 35.5489840475826], [139.49980176070983, 35.54897503793005], [139.4998423007376, 35.54876343947944], [139.49988534477902, 35.54864920207824], [139.4999318315462, 35.54858250632915], [139.50009894833002, 35.548560768532276], [139.50025372937597, 35.54850040448985], [139.50046827553808, 35.548381727017635], [139.5005368047995, 35.548319533284804], [139.5006294828092, 35.54796090585028], [139.5006859635691, 35.54781160395209], [139.50078938917022, 35.54764577988804], [139.50067147201491, 35.5474977048514], [139.50066888035045, 35.54740565919749], [139.50070071546608, 35.54734980171572], [139.50025198017877, 35.54687523146809], [139.50020365978693, 35.546843934872584], [139.49948438178654, 35.546553787933554], [139.4992599395962, 35.54645744235051], [139.49924774577002, 35.54644737314932], [139.4992968783399, 35.545852893922685], [139.49934356683414, 35.54582553095629], [139.49935010720634, 35.545765410639035], [139.49941109540165, 35.545785972121536], [139.49976385187412, 35.545382672261645], [139.49980645826832, 35.54522818976684], [139.49977582954241, 35.545040223012286], [139.49967645217956, 35.54488505103841], [139.49965106411972, 35.54468474294779], [139.49969411562378, 35.54453712740359], [139.4999461473977, 35.54422290272839], [139.49997311331873, 35.54415143463183], [139.5001730961015, 35.54382713186935], [139.50024847628686, 35.543794954828826], [139.50042145724282, 35.543634367792684], [139.5005842156671, 35.54353881872308], [139.50076480719596, 35.543490887804545], [139.5008976225772, 35.54347348670314], [139.50107095012476, 35.54348394685847], [139.50116794346175, 35.54346573935813], [139.50104265341565, 35.542881222824526], [139.50109596915658, 35.542813527512585], [139.50175749323262, 35.5424234323631], [139.50174591677637, 35.54239949272416], [139.50171780894445, 35.54241412994243], [139.50164803095439, 35.54223200404737], [139.50159074543495, 35.541914429384455], [139.5015666643909, 35.54167310458392], [139.50152183017192, 35.54152833808895], [139.5014108120162, 35.54135387356589], [139.50133017557752, 35.54129266143024], [139.50122891169192, 35.54121385429566], [139.50087190884665, 35.541039883771106], [139.50071256187394, 35.54100453470196], [139.50065910340876, 35.540887803217494], [139.50054898519468, 35.54076742350186], [139.50043094793722, 35.540603607209036], [139.50035538332097, 35.540524627545096], [139.5002497281644, 35.5404347516167], [139.5001200062292, 35.54035656640859], [139.49997975062854, 35.540309651947375], [139.49971720493807, 35.54027330240175], [139.49945434691574, 35.54020289999595], [139.49935538809805, 35.5401192745145], [139.49929613388625, 35.539982949626136], [139.4992930922378, 35.539833195131855], [139.49928082059304, 35.53969665390908], [139.4993030278593, 35.53954123295998], [139.49936801852488, 35.53940575643899], [139.49949682716635, 35.5391892370505], [139.49950024245243, 35.53910323133099], [139.49943064341355, 35.53898384596888], [139.49933879349402, 35.53888992442437], [139.49900972953245, 35.53862624406143], [139.49890504342903, 35.53856848042812], [139.4988848621149, 35.538557331806636], [139.49887728161934, 35.53843235046891], [139.49881093882559, 35.53812569595156], [139.49872695591807, 35.537834130510234], [139.4986628580062, 35.53757293825109], [139.49861868942062, 35.53734208250062], [139.4985636761675, 35.53710845014836], [139.4984513705335, 35.53668202003071], [139.49824663956718, 35.536865679653225], [139.49804866174165, 35.53698971528896], [139.49732193038895, 35.537386815266494], [139.4969225735076, 35.537607195802025], [139.49635017475615, 35.53796818823153], [139.49629249705816, 35.53801259539727], [139.49617541263981, 35.538102743677875], [139.49584934296647, 35.53837223594885], [139.49574052804294, 35.53843695038024], [139.49561621253608, 35.53853021017603], [139.49542027994852, 35.53862723874762], [139.49526708608144, 35.53867256291996], [139.49514879663855, 35.53871587750498], [139.4949704872614, 35.53875524787442], [139.4947573381912, 35.538745716614606], [139.4942075757576, 35.53865284268771], [139.4936868153737, 35.53852255254864], [139.4930799074932, 35.53835310058125], [139.492790714107, 35.538278732904644], [139.49278976871923, 35.53827848255353], [139.49268054929496, 35.53824946564233], [139.49261298865014, 35.538231520444256], [139.49219643297278, 35.53806882122766], [139.49156766237925, 35.53775870561927], [139.49077647871542, 35.53734729799452], [139.49054734454097, 35.53724282153627], [139.48991835522025, 35.53697167194553], [139.48942668009457, 35.53674817861332], [139.48914332062807, 35.53658086361205], [139.48892641874218, 35.53643262045251], [139.488555316622, 35.53617237415496], [139.48836248309308, 35.53603332086124], [139.48813923329956, 35.535908964953386], [139.48770833490806, 35.53573575265804], [139.48723860185746, 35.53567272985261], [139.48706856258906, 35.53568345402342], [139.4871491506058, 35.53591741386305], [139.48669402893302, 35.535932529394074], [139.48654242833237, 35.53595788365494], [139.48543197531606, 35.53622154362352], [139.48499659968405, 35.536322482801424], [139.4845803000138, 35.536380381055345], [139.48402266307855, 35.536307756443534], [139.48413111568715, 35.536476840353686], [139.48432780558406, 35.53663883244295], [139.4846543534545, 35.53683878798385], [139.4849681735988, 35.53670442078756], [139.48513547776918, 35.536858931510466], [139.48518993000854, 35.536909234115356], [139.4848695397124, 35.53738254684988], [139.4848646629302, 35.537479254188334], [139.4848570059634, 35.53763112589637], [139.4847891193616, 35.53784827197829], [139.48450293429255, 35.53835055904524], [139.48415079719882, 35.53873163320518], [139.48403584998908, 35.53891730208874], [139.48389041999042, 35.53907368988343], [139.48383371450578, 35.53910598372849], [139.4839046401944, 35.539157250384115], [139.48436250759576, 35.53913760444818], [139.4845485175245, 35.5391715788649], [139.48504211965513, 35.5393182695804], [139.4851537199331, 35.53901963839881], [139.48570863640208, 35.53909454181292], [139.4858294048256, 35.5389721276182], [139.48619308466579, 35.53887596943607], [139.48616522645665, 35.538997711318125], [139.486020347921, 35.5396311943706], [139.4864035332507, 35.53971853641538], [139.48671903747928, 35.53979046402733], [139.486987091988, 35.53985154511573], [139.4874468084956, 35.539106613160996], [139.48805145140116, 35.53919489277383], [139.48839898687305, 35.5386423968507], [139.4889434958173, 35.53883932626009], [139.48882243004135, 35.539042231814356], [139.4888926108573, 35.539137753449886], [139.4889395663463, 35.53914887915744], [139.48936489792501, 35.53913243287439], [139.48948283533898, 35.539101798748725], [139.48960698956736, 35.539103611680986], [139.48994400363674, 35.53918830503029], [139.49006777916327, 35.539238459287894], [139.48988740476113, 35.5395092144697], [139.4902184453558, 35.539980386660766], [139.48961419259442, 35.540950734830275], [139.49055927824483, 35.5413461239895], [139.4910365807377, 35.54188219533039], [139.492180402512, 35.542487444867774], [139.4923728136503, 35.5425892386627], [139.4929826464197, 35.54266486720817], [139.49345037671443, 35.54272289274344], [139.49347741216175, 35.542911977719], [139.4934834746868, 35.54303734109324], [139.49346990271917, 35.54311919931162], [139.49342208575845, 35.543250671856086], [139.49329516159048, 35.54338818000462], [139.49276368390576, 35.543997997894515], [139.49262102862681, 35.54416169090846], [139.4919719281448, 35.54449983403304], [139.49177485100438, 35.54480663378622], [139.4921488049756, 35.545106665736114], [139.49230355789345, 35.545129163190154], [139.49242117986645, 35.54505803335788], [139.49264600831907, 35.54495880381298], [139.49294019789937, 35.54488601027877], [139.49203547521722, 35.54579112800778], [139.49146801970676, 35.54635883442415], [139.49146557492594, 35.54636129135223], [139.4913546385334, 35.54625758857401], [139.49123355375707, 35.54614438317915], [139.49110651226007, 35.54593774888312], [139.49096617457008, 35.54576741170854], [139.49079926958177, 35.54566959909955], [139.49063590761878, 35.545650137550716], [139.49052598240692, 35.54565861551025], [139.49039580777827, 35.54562143558877], [139.48997591302702, 35.54538594181392], [139.4894496925175, 35.545239527859174], [139.48837722818658, 35.545292501227934], [139.4871903101179, 35.54537473512288], [139.486982599888, 35.54538911434107], [139.48635334743813, 35.54537241040408], [139.48593828160352, 35.545283670511395], [139.48573322211487, 35.54521784778353], [139.48557707637917, 35.54509956659117], [139.4854705204233, 35.54497632903816], [139.4854545538864, 35.544932444737945], [139.48543609458463, 35.544881793366244], [139.4854747606325, 35.54431841144319], [139.4851769794088, 35.54430371660589], [139.48510033442955, 35.54417345559108], [139.48495091634632, 35.54391956664218], [139.48473911152792, 35.54376569700186], [139.4842629667887, 35.543451637123084], [139.4840954537907, 35.54330864142603], [139.48375608117615, 35.54318544643532], [139.4836102155181, 35.54313247598029], [139.48307478509506, 35.543120658138534], [139.48269412664533, 35.54304057366214], [139.4825323758689, 35.54300473647598], [139.48224336946004, 35.54290679415251], [139.48194485984067, 35.54270118407131], [139.48158689573702, 35.5423871232284], [139.4813785940953, 35.54210995578275], [139.48115404349667, 35.54189833543986], [139.48098238337627, 35.5417746517685], [139.4806499650468, 35.54218708320352], [139.48037034099409, 35.54262379098862], [139.48018993996985, 35.54289738927111], [139.48011988774346, 35.5430494961119], [139.4801224588694, 35.54323956685698], [139.48018694021894, 35.543380742854616], [139.4802188715775, 35.54360047937424], [139.4801959577206, 35.5438154379221], [139.4801192334224, 35.54397600912432], [139.48011927640871, 35.54414325666782], [139.48018199858558, 35.54429784225824], [139.48023257739965, 35.54446041892415], [139.48023380080488, 35.54461872667046], [139.48022170321082, 35.544793930660305], [139.48027478924814, 35.54497933042334], [139.48049003154816, 35.54536415764036], [139.48057558683712, 35.54559757687071], [139.48066070857362, 35.54587613393605], [139.4807398812277, 35.54603217791652], [139.48093208476496, 35.54613021962199], [139.48132225015505, 35.54624093467188], [139.48151532287278, 35.54624866496843], [139.4816325399497, 35.54632665626317], [139.48179619589442, 35.54659847692522], [139.48210079612224, 35.54693681125653], [139.48233303899664, 35.54715130548892], [139.4824457013213, 35.547305722581385], [139.48249551742555, 35.54743210012069], [139.48246114245072, 35.547524177619565], [139.48267445443238, 35.547559886725374], [139.4833150192245, 35.5476762425149], [139.48339294097138, 35.54769080664317], [139.4836973357645, 35.54782118603778], [139.48389674499845, 35.54791850452242], [139.4839295467122, 35.54791525778623], [139.48411054812735, 35.547771720909005], [139.48431771858543, 35.5477388558593], [139.4845861999301, 35.547746352957176], [139.48488392165265, 35.54780731611492], [139.48502240587314, 35.54784146248308], [139.48531757964767, 35.54783900377104], [139.4853421021592, 35.547852491760445], [139.4853702693305, 35.54797986020074], [139.4854398508861, 35.548005209845726], [139.48579294486663, 35.54835466923937], [139.4859729485106, 35.54844231761605], [139.48660521604404, 35.54854966241609], [139.48676970406916, 35.548583744652234], [139.48679416861611, 35.54861564693924], [139.4870474771171, 35.54881572654281], [139.48716003977083, 35.548856272147475], [139.48764322436836, 35.54899003158152], [139.4878910008395, 35.54904939404909], [139.48799757464735, 35.5490547463291], [139.4881863224506, 35.54901344343248], [139.48824189705047, 35.548959984642366], [139.48831990506488, 35.54893511145528], [139.48847365919625, 35.54893053359401], [139.4887356406948, 35.54899335188996], [139.489194419517, 35.54911189222681], [139.48937273987502, 35.54911576602822], [139.48962177921678, 35.54921273273472], [139.49024984726242, 35.54916526358625], [139.49025573764513, 35.549223940611974], [139.490349595892, 35.54924062651571], [139.49058878861678, 35.54927738842085], [139.49094094381337, 35.54940835221271], [139.49107384341065, 35.5493836051776], [139.49119080215888, 35.54938905456767], [139.49132763369084, 35.54946843375227], [139.49151219295544, 35.549520208097725], [139.491867644117, 35.549529846313874], [139.4919329900128, 35.54953922899382], [139.49201403046126, 35.549550840284304], [139.49215239255844, 35.54960976608785], [139.4921758930835, 35.5496207849167], [139.49258239046915, 35.54981162046206], [139.49258942131556, 35.5498149156297], [139.49286273441325, 35.54990930592783], [139.493293383732, 35.54990673208364], [139.49342030600266, 35.54987442949134], [139.49367864291858, 35.54986782702249], [139.49381298948623, 35.54976072446116], [139.49384616824008, 35.550225027142545], [139.4944302559162, 35.550262860746265], [139.49449602927453, 35.55024242058637], [139.49457624813283, 35.550060936899314], [139.49460628428753, 35.550070038337296], [139.4946339973795, 35.550078429887506], [139.49507184948163, 35.55018720278168], [139.49511700922693, 35.550303949157524], [139.49547893608892, 35.550296131410626], [139.49558111791123, 35.5503016043789], [139.49574377672076, 35.550377814191606], [139.4958818035596, 35.55042518629497], [139.4961518109665, 35.5504822721376], [139.4962534389846, 35.55056869059094], [139.49632118175046, 35.55056631665275], [139.4964777266117, 35.55072433610489], [139.49663766849122, 35.550852962884406], [139.49673998262784, 35.55095036884715], [139.4968169793237, 35.5510487219101], [139.49683979788267, 35.55110065437399], [139.49736632913076, 35.551127806456186], [139.49740353442135, 35.55112953931304], [139.49765890966174, 35.551014388570024], [139.4981236813116, 35.550796721987645], [139.4985210529147, 35.55062734235558], [139.49868425901204, 35.55057323600842]]]}, "properties": {"name": "横浜市青葉区恩田町", "town": "恩田町", "population": 3107, "households": 1293}}, {"type": "Feature", "geometry": {"type": "Polygon", "coordinates": [[[139.51090083452664, 35.54284707826679], [139.51097954606465, 35.542842083618794], [139.51116652048253, 35.542844322360345], [139.51138023237385, 35.542882793605], [139.51165075364702, 35.54294205249771], [139.51240898594872, 35.543108130631616], [139.51325307418486, 35.54329302801769], [139.51334936188618, 35.543288748088926], [139.51350458944466, 35.54290110314037], [139.51364086509273, 35.54256072641276], [139.51365951897426, 35.542512470611875], [139.5140037740043, 35.54162196531622], [139.5144148492948, 35.54163333092943], [139.51470603771182, 35.54164134112355], [139.51508342588497, 35.54165176721271], [139.51548732899195, 35.541662898351525], [139.5164983799436, 35.541690812208074], [139.5165153973629, 35.54129972959476], [139.51652122760103, 35.54116584906217], [139.51653326758338, 35.54088946136604], [139.5165390522974, 35.540853776443505], [139.5165561664408, 35.54074816236772], [139.51564600252627, 35.540264783758815], [139.51505247453434, 35.53999421268004], [139.51470804416786, 35.53986620707634], [139.5146024907703, 35.53979624229173], [139.51446988835033, 35.539735603672526], [139.51423825186674, 35.53962850091022], [139.51384674818223, 35.53941607423059], [139.51362749651213, 35.539282455879416], [139.51344638493373, 35.53915682867965], [139.51309247003758, 35.53889151233284], [139.51277328036346, 35.53863692325209], [139.5125210581735, 35.538431808544914], [139.51241920001524, 35.53834896349688], [139.51232091045333, 35.53826778403834], [139.51228855463148, 35.53824104145509], [139.51208003927812, 35.538068860594024], [139.51144278518976, 35.53751781097497], [139.5111512010616, 35.537756003401725], [139.5111021784434, 35.53777639583954], [139.51088335147264, 35.53801623097923], [139.51092354920013, 35.538037256159235], [139.51079660338064, 35.53826372162002], [139.51068741461955, 35.538354505271315], [139.5105958973696, 35.53838932033961], [139.51006269340215, 35.53850195660786], [139.50980579814518, 35.538555044894785], [139.50957668455666, 35.538673486234636], [139.50949004009559, 35.53880348427647], [139.5093918628931, 35.538978271487366], [139.50928430086657, 35.53913000574128], [139.50910271529582, 35.539235477084326], [139.5088621817163, 35.53935419780916], [139.50870360890397, 35.539447058344024], [139.50861938296183, 35.53954311925978], [139.50848864524252, 35.539709713894275], [139.50789079750706, 35.539958022081514], [139.50742478754833, 35.540178037498954], [139.5071317005631, 35.54025646847232], [139.50680653963923, 35.54029748784901], [139.5062470635133, 35.540351400089236], [139.50605913595948, 35.540394071518676], [139.5058595341058, 35.54046801067972], [139.50546263727065, 35.540636140466205], [139.50510543023572, 35.540743573974694], [139.5050060154781, 35.54075417225819], [139.50456170863, 35.5406995371108], [139.50450969268994, 35.54070333310208], [139.50353310571583, 35.54109349569696], [139.50345752024157, 35.5411554609577], [139.50323844660022, 35.54131743385066], [139.50303141013575, 35.54158499868273], [139.5029411756934, 35.54172614232901], [139.50266189787877, 35.54192251899004], [139.50174591677637, 35.54239949272416], [139.50175749323262, 35.5424234323631], [139.50222816256343, 35.54313054655851], [139.502355615237, 35.54329079527816], [139.50257361977083, 35.54346425820465], [139.50277960828154, 35.543578957934756], [139.50305247478315, 35.54367029301588], [139.5036372196341, 35.54383807167683], [139.50403037896248, 35.5439612569487], [139.50425341703965, 35.544032237148585], [139.5043716182244, 35.54406982335122], [139.50479769862537, 35.54417630492546], [139.50494031912746, 35.54422149491981], [139.50531815875462, 35.54393923443232], [139.50553947388696, 35.5438201476485], [139.50573201385185, 35.5437313659345], [139.50622066448489, 35.54363947408463], [139.50624843268065, 35.54363427149736], [139.5064027404511, 35.5436179812384], [139.50771325928272, 35.54338935720064], [139.50829667264506, 35.5432860672724], [139.50917107485347, 35.543139967189596], [139.50917443765468, 35.54313941268908], [139.51062149572053, 35.54286475982061], [139.51090083452664, 35.54284707826679]]]}, "properties": {"name": "横浜市青葉区榎が丘", "town": "榎が丘", "population": 5939, "households": 2663}}, {"type": "Feature", "geometry": {"type": "Polygon", "coordinates": [[[139.51293395803359, 35.544326268796276], [139.51315653325761, 35.543770368574336], [139.51333473978414, 35.54332528992243], [139.51334936188618, 35.543288748088926], [139.51325307418486, 35.54329302801769], [139.51240898594872, 35.543108130631616], [139.51165075364702, 35.54294205249771], [139.51138023237385, 35.542882793605], [139.51116652048253, 35.542844322360345], [139.51097954606465, 35.542842083618794], [139.51090083452664, 35.54284707826679], [139.51062149572053, 35.54286475982061], [139.50917443765468, 35.54313941268908], [139.50917107485347, 35.543139967189596], [139.50829667264506, 35.5432860672724], [139.50771325928272, 35.54338935720064], [139.5064027404511, 35.5436179812384], [139.50624843268065, 35.54363427149736], [139.50622066448489, 35.54363947408463], [139.50573201385185, 35.5437313659345], [139.50553947388696, 35.5438201476485], [139.50531815875462, 35.54393923443232], [139.50494031912746, 35.54422149491981], [139.50479769862537, 35.54417630492546], [139.5043716182244, 35.54406982335122], [139.50425341703965, 35.544032237148585], [139.50403037896248, 35.5439612569487], [139.5036372196341, 35.54383807167683], [139.50305247478315, 35.54367029301588], [139.50277960828154, 35.543578957934756], [139.50257361977083, 35.54346425820465], [139.502355615237, 35.54329079527816], [139.50222816256343, 35.54313054655851], [139.50175749323262, 35.5424234323631], [139.50109596915658, 35.542813527512585], [139.50104265341565, 35.542881222824526], [139.50116794346175, 35.54346573935813], [139.50107095012476, 35.54348394685847], [139.5008976225772, 35.54347348670314], [139.50076480719596, 35.543490887804545], [139.5005842156671, 35.54353881872308], [139.50042145724282, 35.543634367792684], [139.50024847628686, 35.543794954828826], [139.5001730961015, 35.54382713186935], [139.49997311331873, 35.54415143463183], [139.4999461473977, 35.54422290272839], [139.49969411562378, 35.54453712740359], [139.49965106411972, 35.54468474294779], [139.49967645217956, 35.54488505103841], [139.49977582954241, 35.545040223012286], [139.49980645826832, 35.54522818976684], [139.49976385187412, 35.545382672261645], [139.49941109540165, 35.545785972121536], [139.49990410353794, 35.54597755462701], [139.50018447448159, 35.54609384545892], [139.50044579290926, 35.54618624252188], [139.50062042322472, 35.54624797380786], [139.50084186682528, 35.54630895455753], [139.50101450910697, 35.54634592503392], [139.501659594047, 35.54650124406855], [139.50241846425357, 35.54668399551994], [139.5033283512356, 35.54690421009662], [139.50365248863025, 35.54698265982072], [139.50485355002448, 35.54727836591931], [139.5048565210132, 35.54727900807718], [139.50622364928208, 35.54756802135233], [139.506463929085, 35.547618799579894], [139.50648222510534, 35.54762247699457], [139.50712437432398, 35.54775180746244], [139.50740278664983, 35.54780786692242], [139.5077892350445, 35.54788566994838], [139.5082638544223, 35.54798125169743], [139.50900632098703, 35.54818334729297], [139.50922245040914, 35.54778246056428], [139.50946467677213, 35.547437023860674], [139.50953685329318, 35.547334130055646], [139.50962926273573, 35.54725076298244], [139.5096684842987, 35.54721537999756], [139.5097380632931, 35.547152582113625], [139.50992777524456, 35.547038884334505], [139.5101268149994, 35.546919614240345], [139.5106034069817, 35.54676381838983], [139.51090062321128, 35.54665865338319], [139.51152909567284, 35.54643626800519], [139.5119436248632, 35.546289592609256], [139.51211216174474, 35.54620150216111], [139.51222094334392, 35.54610694669695], [139.51241724584088, 35.545616704714575], [139.51253832124894, 35.54531434403834], [139.51255076823404, 35.54528325387092], [139.51293395803359, 35.544326268796276]]]}, "properties": {"name": "横浜市青葉区松風台", "town": "松風台", "population": 6323, "households": 2444}}, {"type": "Feature", "geometry": {"type": "Polygon", "coordinates": [[[139.5195322057277, 35.55303783832392], [139.51987540285404, 35.55267655918816], [139.5201206830115, 35.55238582562756], [139.52074839406367, 35.5526796816192], [139.52079532548754, 35.55268276381594], [139.52090881804327, 35.55243069067922], [139.52091924626052, 35.55240850125331], [139.52107796932057, 35.55208785625702], [139.5212486996185, 35.55189663348779], [139.52143467548453, 35.55174590574521], [139.5215792834052, 35.55162869195238], [139.52176546880622, 35.5514682106331], [139.52207684417516, 35.55119981454765], [139.52177890661605, 35.55093068665236], [139.521524310089, 35.55070985619696], [139.5213490120179, 35.5505942269991], [139.52120895924403, 35.55052238369564], [139.5210516238414, 35.55046313368677], [139.52082641232334, 35.550396451289146], [139.52066231963548, 35.550367990654], [139.52037814820847, 35.55033319121516], [139.51989062231354, 35.55028383690647], [139.5196566326352, 35.550263569240244], [139.518986949096, 35.55020562981372], [139.5188888950433, 35.55019712862144], [139.5182135490197, 35.5500677667841], [139.51781071054657, 35.549958704912], [139.51605289979915, 35.549343050538454], [139.5154461700999, 35.54912931898093], [139.51518296535207, 35.549034848911376], [139.51443908023296, 35.54877109707245], [139.5141556602896, 35.548674034152825], [139.51383728658155, 35.548569271193514], [139.51350084596194, 35.54847857588843], [139.51329621554373, 35.54842341163725], [139.51312455816588, 35.54839713794934], [139.5129119097597, 35.5483645552776], [139.51274798244447, 35.54833946282182], [139.51235060163145, 35.54830704555266], [139.5121889997408, 35.548303930105355], [139.5117010102466, 35.54830886693993], [139.51141329135623, 35.54832815018645], [139.5111323825076, 35.54834695900224], [139.51043534087128, 35.54836786805543], [139.5099402990789, 35.548342815634456], [139.50950181352448, 35.5482789042849], [139.50900632098703, 35.54818334729297], [139.5082706042253, 35.54922109013745], [139.50825781344008, 35.54924098222787], [139.50772906749873, 35.550068011901686], [139.5074697105298, 35.550473704722556], [139.50748486401025, 35.550482619826575], [139.5079698392233, 35.55068878773413], [139.50800850832195, 35.55070523278134], [139.50838215317188, 35.550867534079416], [139.50895191562014, 35.55111435234393], [139.50910715079672, 35.55120227961259], [139.5091733205812, 35.55126925481815], [139.50924627589686, 35.551458988769916], [139.50925735920615, 35.55148852534908], [139.50935039354425, 35.55173661791123], [139.50938949936827, 35.55181013545573], [139.50947256277652, 35.55190289250761], [139.50961518160702, 35.55197778612463], [139.50978522890614, 35.5520357833156], [139.50997805886087, 35.552069653412794], [139.51018634305308, 35.55208057449867], [139.51033481680466, 35.55209805725222], [139.51048303805229, 35.55216226145268], [139.51064642084953, 35.55231825977432], [139.5107512525429, 35.5524841336864], [139.51084104089188, 35.552752670956565], [139.51084486131347, 35.552772433604495], [139.51094157259777, 35.55313563179494], [139.51148230631546, 35.553130167848494], [139.5123078431048, 35.55311079394178], [139.5124846884567, 35.553107611602705], [139.5131234121601, 35.553100329476145], [139.51394304783602, 35.55309096310918], [139.51397493881547, 35.55350436838924], [139.51399145167377, 35.55350740631995], [139.51408561731623, 35.55347597216168], [139.51412079728757, 35.55342244278857], [139.51421781535814, 35.553113885957444], [139.514313511602, 35.553006651901285], [139.51440606968816, 35.552967467827436], [139.51461337177406, 35.55291222103466], [139.51479947239747, 35.55287888703733], [139.51484448831079, 35.55287084045253], [139.51507078849403, 35.55285926715937], [139.51524994228146, 35.552871861691365], [139.515292348539, 35.552880390663184], [139.51542622336103, 35.5529072628932], [139.51560870309075, 35.55297158733501], [139.51580504976997, 35.55305964247227], [139.51593029362002, 35.553133107131075], [139.5159446305119, 35.553141560483965], [139.5161369996402, 35.55323840754408], [139.51627400025268, 35.553270252924726], [139.51638944165063, 35.55331696704791], [139.5164836035306, 35.553400172807706], [139.5165181038522, 35.55352849654543], [139.51650216619652, 35.55384178036028], [139.5165475456666, 35.55399185835695], [139.5166343080032, 35.554115920804726], [139.5167614148543, 35.55425255571952], [139.51686386607813, 35.55432110039813], [139.51707420997496, 35.554362822942856], [139.5172718410809, 35.55436711792759], [139.5174487026458, 35.554349528021156], [139.51782297263972, 35.55427813743087], [139.51792085298385, 35.554244280285005], [139.51798359538216, 35.554161354641764], [139.51813513388402, 35.554036801485175], [139.51836062893258, 35.553918958863186], [139.51860650565197, 35.5538280341133], [139.51868390057203, 35.553825952576034], [139.5187148911793, 35.55381811244062], [139.51877931786188, 35.55379930559689], [139.5189479670327, 35.553645855324774], [139.51914866105375, 35.5534357330788], [139.51915287892317, 35.55343130794848], [139.5195322057277, 35.55303783832392]]]}, "properties": {"name": "横浜市青葉区桜台", "town": "桜台", "population": 7005, "households": 3064}}, {"type": "Feature", "geometry": {"type": "Polygon", "coordinates": [[[139.51704340006904, 35.540974074163735], [139.5165561664408, 35.54074816236772], [139.5165390522974, 35.540853776443505], [139.51653326758338, 35.54088946136604], [139.51652122760103, 35.54116584906217], [139.5165153973629, 35.54129972959476], [139.5164983799436, 35.541690812208074], [139.51649644152332, 35.54173960498532], [139.5164678514134, 35.542462915431926], [139.51645180906627, 35.54286857675408], [139.51643578815958, 35.54327406155647], [139.51643011313004, 35.54341762528063], [139.51642882035367, 35.543450437484815], [139.51665476808014, 35.54453799183734], [139.51673345977852, 35.54489764284792], [139.51680171443448, 35.54520960199292], [139.5169396462295, 35.54584006428284], [139.51696483539118, 35.5460719460443], [139.51701456807862, 35.54653003804231], [139.5170734054405, 35.54707184464005], [139.5170295371877, 35.54747563981298], [139.51697757251478, 35.5475795069899], [139.51668537560363, 35.54816332509774], [139.51655870896175, 35.54841641628365], [139.5165355609832, 35.54846268915621], [139.51636687468502, 35.54879974553107], [139.51624730863168, 35.5490386661089], [139.51605289979915, 35.549343050538454], [139.51781071054657, 35.549958704912], [139.5182135490197, 35.5500677667841], [139.5188888950433, 35.55019712862144], [139.518986949096, 35.55020562981372], [139.5196566326352, 35.550263569240244], [139.51989062231354, 35.55028383690647], [139.52037814820847, 35.55033319121516], [139.52042315271737, 35.550020870962825], [139.5204549027803, 35.54972626116386], [139.52045754715118, 35.54964564211972], [139.5203586442616, 35.54948609587041], [139.52007073261663, 35.54922549443418], [139.51998192460434, 35.54901939379485], [139.51989007873743, 35.54878628119014], [139.51988058964065, 35.54871210704399], [139.51990610415018, 35.5484694838989], [139.51996450776625, 35.54834348752342], [139.52016577619088, 35.54790740338305], [139.52027991645002, 35.547708849831665], [139.52053197808598, 35.54744837855317], [139.52072935155766, 35.5473225756862], [139.52074874895501, 35.54727643381746], [139.52076289536691, 35.54722890433032], [139.52072464016774, 35.54711807299423], [139.52048587066776, 35.54681978646753], [139.5201989279506, 35.54655577017604], [139.51991650564003, 35.54631493210306], [139.51977863917344, 35.546198693837255], [139.51961339091082, 35.546001227431795], [139.51949411960558, 35.5458295140126], [139.51948775575843, 35.54579316246211], [139.51962701833617, 35.54538539714966], [139.51974227115684, 35.54522092963269], [139.5199646080166, 35.54505146629734], [139.52000950969864, 35.54500025155018], [139.5200686285645, 35.54491104973984], [139.52023501105776, 35.54456318327767], [139.52031472048236, 35.54444692788454], [139.52034672187375, 35.544400222057526], [139.52035679672116, 35.544385533164515], [139.52046394576502, 35.544292728810106], [139.52080493216937, 35.5439974343226], [139.52101707224193, 35.54386174460367], [139.5210888088265, 35.543795463380675], [139.52123758753174, 35.54357894587861], [139.52129464708656, 35.54349241532079], [139.52150383524767, 35.543268664310766], [139.5216793370408, 35.54306555988606], [139.52093992322511, 35.54273943535336], [139.51987919697882, 35.54227154402164], [139.51871357079708, 35.54173825879948], [139.51824590856288, 35.54152427518621], [139.51787982568106, 35.54135675473371], [139.51704340006904, 35.540974074163735]]]}, "properties": {"name": "横浜市青葉区青葉台一丁目", "town": "青葉台一丁目", "population": 4203, "households": 2144}}, {"type": "Feature", "geometry": {"type": "Polygon", "coordinates": [[[139.51655870896175, 35.54841641628365], [139.51668537560363, 35.54816332509774], [139.51697757251478, 35.5475795069899], [139.5170295371877, 35.54747563981298], [139.5170734054405, 35.54707184464005], [139.51701456807862, 35.54653003804231], [139.51696483539118, 35.5460719460443], [139.5169396462295, 35.54584006428284], [139.51680171443448, 35.54520960199292], [139.51673345977852, 35.54489764284792], [139.51665476808014, 35.54453799183734], [139.51642882035367, 35.543450437484815], [139.51643011313004, 35.54341762528063], [139.51643578815958, 35.54327406155647], [139.51645180906627, 35.54286857675408], [139.5164678514134, 35.542462915431926], [139.51649644152332, 35.54173960498532], [139.5164983799436, 35.541690812208074], [139.51548732899195, 35.541662898351525], [139.51508342588497, 35.54165176721271], [139.51470603771182, 35.54164134112355], [139.5144148492948, 35.54163333092943], [139.5140037740043, 35.54162196531622], [139.51365951897426, 35.542512470611875], [139.51364086509273, 35.54256072641276], [139.51350458944466, 35.54290110314037], [139.51334936188618, 35.543288748088926], [139.51333473978414, 35.54332528992243], [139.51315653325761, 35.543770368574336], [139.51293395803359, 35.544326268796276], [139.51255076823404, 35.54528325387092], [139.51253832124894, 35.54531434403834], [139.51241724584088, 35.545616704714575], [139.51222094334392, 35.54610694669695], [139.51211216174474, 35.54620150216111], [139.5119436248632, 35.546289592609256], [139.51152909567284, 35.54643626800519], [139.51090062321128, 35.54665865338319], [139.5106034069817, 35.54676381838983], [139.5101268149994, 35.546919614240345], [139.50992777524456, 35.547038884334505], [139.5097380632931, 35.547152582113625], [139.5096684842987, 35.54721537999756], [139.50962926273573, 35.54725076298244], [139.50953685329318, 35.547334130055646], [139.50946467677213, 35.547437023860674], [139.50922245040914, 35.54778246056428], [139.50900632098703, 35.54818334729297], [139.50950181352448, 35.5482789042849], [139.5099402990789, 35.548342815634456], [139.51043534087128, 35.54836786805543], [139.5111323825076, 35.54834695900224], [139.51141329135623, 35.54832815018641], [139.51170101024664, 35.54830886693993], [139.5121889997408, 35.54830393010534], [139.51235060163145, 35.54830704555266], [139.51274798244447, 35.54833946282182], [139.5129119097597, 35.5483645552776], [139.51312455816588, 35.54839713794934], [139.51329621554373, 35.54842341163725], [139.513500845962, 35.54847857588843], [139.51383728658155, 35.548569271193514], [139.5141556602896, 35.548674034152825], [139.51443908023296, 35.54877109707245], [139.51518296535207, 35.549034848911376], [139.5154461700999, 35.54912931898093], [139.51605289979915, 35.549343050538454], [139.51624730863168, 35.5490386661089], [139.51636687468502, 35.54879974553107], [139.5165355609832, 35.54846268915621], [139.51655870896175, 35.54841641628365]]]}, "properties": {"name": "横浜市青葉区青葉台二丁目", "town": "青葉台二丁目", "population": 5249, "households": 2329}}, {"type": "Feature", "geometry": {"type": "Polygon", "coordinates": [[[139.50773305481653, 35.55638462303604], [139.50807937243718, 35.555949516330884], [139.50836876984854, 35.55556643136712], [139.50839032702558, 35.55553705666432], [139.50881610279322, 35.55495675424864], [139.5090510516755, 35.55462668303089], [139.5092835271926, 35.55430012678116], [139.5097078350748, 35.55375318111165], [139.50989483700215, 35.55355609597709], [139.51002458366423, 35.55343695002612], [139.51013609594656, 35.55336757453948], [139.51033769308202, 35.55326369430405], [139.51055505069905, 35.55318918613864], [139.51071837939122, 35.55315646545231], [139.51094157259777, 35.55313563179494], [139.51084486131347, 35.552772433604495], [139.51084104089188, 35.552752670956565], [139.5107512525429, 35.5524841336864], [139.51064642084953, 35.55231825977432], [139.51048303805229, 35.55216226145268], [139.51033481680466, 35.55209805725222], [139.51018634305308, 35.55208057449867], [139.50997805886087, 35.552069653412794], [139.50978522890614, 35.5520357833156], [139.50961518160702, 35.55197778612463], [139.50947256277652, 35.55190289250761], [139.50938949936827, 35.55181013545573], [139.50935039354425, 35.55173661791123], [139.50925735920615, 35.55148852534908], [139.50924627589686, 35.551458988769916], [139.5091733205812, 35.55126925481815], [139.50910715079672, 35.55120227961259], [139.50895191562014, 35.55111435234393], [139.50838215317188, 35.550867534079416], [139.50800850832195, 35.55070523278134], [139.5079698392233, 35.55068878773413], [139.50748486401025, 35.550482619826575], [139.50720383833715, 35.55092335693193], [139.50695817561973, 35.55130863155527], [139.50692187269178, 35.55136180192385], [139.50665550492857, 35.551752053691516], [139.50643061847325, 35.55208154474208], [139.50633111612768, 35.55222217625952], [139.50624521706354, 35.55234358149994], [139.50589967403508, 35.5527165320709], [139.50579577306564, 35.552804299166716], [139.50536601378457, 35.55312345943023], [139.5051108692684, 35.55326375572874], [139.50480463828208, 35.5534104229945], [139.50478862521675, 35.553417348902656], [139.50450476977272, 35.55353974910104], [139.50421677273127, 35.5536366088117], [139.50393882100528, 35.55372180769664], [139.5037654725609, 35.553764239179586], [139.50349494846614, 35.55381350827055], [139.50304538679615, 35.55388438217747], [139.50303820773337, 35.55388552379196], [139.50237760648417, 35.55400054932971], [139.50235177673247, 35.55400505340003], [139.50178280881767, 35.55407685241651], [139.5014087641023, 35.554120365573745], [139.5007058346786, 35.55423276337408], [139.5005550070379, 35.554262296345875], [139.5009804021549, 35.554435440080276], [139.5011122648813, 35.5544748268741], [139.50147066056067, 35.554475388634984], [139.50162235345312, 35.55446067873185], [139.50190140961777, 35.55450548296463], [139.50217720907355, 35.55445750008577], [139.5022866004905, 35.554465697275425], [139.50239622317022, 35.55450174610036], [139.5027373418978, 35.55475277387034], [139.5028632814206, 35.55487087231504], [139.50293037552376, 35.55502672413507], [139.50303347609622, 35.55527616278846], [139.50319148373703, 35.5557323665277], [139.50322450542038, 35.55583879209202], [139.50359818058504, 35.55629560382381], [139.5038554381791, 35.55619400992195], [139.50425083348432, 35.556057911099664], [139.5045410681679, 35.55611062676318], [139.50473613886732, 35.55612603451249], [139.50496320187864, 35.556089561059665], [139.50510399701122, 35.55606400753177], [139.50521278434948, 35.556093994350576], [139.50528960288133, 35.55617579219957], [139.50535733600572, 35.55626126095792], [139.5054074719728, 35.55634579783955], [139.5054339634894, 35.556384568263155], [139.50545500655124, 35.55641779655831], [139.5054906606472, 35.55644493768052], [139.5054954367166, 35.55672078223708], [139.5055321678821, 35.55680053029256], [139.50570026812562, 35.55690539792282], [139.50654414492973, 35.557114053603044], [139.50697248771593, 35.557214682814475], [139.50713445839745, 35.55726421711848], [139.50736219906275, 35.5569187055632], [139.50773305481653, 35.55638462303604]]]}, "properties": {"name": "横浜市青葉区若草台", "town": "若草台", "population": 3082, "households": 1278}}, {"type": "Feature", "geometry": {"type": "Polygon", "coordinates": [[[139.50450969268994, 35.54070333310208], [139.50456170863, 35.5406995371108], [139.5050060154781, 35.54075417225819], [139.50510543023572, 35.540743573974694], [139.50546263727065, 35.540636140466205], [139.5058595341058, 35.54046801067972], [139.50605913595948, 35.540394071518676], [139.5062470635133, 35.540351400089236], [139.50680653963923, 35.54029748784901], [139.5071317005631, 35.54025646847232], [139.50742478754833, 35.540178037498954], [139.50789079750706, 35.539958022081514], [139.50848864524252, 35.539709713894275], [139.50861938296183, 35.53954311925978], [139.50870360890397, 35.539447058344024], [139.5088621817163, 35.53935419780916], [139.50910271529582, 35.539235477084326], [139.50928430086657, 35.53913000574128], [139.5093918628931, 35.538978271487366], [139.50949004009559, 35.53880348427647], [139.50957668455666, 35.538673486234636], [139.50980579814518, 35.538555044894785], [139.51006269340215, 35.53850195660786], [139.5105958973696, 35.53838932033961], [139.51068741461955, 35.538354505271315], [139.51079660338064, 35.53826372162002], [139.51092354920013, 35.538037256159235], [139.51088335147264, 35.53801623097923], [139.5111021784434, 35.53777639583954], [139.5111512010616, 35.537756003401725], [139.51144278518976, 35.53751781097497], [139.51141039245843, 35.53748980037547], [139.5103100594723, 35.53659116345974], [139.50945274497565, 35.53589098401427], [139.50944173153354, 35.53588162234172], [139.50918125056813, 35.5356597100672], [139.50910605201292, 35.53559562946715], [139.50834784388388, 35.53497191772624], [139.5082588118154, 35.53489867637627], [139.50796398426678, 35.53507812099155], [139.5076576085953, 35.53519380319456], [139.50743970880058, 35.53523132264132], [139.50729243613262, 35.53523770355982], [139.5072556178291, 35.53523928995841], [139.5072272991475, 35.535237520170014], [139.50693423437, 35.53521930115427], [139.50642127601128, 35.535135217355304], [139.50599039419146, 35.53501703528873], [139.5059583567462, 35.535008247470586], [139.50588374877128, 35.53499085494342], [139.5056729384719, 35.53492124782394], [139.50523027188984, 35.53476743253932], [139.50496862389363, 35.53472007565371], [139.5047085720736, 35.534709689325176], [139.50461338123685, 35.534705898359455], [139.50453319963123, 35.534697645308256], [139.50450738715924, 35.53466792353435], [139.50448694258205, 35.534673853312654], [139.50396355159086, 35.534825842307065], [139.50379620806257, 35.534884133190204], [139.5035881702224, 35.5349905421413], [139.50341904498956, 35.535105228979226], [139.50329326607147, 35.53511747575361], [139.5032531952304, 35.5351139463053], [139.50322933792012, 35.535111907168385], [139.50311026237088, 35.5351016393958], [139.50293153571016, 35.53512007202741], [139.50282239870455, 35.53510803553059], [139.50265711367672, 35.535073306386636], [139.50248417159787, 35.535025032567084], [139.50233328465217, 35.53497231745628], [139.50221108263696, 35.53492151171096], [139.50210321322004, 35.53486800378307], [139.5019805883327, 35.534794169692695], [139.5018281711026, 35.53470497272359], [139.50167959997285, 35.53462884704968], [139.50155404293557, 35.53459243335484], [139.5014415860867, 35.53458130104332], [139.50129824828807, 35.53457367372861], [139.50116141200112, 35.53459310344593], [139.50094944555966, 35.53464928960139], [139.50085443976158, 35.534689578292934], [139.50066547675127, 35.53478188205097], [139.50059693248343, 35.534819536444274], [139.50048972041918, 35.53487929520438], [139.50019255146663, 35.535052481202115], [139.50018193157925, 35.53503681719584], [139.49954849054552, 35.53554595238833], [139.49920952780715, 35.53592301800512], [139.49918861571345, 35.53598415201488], [139.4985436880956, 35.53657461726779], [139.49845257486186, 35.53664086471907], [139.4984513705335, 35.53668202003071], [139.4985636761675, 35.53710845014836], [139.49861868942062, 35.53734208250062], [139.4986628580062, 35.53757293825109], [139.49872695591807, 35.537834130510234], [139.49881093882559, 35.53812569595156], [139.49887728161934, 35.53843235046891], [139.4988848621149, 35.538557331806636], [139.49890504342903, 35.53856848042812], [139.49900972953245, 35.53862624406143], [139.49933879349402, 35.53888992442437], [139.49943064341355, 35.53898384596888], [139.49950024245243, 35.53910323133099], [139.49949682716635, 35.5391892370505], [139.49936801852488, 35.53940575643899], [139.4993030278593, 35.53954123295998], [139.49928082059304, 35.53969665390908], [139.4992930922378, 35.539833195131855], [139.49929613388625, 35.539982949626136], [139.49935538809805, 35.5401192745145], [139.49945434691574, 35.54020289999595], [139.49971720493807, 35.54027330240175], [139.49997975062854, 35.540309651947375], [139.5001200062292, 35.54035656640859], [139.5002497281644, 35.5404347516167], [139.50035538332097, 35.540524627545096], [139.50043094793722, 35.540603607209036], [139.50054898519468, 35.54076742350186], [139.50065910340876, 35.540887803217494], [139.50071256187394, 35.541004534702], [139.50087190884665, 35.541039883771134], [139.50122891169192, 35.54121385429566], [139.50133017557752, 35.54129266143024], [139.5014108120162, 35.54135387356589], [139.50152183017192, 35.54152833808895], [139.5015666643909, 35.54167310458392], [139.50159074543495, 35.541914429384455], [139.50164803095439, 35.54223200404737], [139.50171780894445, 35.54241412994243], [139.50174591677637, 35.54239949272416], [139.50266189787877, 35.54192251899004], [139.5029411756934, 35.54172614232901], [139.50303141013575, 35.54158499868273], [139.50323844660022, 35.54131743385066], [139.50345752024157, 35.5411554609577], [139.50353310571583, 35.54109349569696], [139.50450969268994, 35.54070333310208]]]}, "properties": {"name": "横浜市青葉区田奈町", "town": "田奈町", "population": 4820, "households": 2250}}, {"type": "Feature", "geometry": {"type": "Polygon", "coordinates": [[[139.47874530281425, 35.56988091190329], [139.47900743003927, 35.56947455105737], [139.47919273844872, 35.56955134881148], [139.47929418222583, 35.56954887911342], [139.47940468445364, 35.569426899623615], [139.479673241476, 35.568992701444074], [139.48001429400537, 35.56847833931775], [139.48017784846888, 35.568228178619634], [139.48032905879754, 35.5681980079295], [139.48067027994102, 35.56822355755882], [139.48075814875722, 35.56809231588518], [139.48080785619098, 35.567985287305596], [139.4808747214913, 35.567793349424456], [139.48095924841414, 35.56745544488941], [139.48096462721438, 35.56735391550764], [139.48089662893653, 35.56713043756018], [139.48083117153254, 35.56702548736448], [139.48075109387776, 35.566711165584984], [139.48063182699437, 35.56636112779523], [139.4805105334903, 35.566198508320795], [139.48049589121447, 35.56614202086698], [139.48060789181085, 35.56606482975431], [139.4807622525223, 35.5659983659144], [139.48082459346202, 35.56585014451526], [139.48098140173255, 35.5657064342829], [139.48105936819516, 35.56560656996816], [139.48135278062026, 35.565346623299185], [139.4814026672656, 35.565257233531426], [139.481356727548, 35.56516822147325], [139.48137191797326, 35.56509950262439], [139.4815081485952, 35.56486618799223], [139.48172754651623, 35.564787595703265], [139.48188937394806, 35.56465308990614], [139.48197970456266, 35.56455854116299], [139.48211548416106, 35.56435413260082], [139.482090674455, 35.564331346579124], [139.48215643942063, 35.56422707536325], [139.4823531776429, 35.564086229955024], [139.4824740867949, 35.56398578772671], [139.48250551661596, 35.563893525211185], [139.48247313055091, 35.5637846614776], [139.48226957275685, 35.56381439717771], [139.48229976829705, 35.56395135344578], [139.48171174453967, 35.56408791337275], [139.48163742751072, 35.56408800489759], [139.48153148380766, 35.564042368129066], [139.48145043225583, 35.5639808559146], [139.48144402034913, 35.56397365296377], [139.48137533483487, 35.563848553131876], [139.48141012632271, 35.56365788863576], [139.48158482665588, 35.56340757816464], [139.48163125884986, 35.56328958745974], [139.48167660039294, 35.56313000943789], [139.4816601523476, 35.562993483214505], [139.48195037589574, 35.562394268509735], [139.48150004381247, 35.56227600631244], [139.48112264176052, 35.5621447254928], [139.4811446097593, 35.56206317439121], [139.48063500387977, 35.56191603421885], [139.4806862546955, 35.56180982056548], [139.48070558442578, 35.561745161288584], [139.4805392451455, 35.56176017157229], [139.48045640554594, 35.56176764626231], [139.48008084217503, 35.56172439383661], [139.47979912509882, 35.561678749561835], [139.4792210185383, 35.56145555533537], [139.47918287983651, 35.56144082713403], [139.47891187659525, 35.561154906794975], [139.47885239446248, 35.56102113891776], [139.47884932315534, 35.561014017694696], [139.47881726092794, 35.560896951877226], [139.47871376502218, 35.560718017444174], [139.47863174832028, 35.56061822785129], [139.4785000149843, 35.560524977731234], [139.47838722758323, 35.560479248860986], [139.47824656273852, 35.56047177746435], [139.47803916316823, 35.560533995757645], [139.47799814490557, 35.56052256764925], [139.47790698646136, 35.560497219405676], [139.47779722632274, 35.56057582507851], [139.4777159573301, 35.56069684055732], [139.47758842738162, 35.56101728350545], [139.47753174520625, 35.561181436207896], [139.47731594533053, 35.561680017067694], [139.47719034094533, 35.56192043405153], [139.47701787462637, 35.562193803865256], [139.4767420186787, 35.56259977323003], [139.47662397849658, 35.56270799825776], [139.4764971565264, 35.56274577590195], [139.47635989424649, 35.562718665397135], [139.4762064305434, 35.56258872763291], [139.47600759327597, 35.56235650690708], [139.47582229395198, 35.562142496044416], [139.47561782689291, 35.561912230377644], [139.47539738978773, 35.561659133873945], [139.4752860466321, 35.56154066342998], [139.47512448164164, 35.56131059782281], [139.47511298982326, 35.561196271358575], [139.4751391556083, 35.561010585318705], [139.47513943932145, 35.56100977581501], [139.47520438374778, 35.56082533516584], [139.4752090483105, 35.560677926466184], [139.47522130848026, 35.560373258755355], [139.47520259664458, 35.560070818012775], [139.47516341479664, 35.559913696881075], [139.47510394776705, 35.5598459111664], [139.4748789971407, 35.55976099743533], [139.47470428841274, 35.55974929835276], [139.4745727874552, 35.55977931484715], [139.4742035016674, 35.559910813193156], [139.47409188542687, 35.559921841902444], [139.47399284580877, 35.5599538585637], [139.47389661366643, 35.559936097710576], [139.47380743066924, 35.55994163219886], [139.47363293655698, 35.55987697890442], [139.47325377450395, 35.55980806272831], [139.47309444138585, 35.5598461607588], [139.47288690388683, 35.559991251619905], [139.4727156521516, 35.55999656607782], [139.47231229129014, 35.56006232240884], [139.4721801441312, 35.56009691030976], [139.4719585631224, 35.560192382207056], [139.47179426797467, 35.56024144786341], [139.47161561525238, 35.560307944936326], [139.4714264612929, 35.56033356559452], [139.4712447584711, 35.56028347526676], [139.47102525665753, 35.560234850871595], [139.47077313933278, 35.56022862662631], [139.47055065017852, 35.56024583610271], [139.47036558637586, 35.56028604605142], [139.4702254590489, 35.560366250088684], [139.4700764147296, 35.560493431838985], [139.46995493461128, 35.56064266672249], [139.4698203273579, 35.56083598097988], [139.46977001785442, 35.56099328453705], [139.4697985008703, 35.56131716040362], [139.46978685032033, 35.56149225879997], [139.46972012192342, 35.56172077651734], [139.4696256410222, 35.561944842278585], [139.46950745095248, 35.562184997485026], [139.46939931355755, 35.562370045422725], [139.4693096508307, 35.562467478748424], [139.46916407311764, 35.5625320660091], [139.4690128872393, 35.562560301502046], [139.46875892264944, 35.56259413653812], [139.46859448766776, 35.5626456744838], [139.46845288753022, 35.5627307652324], [139.46821290837096, 35.562806788476465], [139.4681421675277, 35.56287889208113], [139.46811562399964, 35.56296391247791], [139.4681604236722, 35.5631190420523], [139.4682480951578, 35.56335109520596], [139.46827665311926, 35.563524518612304], [139.4682825325621, 35.5635581264983], [139.46850027330973, 35.5638625793436], [139.46856002057737, 35.56397187600805], [139.46864257969725, 35.56422458012978], [139.46881737452833, 35.56476758576795], [139.46887601053024, 35.564846598420694], [139.46906069191508, 35.564977858273394], [139.46930378956753, 35.56518485479533], [139.4694844973436, 35.56529462377378], [139.46956357933854, 35.56540256964822], [139.46953666057985, 35.565522799511285], [139.4694752656545, 35.565610248669884], [139.4693767268036, 35.56571628117742], [139.46924011520687, 35.56583142338713], [139.4691076483332, 35.56598780896548], [139.46904168898553, 35.56610756652744], [139.46897614321725, 35.56642555686467], [139.46897582088263, 35.56655825926507], [139.46902270522358, 35.56675321734926], [139.46900262905288, 35.566960855355205], [139.46899465292924, 35.567289194066774], [139.46900509808358, 35.56747069591206], [139.46903079983986, 35.5675712281759], [139.4692115179888, 35.56781750158653], [139.4692593210971, 35.567924471427595], [139.4693665684494, 35.56850687976602], [139.46943219263713, 35.56869411092292], [139.4695020741063, 35.56880752183663], [139.46953277124638, 35.568899685127555], [139.46954006498788, 35.5690110756143], [139.4695238169995, 35.569120950171495], [139.4694298006574, 35.56936896345504], [139.46942789165655, 35.56948581548772], [139.46946277618358, 35.5695808829802], [139.4695318971644, 35.569667176813404], [139.46953332630036, 35.56970379890066], [139.46990376762693, 35.569790126011014], [139.47021163147875, 35.569806089407], [139.47039810307666, 35.56987788071674], [139.47054947041602, 35.56990266624776], [139.47079618170574, 35.569875805775425], [139.4710875537721, 35.56976007042881], [139.4711923275516, 35.569739013871065], [139.4714296817413, 35.56971800460516], [139.47173647388732, 35.56970420943284], [139.47200558159776, 35.56978916119128], [139.4721177281339, 35.56981218662563], [139.4724800725279, 35.56980420344404], [139.47269281558442, 35.56977839206944], [139.4729421702929, 35.56964238324221], [139.47324557756278, 35.56955720954349], [139.47346182869074, 35.56950813463767], [139.47374015519142, 35.56949935588231], [139.47388632399293, 35.56953290810472], [139.4741800244599, 35.5696758234659], [139.47448751843254, 35.569857441452186], [139.474872663879, 35.570131749006784], [139.47495918342653, 35.570239663406696], [139.47500706324197, 35.57033819815166], [139.47510390190683, 35.57078457755736], [139.47519254796376, 35.570948100680894], [139.4753571058986, 35.571181933321704], [139.47542378937584, 35.57124372847348], [139.47560571614756, 35.57139440556461], [139.47574364247552, 35.571451315039056], [139.47611895638238, 35.57146501424981], [139.47636011557657, 35.57148558659691], [139.47678172360241, 35.57159147293254], [139.4768870271929, 35.571588665131095], [139.47711170573794, 35.57150481346658], [139.47729857421027, 35.57144834538114], [139.478383277135, 35.57127590859348], [139.47843369319185, 35.571273141203406], [139.47837983922466, 35.57119962721831], [139.4782770900037, 35.57117494402226], [139.47798209173789, 35.57104836036538], [139.47823585848175, 35.570653914198665], [139.4784907681345, 35.570268980052454], [139.47874530281425, 35.56988091190329]]]}, "properties": {"name": "横浜市青葉区奈良町", "town": "奈良町", "population": 8195, "households": 3824}}, {"type": "Feature", "geometry": {"type": "Polygon", "coordinates": [[[139.4862448903332, 35.56725241473416], [139.48651959085765, 35.56722657934247], [139.4867776461671, 35.56725333560936], [139.48701012858, 35.567243995918595], [139.48714091072134, 35.56715751900822], [139.4873299591143, 35.56693491579976], [139.4874045745834, 35.56666496529835], [139.4874410951234, 35.566374443040445], [139.4875464463457, 35.56574536132059], [139.4880342420718, 35.56492090525492], [139.48838082167265, 35.564480953622294], [139.48873366971506, 35.56408108903952], [139.48903388072185, 35.56369465922997], [139.48911947869658, 35.56349477394837], [139.48911409517333, 35.56330208358124], [139.48918562101403, 35.56310768572763], [139.48913880802183, 35.562888676113445], [139.48903024178412, 35.56270441153101], [139.4888702969439, 35.56246228364258], [139.4888151077938, 35.56222173404052], [139.48892619034623, 35.561962312276826], [139.48907717283086, 35.56171917164451], [139.4892388921598, 35.56156039112068], [139.48945126857268, 35.561502221441366], [139.4896272132102, 35.56152914849777], [139.4900131963666, 35.561530677355734], [139.4902329089758, 35.56155111562919], [139.49045363857752, 35.561514479586464], [139.49066078504998, 35.56145484650913], [139.49107896647865, 35.561312740397625], [139.4912116307555, 35.56131760318603], [139.49133577497656, 35.561410782149736], [139.49141925711243, 35.561530461264546], [139.49157707596973, 35.56169550172151], [139.49176533527913, 35.561816759168224], [139.4920912352068, 35.56195863165593], [139.4926566380452, 35.56208842609431], [139.49285029186555, 35.56240240803036], [139.49299585167066, 35.56256867769489], [139.49318545571458, 35.562714197832], [139.49332671215654, 35.56302739106589], [139.49349106760948, 35.56321818795721], [139.493558812026, 35.56322845779332], [139.4937001149083, 35.563249891344086], [139.49389293707534, 35.56320996350286], [139.4939960689938, 35.563105934437914], [139.49407385733394, 35.562951585085415], [139.49416523096028, 35.5628202692701], [139.49428507472857, 35.56275928252115], [139.49443628087153, 35.56280292762141], [139.4946237336609, 35.56287139647931], [139.4948437043687, 35.56287756768057], [139.4951149865147, 35.5628459652779], [139.49540986995004, 35.56266347977439], [139.49556463823566, 35.56260301599123], [139.49573363485158, 35.562427206382125], [139.49590138488477, 35.56232272930567], [139.49606110659647, 35.56227805380976], [139.49627792690825, 35.56226417704777], [139.49651247483413, 35.56223630272471], [139.4967941168507, 35.562112119909095], [139.49687273293037, 35.56201058603438], [139.49695548956333, 35.56187198571541], [139.49725862064926, 35.56161542675723], [139.49737886791445, 35.56143031875774], [139.49744491148704, 35.5612486817959], [139.49737954947008, 35.56107617580768], [139.49730024666005, 35.56092975688266], [139.49725473511603, 35.56073505421147], [139.49733600069084, 35.56038100128483], [139.49739947838424, 35.560246398468244], [139.49756772662454, 35.56011336336746], [139.49769739498691, 35.559988353389464], [139.49767042527154, 35.55983239836977], [139.4973854828314, 35.55944434043435], [139.49716403352153, 35.55922272585651], [139.49685115629094, 35.559019122259464], [139.49669311363195, 35.558926872229], [139.4965945196035, 35.558890741472645], [139.49642239011095, 35.558771653523245], [139.49632961072555, 35.558695118601705], [139.49612811643266, 35.5586321762636], [139.49597186882363, 35.558477148383915], [139.49592039247858, 35.55832372838869], [139.49588664222767, 35.558156276920904], [139.49582572412552, 35.55794275959258], [139.49574033931674, 35.55773174248242], [139.49574199913866, 35.557536295093946], [139.49571244271525, 35.557427444552225], [139.49566262209083, 35.5573726180029], [139.49565065619245, 35.55735945084328], [139.49559142693485, 35.55731311776446], [139.49548357178003, 35.55728153756146], [139.4953665323104, 35.55726707571096], [139.49525561813113, 35.55727643594157], [139.49508272228155, 35.55734121295996], [139.49504457515164, 35.557389832209985], [139.49496979523278, 35.557547531127774], [139.49485312815005, 35.557628526565566], [139.4945951719175, 35.55769741968308], [139.49436503217564, 35.5576739687486], [139.4941323247666, 35.557697582702176], [139.4939716162941, 35.55779932712631], [139.49378475443115, 35.55779793654537], [139.49361178053252, 35.55790091271847], [139.49351513271782, 35.55793513745514], [139.49308408144142, 35.55782412234745], [139.49305725948733, 35.55779277698255], [139.49296120315088, 35.55775830776846], [139.49278069962605, 35.55743602509303], [139.49274003196504, 35.55737735106166], [139.49267249378246, 35.55734007696271], [139.4923083245086, 35.556644483621135], [139.49200802073716, 35.556076118932744], [139.49171204787632, 35.556137781611035], [139.49142558356013, 35.55559966217366], [139.4911107900556, 35.555178006739915], [139.49110432736543, 35.55506144327826], [139.49108022286822, 35.55500450593763], [139.49095236331112, 35.554799451443635], [139.49105343886396, 35.554757109877016], [139.49098061261392, 35.554560703355634], [139.49077100950527, 35.55420435756536], [139.49063850223465, 35.55393259849018], [139.4905720126301, 35.553771420697785], [139.49051483208044, 35.553579393125666], [139.4904590444453, 35.55322215941395], [139.4904643881923, 35.552615439732286], [139.4903398310763, 35.552557115813755], [139.49033887085977, 35.552403034820706], [139.49036361230648, 35.55225955971289], [139.4904102731202, 35.55214448887062], [139.49049134777889, 35.55207800634951], [139.49055275402407, 35.55198569155254], [139.49055745805154, 35.55185771721842], [139.49054010505608, 35.5515565169495], [139.49057108473338, 35.55147597962873], [139.4906743119556, 35.55135752013757], [139.4906606748015, 35.55124618273587], [139.49083510507916, 35.55043440562821], [139.49094559149222, 35.54994644254028], [139.49107384341065, 35.5493836051776], [139.49094094381337, 35.54940835221271], [139.49058878861678, 35.54927738842085], [139.490349595892, 35.54924062651571], [139.49025573764513, 35.549223940611974], [139.49015390714783, 35.54943954562022], [139.49021011356982, 35.549702447749915], [139.49011877261316, 35.55005508635915], [139.4900191291856, 35.55038907316761], [139.49001952991892, 35.55046681766755], [139.4900202610192, 35.5506085047516], [139.49012421859533, 35.55074282091733], [139.4901189561539, 35.55087561628058], [139.49010439258876, 35.551244044062756], [139.49009354226376, 35.55145932061455], [139.49008790640266, 35.551568524277045], [139.49002746113038, 35.552283597873945], [139.4899547110978, 35.552519570167995], [139.48976241242465, 35.55287592423979], [139.48931679760935, 35.553366803802895], [139.48901927009862, 35.55368809548148], [139.48870576670512, 35.5540266982188], [139.48839597908534, 35.554372247593314], [139.48817207229482, 35.554626047538605], [139.48792374017347, 35.55490822321833], [139.48734618764004, 35.555553316816585], [139.48713623904302, 35.55595676493312], [139.4869982303341, 35.55638986302757], [139.48687017053362, 35.556808799224896], [139.4867369028601, 35.55723099537625], [139.48664412782315, 35.55751609888298], [139.48656025003314, 35.55782101539867], [139.48644335110322, 35.557808976490676], [139.48643021149908, 35.557808197828855], [139.48637340947099, 35.55811474432513], [139.48622570209926, 35.55836204320993], [139.48610817101286, 35.558531334808755], [139.48610161391719, 35.55903725212347], [139.48602951388625, 35.55908886606599], [139.4856725010012, 35.55923170125877], [139.48546367588918, 35.55948592848718], [139.48536659847463, 35.55955320786051], [139.4851346589928, 35.55957694653807], [139.48435837449998, 35.5597041907979], [139.48423334086252, 35.55981877700872], [139.4840921063946, 35.5598881060012], [139.4836170279095, 35.55999347131943], [139.4834840893309, 35.560022965907656], [139.48320654099257, 35.56023846300872], [139.482956275304, 35.560496998428384], [139.48282861368764, 35.56059576595969], [139.4826755690374, 35.56076892528487], [139.4826363646721, 35.56084553014069], [139.48261576674858, 35.56102831563042], [139.4826152749929, 35.561032538269494], [139.48254309456, 35.561506883984], [139.48251227919306, 35.56155203669013], [139.48248246044074, 35.561597354952035], [139.48242788129005, 35.5616637297209], [139.48225653404188, 35.56179987077936], [139.48204039417783, 35.56196663918045], [139.48198951342533, 35.56198794963286], [139.48189399721, 35.56196227415684], [139.48173788819744, 35.56193317662652], [139.4814945786984, 35.56187448423126], [139.48111661189074, 35.56186812856156], [139.48099809988406, 35.561849495392934], [139.48070558442572, 35.56174516128862], [139.4806862546955, 35.56180982056548], [139.48063500387977, 35.56191603421885], [139.4811446097593, 35.56206317439121], [139.48112264176052, 35.5621447254928], [139.48150004381247, 35.56227600631244], [139.48195037589574, 35.562394268509735], [139.4816601523476, 35.562993483214505], [139.48167660039294, 35.56313000943789], [139.48163125884986, 35.56328958745974], [139.48158482665588, 35.56340757816464], [139.48141012632271, 35.56365788863576], [139.48137533483487, 35.563848553131876], [139.48144402034913, 35.56397365296377], [139.48145043225583, 35.5639808559146], [139.48153148380766, 35.564042368129066], [139.48163742751072, 35.56408800489759], [139.48171174453967, 35.56408791337275], [139.48229976829705, 35.56395135344578], [139.48226957275685, 35.56381439717771], [139.48247313055091, 35.5637846614776], [139.48250551661596, 35.563893525211185], [139.48260286012345, 35.56399438355504], [139.48282158876788, 35.564247116241575], [139.48290356855279, 35.564452396178254], [139.48294804840558, 35.5647041828961], [139.48289504098645, 35.5649373981574], [139.48283965467826, 35.56510775825656], [139.48283481887336, 35.565283196413425], [139.4829360811318, 35.5654844863623], [139.48296379644688, 35.56559763193488], [139.48292454646992, 35.56574398969854], [139.48295778323018, 35.56593996710246], [139.4830562163553, 35.566202551176666], [139.4831529237608, 35.56656498618574], [139.4836744958202, 35.566605719493865], [139.48382602060965, 35.56673071870402], [139.48415888313653, 35.566774296366994], [139.48430940882443, 35.566956332577995], [139.48441331073946, 35.56720618452078], [139.4844968101271, 35.56732587078323], [139.48469602153116, 35.567421609486814], [139.4849173815094, 35.56754765994595], [139.48512577386745, 35.56771775462203], [139.48526580258303, 35.567801202346125], [139.48542245525175, 35.56783209407737], [139.48555355735357, 35.56782695928729], [139.48569973144555, 35.56775926338537], [139.48580319786245, 35.567736544650415], [139.485921334012, 35.567474400859915], [139.4860479087146, 35.56732932380573], [139.4862448903332, 35.56725241473416]]]}, "properties": {"name": "横浜市青葉区奈良町", "town": "奈良町", "population": 846, "households": 240}}, {"type": "Feature", "geometry": {"type": "Polygon", "coordinates": [[[139.4832424219601, 35.571635258626834], [139.48315952239022, 35.57146524821272], [139.48312690262367, 35.57130908813419], [139.48315782641748, 35.57112431758244], [139.48330779519995, 35.57107325737029], [139.48339366814326, 35.570859111339544], [139.4835449152882, 35.57060171206872], [139.48370479189964, 35.57035155642937], [139.48387125609636, 35.57022283258803], [139.4841034330288, 35.57013216345053], [139.4843502541981, 35.57010308497225], [139.4846689925357, 35.570056540776285], [139.48489959074124, 35.569955857151044], [139.48506498959992, 35.569788573542375], [139.48525265025086, 35.569446110665076], [139.4853800571092, 35.56935388736297], [139.4855554440682, 35.5693137101766], [139.48579182225788, 35.569281636134676], [139.48599767332368, 35.56919771081941], [139.48618209576173, 35.569040693652745], [139.48625048741795, 35.56882628822584], [139.48622923037368, 35.56864330290833], [139.48612638284627, 35.568432012702615], [139.48597636300812, 35.56822142524226], [139.48579705112624, 35.56788772245005], [139.48580319786245, 35.567736544650415], [139.48569973144552, 35.56775926338537], [139.48555355735357, 35.56782695928733], [139.48542245525175, 35.56783209407737], [139.48526580258303, 35.567801202346125], [139.48512577386745, 35.56771775462205], [139.4849173815094, 35.56754765994595], [139.48469602153116, 35.567421609486814], [139.4844968101271, 35.56732587078323], [139.48441331073946, 35.56720618452078], [139.48430940882446, 35.566956332577995], [139.48415888313653, 35.56677429636697], [139.48382602060965, 35.56673071870402], [139.4836744958202, 35.566605719493865], [139.4831529237608, 35.56656498618574], [139.4830562163553, 35.56620255117666], [139.48295778323018, 35.56593996710246], [139.48292454646992, 35.565743989698554], [139.48296379644688, 35.56559763193489], [139.4829360811318, 35.5654844863623], [139.48283481887336, 35.565283196413425], [139.48283965467826, 35.56510775825658], [139.48289504098645, 35.5649373981574], [139.48294804840558, 35.56470418289609], [139.48290356855279, 35.564452396178254], [139.48282158876785, 35.5642471162416], [139.48260286012345, 35.56399438355504], [139.48250551661596, 35.56389352521117], [139.4824740867949, 35.56398578772669], [139.48235317764295, 35.564086229955024], [139.48215643942066, 35.564227075363256], [139.48209067445504, 35.564331346579145], [139.48211548416106, 35.56435413260078], [139.48197970456266, 35.56455854116299], [139.48188937394804, 35.56465308990614], [139.48172754651623, 35.564787595703265], [139.4815081485952, 35.56486618799224], [139.4813719179733, 35.565099502624385], [139.481356727548, 35.56516822147325], [139.4814026672656, 35.565257233531426], [139.48135278062026, 35.565346623299185], [139.48105936819516, 35.565606569968146], [139.48098140173255, 35.565706434282895], [139.48082459346202, 35.56585014451523], [139.4807622525223, 35.5659983659144], [139.48060789181085, 35.56606482975431], [139.48049589121447, 35.56614202086698], [139.4805105334903, 35.566198508320795], [139.48063182699434, 35.56636112779525], [139.48075109387779, 35.56671116558498], [139.48083117153254, 35.56702548736448], [139.48089662893653, 35.56713043756018], [139.48096462721438, 35.56735391550764], [139.48095924841414, 35.56745544488941], [139.4808747214913, 35.567793349424434], [139.48080785619103, 35.567985287305596], [139.48075814875725, 35.56809231588518], [139.48067027994102, 35.56822355755882], [139.48032905879754, 35.56819800792951], [139.48017784846894, 35.568228178619634], [139.48001429400537, 35.56847833931771], [139.479673241476, 35.568992701444074], [139.47940468445364, 35.569426899623615], [139.47929418222583, 35.56954887911342], [139.4791927384487, 35.56955134881148], [139.47900743003922, 35.56947455105738], [139.47874530281425, 35.56988091190329], [139.47849076813452, 35.570268980052454], [139.47823585848175, 35.570653914198665], [139.47798209173789, 35.57104836036538], [139.4782770900037, 35.57117494402226], [139.47837983922466, 35.57119962721831], [139.47843369319185, 35.571273141203406], [139.47869560134995, 35.57129433562302], [139.47899489162458, 35.57136166901313], [139.47964320076844, 35.57144855654299], [139.48006109981833, 35.57152625020313], [139.48012895976217, 35.57153107104475], [139.48036817400126, 35.57154803692779], [139.48105876885796, 35.57171406418654], [139.48136352586238, 35.571768623887024], [139.48158617713415, 35.57182335637939], [139.48182702920764, 35.57183556824255], [139.4820498555248, 35.57178047119082], [139.48226721748654, 35.571738106225034], [139.48246289617617, 35.571636901061865], [139.4825700126703, 35.57155387956156], [139.48264707485055, 35.57149414807606], [139.48274996617988, 35.57139128853627], [139.48299110805164, 35.57164044504217], [139.4832040597816, 35.571641092379004], [139.4832424219601, 35.571635258626834]]]}, "properties": {"name": "横浜市青葉区緑山", "town": "緑山", "population": 0, "households": 0}}, {"type": "Feature", "geometry": {"type": "Polygon", "coordinates": [[[139.5228131514373, 35.5600338340418], [139.52309273629754, 35.559797918911634], [139.5231303059105, 35.55976622120845], [139.52332516243604, 35.55952751448903], [139.52341722359895, 35.55938938163626], [139.52371020003164, 35.55903868187111], [139.52392051356057, 35.55885761580207], [139.52405083422272, 35.55879214625865], [139.52431139740588, 35.5587370100101], [139.52483158282845, 35.5587182781908], [139.5248293996029, 35.558714576749765], [139.52536565425248, 35.5586798985511], [139.52576803705955, 35.55868828686592], [139.52615014349382, 35.55864680191045], [139.52643013268994, 35.558570199725054], [139.52741581448726, 35.55808587877493], [139.52741305217248, 35.55808129439443], [139.52805883792436, 35.55776493022003], [139.5287706545668, 35.55735802987969], [139.52918370453153, 35.55706462392289], [139.5292457989986, 35.55688317245473], [139.52936271283357, 35.55668189702416], [139.52943906499624, 35.556580476408584], [139.52972492272372, 35.556284351814746], [139.52999647012084, 35.55610209147627], [139.52962412407138, 35.55563878712525], [139.53020129409506, 35.55530889204539], [139.53012844075118, 35.55519927814465], [139.53021400106624, 35.55514580017598], [139.53023707804206, 35.55509941822323], [139.53016039154147, 35.55483681205769], [139.53084310342166, 35.55448186440018], [139.53094631695527, 35.554505291589436], [139.53111874140941, 35.5547068743476], [139.53118720519834, 35.55474718418364], [139.5312455323796, 35.5547336350013], [139.53188720889767, 35.55428506289309], [139.53178464680863, 35.553861839442156], [139.53222532554273, 35.55347828439784], [139.53223907239135, 35.55346631308406], [139.53180736896053, 35.55288495186594], [139.53160842851182, 35.55320031192504], [139.53108102104457, 35.55384341827688], [139.5308221595862, 35.554068774035485], [139.5306861752424, 35.55413719504477], [139.5300494145927, 35.55446465452014], [139.5295425454295, 35.55475571519635], [139.52917607401994, 35.55485523985773], [139.5287726171638, 35.55495245096109], [139.52843933709033, 35.555041882003806], [139.5281419805913, 35.55507792140859], [139.52797311410987, 35.55507949894754], [139.52768466954961, 35.555072604347785], [139.52741180290997, 35.555031279118424], [139.5268270615488, 35.55530533502554], [139.5259836512473, 35.555721006210476], [139.52575280013255, 35.555388502104165], [139.5256171684084, 35.55521348286852], [139.525552158791, 35.555205394615996], [139.5244398886735, 35.555794966753425], [139.52410281016387, 35.556155485406016], [139.5240432784727, 35.55629563867612], [139.5240237034297, 35.556404138490855], [139.5240189142531, 35.556466762274525], [139.52400881463834, 35.55659862832289], [139.52396048871628, 35.55673222767116], [139.5238699368012, 35.55689881410451], [139.52373843273793, 35.557042198755084], [139.52358739793715, 35.557144302734805], [139.52302502656238, 35.55739237698959], [139.52349721498354, 35.55815646861198], [139.52353569878267, 35.55822021231083], [139.5229509506821, 35.55833760105036], [139.52221943673766, 35.55848444907531], [139.52214588397163, 35.558445445423885], [139.52213649846723, 35.55844047152116], [139.52208193505524, 35.55853947287976], [139.52204201088225, 35.55861600211281], [139.52219795927215, 35.5587636489583], [139.52225013426582, 35.55881304730934], [139.52214852597663, 35.558879896711176], [139.52197677709646, 35.55872035502338], [139.521945999437, 35.558766703660034], [139.52186077612694, 35.5588394922079], [139.5217238082874, 35.55888600433614], [139.521592450291, 35.558908192768584], [139.52142027984976, 35.55892937260153], [139.5212459601851, 35.558936124651616], [139.52105427019862, 35.55890563278493], [139.5209405857274, 35.55888754929507], [139.5206053148975, 35.55886773754652], [139.51995625542543, 35.55884564535903], [139.51958544865866, 35.55878017584375], [139.5193561132752, 35.55884755800098], [139.51904260026126, 35.55896964223479], [139.51879843605215, 35.5590817337219], [139.51876568782288, 35.55908699864977], [139.5186505344408, 35.55911820529067], [139.51849764474142, 35.55912984163465], [139.51834702643606, 35.55909025356108], [139.51800460340206, 35.5589491412955], [139.51783369889156, 35.55890199959256], [139.51752472858988, 35.55887170732858], [139.51741970135345, 35.55877220840479], [139.51675060686037, 35.55896882778283], [139.51676553030194, 35.55900872434552], [139.51686666955882, 35.559192222492285], [139.5167387845336, 35.5592334984722], [139.51678786291626, 35.559326335612596], [139.5167705189538, 35.559391460881436], [139.51680725960682, 35.559466061961025], [139.5167835595651, 35.559694118657404], [139.51699643895407, 35.55989256154074], [139.51700727197274, 35.56005666432237], [139.51710766551219, 35.560042637493545], [139.51801764512751, 35.559987984080074], [139.51908470728645, 35.55992391780388], [139.51971127043453, 35.560100247043714], [139.52013022834106, 35.56022511234347], [139.5207149751145, 35.56030802238274], [139.5211908662137, 35.56038212155864], [139.52166622627934, 35.5603605928394], [139.52181004450367, 35.56034413854532], [139.52213149137805, 35.560307367932836], [139.52251591024523, 35.56018949807349], [139.5228131514373, 35.5600338340418]]]}, "properties": {"name": "横浜市青葉区上谷本町", "town": "上谷本町", "population": 95, "households": 54}}, {"type": "Feature", "geometry": {"type": "Polygon", "coordinates": [[[139.52364971255778, 35.54399369213515], [139.5216793370408, 35.54306555988606], [139.52150383524767, 35.543268664310766], [139.52129464708656, 35.54349241532079], [139.52123758753174, 35.54357894587861], [139.5210888088265, 35.543795463380675], [139.52101707224193, 35.54386174460367], [139.52080493216937, 35.5439974343226], [139.52046394576502, 35.544292728810106], [139.52035679672116, 35.544385533164515], [139.52034672187375, 35.544400222057526], [139.52031472048236, 35.54444692788454], [139.52023501105776, 35.54456318327767], [139.5200686285645, 35.54491104973984], [139.52000950969864, 35.54500025155018], [139.5199646080166, 35.54505146629734], [139.51974227115684, 35.54522092963269], [139.51962701833617, 35.54538539714966], [139.51948775575843, 35.54579316246211], [139.51949411960558, 35.5458295140126], [139.51961339091082, 35.546001227431795], [139.51977863917344, 35.546198693837255], [139.51991650564003, 35.54631493210306], [139.5201989279506, 35.54655577017604], [139.52048587066776, 35.54681978646753], [139.52072464016774, 35.54711807299423], [139.52076289536691, 35.54722890433032], [139.52074874895501, 35.54727643381746], [139.52072935155766, 35.5473225756862], [139.52053197808598, 35.54744837855317], [139.52027991645002, 35.547708849831665], [139.52016577619088, 35.54790740338305], [139.51996450776625, 35.54834348752342], [139.51990610415018, 35.5484694838989], [139.51988058964065, 35.54871210704399], [139.51989007873743, 35.54878628119014], [139.51998192460434, 35.54901939379485], [139.52007073261663, 35.54922549443418], [139.5203586442616, 35.54948609587041], [139.52045754715118, 35.54964564211972], [139.5204549027803, 35.54972626116386], [139.52042315271737, 35.550020870962825], [139.52037814820847, 35.55033319121516], [139.52066231963548, 35.550367990654], [139.52082641232334, 35.550396451289146], [139.5210516238414, 35.55046313368677], [139.52120895924403, 35.55052238369564], [139.5213490120179, 35.5505942269991], [139.521524310089, 35.55070985619696], [139.52177890661605, 35.55093068665236], [139.52207684417516, 35.55119981454765], [139.52240045685272, 35.55148703531692], [139.52276774684088, 35.551788556098415], [139.5232503640187, 35.5521111473558], [139.5235333461071, 35.55187509898386], [139.52360928537945, 35.551747945581766], [139.5240178980693, 35.551346951450036], [139.5243112441324, 35.55107008579344], [139.5244381957168, 35.550970137674526], [139.52463850234506, 35.550825275271144], [139.52481220553747, 35.55066312680743], [139.5250171137384, 35.55045842141329], [139.52509087883521, 35.550357808136646], [139.52531235747077, 35.54994573151467], [139.5253672089581, 35.54977204600862], [139.52541008659898, 35.54959195821703], [139.52544223864547, 35.54937744480044], [139.52562224549285, 35.5483916409614], [139.52566704546496, 35.54809829177814], [139.52569397106066, 35.547859190791755], [139.52575191038977, 35.547488132746054], [139.52579284386027, 35.547314271939065], [139.52584139408376, 35.54715923020193], [139.52592652244854, 35.54696513116938], [139.52606354186773, 35.54673824280068], [139.52627175585434, 35.54645509669739], [139.52653783274522, 35.54608122277346], [139.5269076890799, 35.54558533109768], [139.5264360482059, 35.54535006795552], [139.52624280977858, 35.545253458673386], [139.52539439750632, 35.544840524832864], [139.52495740236722, 35.54462781291977], [139.52442957033148, 35.54437089286203], [139.5241417646073, 35.54422672230613], [139.52388053029594, 35.54410184160262], [139.52364971255778, 35.54399369213515]]]}, "properties": {"name": "横浜市青葉区もえぎ野", "town": "もえぎ野", "population": 3682, "households": 1667}}, {"type": "Feature", "geometry": {"type": "Polygon", "coordinates": [[[139.5268270615488, 35.55530533502554], [139.52741180290997, 35.555031279118424], [139.52768466954961, 35.555072604347785], [139.52797311410987, 35.55507949894754], [139.5281419805913, 35.55507792140859], [139.52843933709033, 35.555041882003806], [139.5287726171638, 35.554952450961075], [139.52917607401994, 35.55485523985773], [139.5295425454295, 35.55475571519631], [139.5300494145927, 35.55446465452014], [139.5306861752424, 35.55413719504476], [139.53082215958625, 35.554068774035485], [139.53108102104457, 35.55384341827686], [139.53160842851184, 35.55320031192503], [139.53180736896053, 35.55288495186594], [139.53183102121466, 35.55285708989584], [139.53212335128094, 35.55252428755535], [139.53224293113138, 35.552343577961786], [139.53229608779367, 35.552169848357394], [139.53230798429786, 35.55198643920827], [139.53229737025666, 35.551534575512946], [139.53230274964753, 35.551507935744304], [139.53240961596512, 35.55124170583361], [139.53251686878815, 35.55108448380664], [139.53250250358624, 35.55104357080543], [139.5322683372072, 35.55087764372027], [139.53216826427231, 35.55079433666102], [139.5321204549888, 35.55077284418095], [139.53202053912523, 35.55084751907622], [139.5319512868539, 35.5508452333153], [139.53181401232888, 35.55077292268435], [139.5314155497842, 35.55055961542319], [139.53125298064433, 35.550465657850246], [139.5310954470689, 35.55037871987201], [139.53085976221186, 35.550262080022165], [139.53074193131803, 35.55018087310463], [139.53069563053717, 35.5500636520571], [139.53067066641609, 35.549943738832994], [139.53066299463953, 35.549779962421596], [139.5306804893485, 35.54949055393405], [139.53064091663458, 35.54941679759755], [139.5303878642023, 35.54914399922414], [139.53024998326296, 35.54899982298378], [139.53014168796832, 35.54894955429494], [139.530004996878, 35.54891167863646], [139.52977898517307, 35.548892660815596], [139.52953898112196, 35.548825898846346], [139.52944160174025, 35.54876625635971], [139.5293448901723, 35.54867844899563], [139.52928753552632, 35.54861897710974], [139.52889708917425, 35.548162144662115], [139.52888651626833, 35.548149794925], [139.5285620773588, 35.54834600570691], [139.5284818601492, 35.54832784558399], [139.52838700801675, 35.54833408496903], [139.52827800899098, 35.54837278564852], [139.52818662253483, 35.54843585942618], [139.52800070584064, 35.54811833635132], [139.5279603644919, 35.548049434825536], [139.52788797925416, 35.547932605241826], [139.52775906617512, 35.54778292372969], [139.52758934547117, 35.54761852834754], [139.52718526137082, 35.547250312417546], [139.52627175585434, 35.54645509669739], [139.52606354186773, 35.54673824280068], [139.52592652244854, 35.54696513116938], [139.52584139408376, 35.54715923020193], [139.52579284386027, 35.547314271939065], [139.52575191038977, 35.547488132746054], [139.52569397106066, 35.547859190791755], [139.52566704546496, 35.54809829177814], [139.52562224549285, 35.5483916409614], [139.52544223864547, 35.54937744480044], [139.52541008659898, 35.54959195821703], [139.5253672089581, 35.54977204600862], [139.52531235747077, 35.54994573151467], [139.52509087883521, 35.550357808136646], [139.5250171137384, 35.55045842141329], [139.52481220553747, 35.55066312680743], [139.52463850234506, 35.550825275271144], [139.5244381957168, 35.550970137674526], [139.5243112441324, 35.55107008579344], [139.5240178980693, 35.551346951450036], [139.52360928537945, 35.551747945581766], [139.5235333461071, 35.55187509898386], [139.5232503640187, 35.5521111473558], [139.5236955488123, 35.55242681054371], [139.5237822364827, 35.552488295633566], [139.52416967400592, 35.55275817788967], [139.52431480350918, 35.55294272720012], [139.52437956296464, 35.55304795444225], [139.52467248609682, 35.55374816453742], [139.52467271953245, 35.55374890452429], [139.52467669718985, 35.55376222371267], [139.52467990791055, 35.55377297067997], [139.52489751436897, 35.55427444660596], [139.52509189801955, 35.55457059455755], [139.5253541729851, 35.554943108344915], [139.525552158791, 35.555205394615996], [139.5256171684084, 35.55521348286852], [139.52575280013255, 35.555388502104165], [139.5259836512473, 35.555721006210476], [139.5268270615488, 35.55530533502554]]]}, "properties": {"name": "横浜市青葉区柿の木台", "town": "柿の木台", "population": 5113, "households": 2302}}, {"type": "Feature", "geometry": {"type": "Polygon", "coordinates": [[[139.5193561132752, 35.55884755800098], [139.51958544865866, 35.55878017584375], [139.51995625542543, 35.55884564535903], [139.5206053148975, 35.55886773754652], [139.5209405857274, 35.55888754929507], [139.52105427019862, 35.55890563278493], [139.5212459601851, 35.558936124651616], [139.52142027984976, 35.55892937260153], [139.521592450291, 35.558908192768584], [139.5217238082874, 35.55888600433614], [139.52186077612694, 35.5588394922079], [139.521945999437, 35.558766703660034], [139.52197677709646, 35.55872035502338], [139.52214852597663, 35.558879896711176], [139.52225013426582, 35.55881304730934], [139.52219795927215, 35.5587636489583], [139.52204201088225, 35.55861600211281], [139.52208193505524, 35.55853947287976], [139.52213649846723, 35.55844047152116], [139.52214588397163, 35.558445445423885], [139.52221943673766, 35.55848444907531], [139.5229509506821, 35.55833760105036], [139.52353569878267, 35.55822021231083], [139.52349721498354, 35.55815646861198], [139.52302502656238, 35.55739237698959], [139.52358739793715, 35.557144302734805], [139.52373843273793, 35.557042198755084], [139.5238699368012, 35.55689881410451], [139.52396048871628, 35.55673222767116], [139.52400881463834, 35.55659862832289], [139.5240189142531, 35.556466762274525], [139.5240237034297, 35.556404138490855], [139.5240432784727, 35.55629563867612], [139.52410281016387, 35.556155485406016], [139.5244398886735, 35.555794966753425], [139.525552158791, 35.555205394615996], [139.5253541729851, 35.554943108344915], [139.52509189801955, 35.55457059455755], [139.52489751436897, 35.55427444660596], [139.52467990791055, 35.55377297067997], [139.52467669718985, 35.55376222371267], [139.52467271953245, 35.55374890452429], [139.52467248609682, 35.55374816453742], [139.52437956296464, 35.55304795444225], [139.52431480350918, 35.55294272720012], [139.52416967400592, 35.55275817788967], [139.5237822364827, 35.552488295633566], [139.5236955488123, 35.55242681054371], [139.5232503640187, 35.5521111473558], [139.52276774684088, 35.551788556098415], [139.52240045685272, 35.55148703531692], [139.52207684417516, 35.55119981454765], [139.52176546880622, 35.5514682106331], [139.5215792834052, 35.55162869195238], [139.52143467548453, 35.55174590574521], [139.5212486996185, 35.55189663348779], [139.52107796932057, 35.55208785625702], [139.52091924626052, 35.55240850125331], [139.52090881804327, 35.55243069067922], [139.52079532548754, 35.55268276381594], [139.52074839406367, 35.5526796816192], [139.5201206830115, 35.55238582562756], [139.51987540285404, 35.55267655918816], [139.5195322057277, 35.55303783832392], [139.51915287892317, 35.55343130794848], [139.51914866105375, 35.5534357330788], [139.5189479670327, 35.553645855324774], [139.51877931786188, 35.55379930559689], [139.5187148911793, 35.55381811244062], [139.51868390057203, 35.553825952576034], [139.51860650565197, 35.5538280341133], [139.51836062893258, 35.553918958863186], [139.51813513388402, 35.554036801485175], [139.51798359538216, 35.554161354641764], [139.51792085298385, 35.554244280285005], [139.5178493087671, 35.55442833874789], [139.51776432540905, 35.554616622212095], [139.51762297032974, 35.55482950617933], [139.51751667682245, 35.55495858085158], [139.5174558219713, 35.55503249842996], [139.51738431600947, 35.55516300383258], [139.51731715484092, 35.55537140396166], [139.51725488708286, 35.55570406962523], [139.51699481264598, 35.555668411793626], [139.51695041905663, 35.555671532411196], [139.51662226814398, 35.55684512703991], [139.5166819418804, 35.55686264520783], [139.51678611330328, 35.55713364616669], [139.51690001027015, 35.55742991895764], [139.51691178176617, 35.557460511368895], [139.51692022366285, 35.557477751725735], [139.51673704587887, 35.558319570930365], [139.51665348817255, 35.55869002961667], [139.51665944206883, 35.55876975844955], [139.51675060686037, 35.55896882778283], [139.51741970135345, 35.55877220840479], [139.51752472858988, 35.55887170732858], [139.51783369889156, 35.55890199959256], [139.51800460340206, 35.5589491412955], [139.51834702643606, 35.55909025356108], [139.51849764474142, 35.55912984163465], [139.5186505344408, 35.55911820529067], [139.51876568782288, 35.55908699864977], [139.51879843605215, 35.5590817337219], [139.51904260026126, 35.55896964223479], [139.5193561132752, 35.55884755800098]]]}, "properties": {"name": "横浜市青葉区みたけ台", "town": "みたけ台", "population": 4916, "households": 1918}}, {"type": "Feature", "geometry": {"type": "Polygon", "coordinates": [[[139.51303174375056, 35.56160405186811], [139.51276325347374, 35.56157325816485], [139.51268696683454, 35.56159269926875], [139.51247540794807, 35.56166240704471], [139.51235236913726, 35.56171362201118], [139.51239348553992, 35.56212649834739], [139.51241900366168, 35.56224279499884], [139.51249988865334, 35.56235019265183], [139.51255765002736, 35.56230809667825], [139.51275889066707, 35.56226490829364], [139.5128463155809, 35.56225644772077], [139.51291989135328, 35.561901976948405], [139.51303174375056, 35.56160405186811]]]}, "properties": {"name": "横浜市青葉区成合町", "town": "成合町", "population": 0, "households": 0}}, {"type": "Feature", "geometry": {"type": "Polygon", "coordinates": [[[139.51049568815918, 35.56385922111831], [139.5101647548715, 35.563752799463025], [139.50970852768873, 35.56408415423438], [139.5094208588004, 35.56439941819023], [139.50935352079543, 35.56449648598037], [139.5092787040357, 35.564599623142335], [139.50959825145796, 35.56468253233107], [139.50970963127952, 35.56473452271202], [139.51003623297572, 35.56491167072178], [139.51020990723572, 35.565000695478076], [139.51045084905135, 35.56515989853892], [139.51057337386246, 35.56522170699438], [139.51081467145795, 35.565287075955354], [139.5108824215683, 35.56518374186707], [139.51059789897786, 35.56502762542379], [139.51066135842348, 35.56500515719466], [139.510360883338, 35.56487815068916], [139.51056576092688, 35.56457575933123], [139.51069304492927, 35.56437551214238], [139.51079429172202, 35.56417216692292], [139.51076848670746, 35.56411132458897], [139.51044772711484, 35.56396588362956], [139.51049568815918, 35.56385922111831]]]}, "properties": {"name": "横浜市青葉区成合町", "town": "成合町", "population": 45, "households": 15}}, {"type": "Feature", "geometry": {"type": "Polygon", "coordinates": [[[139.51398538726656, 35.56009015546922], [139.5140748836862, 35.55991329303107], [139.51420683002831, 35.560015613865936], [139.51461415113334, 35.5600746274182], [139.5147832554803, 35.56008166545987], [139.51488325446962, 35.56006401227333], [139.51504455207535, 35.559954134410624], [139.51522252440645, 35.55992024733533], [139.51511817825627, 35.559855605190194], [139.5151236491589, 35.55980213706495], [139.51541509244998, 35.559856929014764], [139.51589627915703, 35.55945943788892], [139.5159394440591, 35.559440505195695], [139.51598343959213, 35.55946801560434], [139.51612684152315, 35.55943093649914], [139.5167387845336, 35.5592334984722], [139.51686666955882, 35.559192222492285], [139.51676553030194, 35.55900872434552], [139.51675060686037, 35.55896882778283], [139.51665944206883, 35.55876975844955], [139.51665348817255, 35.55869002961667], [139.51673704587887, 35.558319570930365], [139.51692022366285, 35.557477751725735], [139.51691178176617, 35.557460511368895], [139.51690001027015, 35.55742991895764], [139.51678611330328, 35.55713364616669], [139.5166819418804, 35.55686264520783], [139.51662226814398, 35.55684512703991], [139.51695041905663, 35.555671532411196], [139.51699481264598, 35.555668411793626], [139.51725488708286, 35.55570406962523], [139.51731715484092, 35.55537140396166], [139.51738431600947, 35.55516300383258], [139.5174558219713, 35.55503249842996], [139.51751667682245, 35.55495858085158], [139.51762297032974, 35.55482950617933], [139.51776432540905, 35.554616622212095], [139.5178493087671, 35.55442833874789], [139.51792085298385, 35.554244280285005], [139.51782297263972, 35.55427813743087], [139.5174487026458, 35.554349528021156], [139.5172718410809, 35.55436711792759], [139.51707420997496, 35.554362822942856], [139.51686386607813, 35.55432110039813], [139.5167614148543, 35.55425255571952], [139.5166343080032, 35.554115920804726], [139.5165475456666, 35.55399185835695], [139.51650216619652, 35.55384178036028], [139.5165181038522, 35.55352849654543], [139.5164836035306, 35.553400172807706], [139.51638944165063, 35.55331696704791], [139.51627400025268, 35.553270252924726], [139.5161369996402, 35.55323840754408], [139.5159446305119, 35.553141560483965], [139.51593029362002, 35.553133107131075], [139.51580504976997, 35.55305964247227], [139.51560870309075, 35.55297158733501], [139.51542622336103, 35.5529072628932], [139.515292348539, 35.552880390663184], [139.51524994228146, 35.552871861691365], [139.51507078849403, 35.55285926715937], [139.51484448831079, 35.55287084045253], [139.51479947239747, 35.55287888703733], [139.51461337177406, 35.55291222103466], [139.51440606968816, 35.552967467827436], [139.514313511602, 35.553006651901285], [139.51421781535814, 35.553113885957444], [139.51412079728757, 35.55342244278857], [139.51408561731623, 35.55347597216168], [139.51399145167377, 35.55350740631995], [139.51399054829204, 35.55351764924251], [139.5139916358052, 35.55445858595555], [139.51398292930227, 35.55449662427791], [139.51376157766907, 35.5552842925032], [139.5136644078222, 35.55563010263341], [139.5135386139764, 35.556075619273265], [139.51338399154284, 35.55662330542836], [139.51323659036396, 35.55716977822201], [139.5130868250338, 35.55772511795241], [139.51295212681902, 35.558224515541845], [139.51285748431636, 35.55860462636879], [139.5128598915226, 35.55863832821017], [139.5127771111265, 35.559595552694546], [139.51278549663246, 35.55969637967562], [139.5128896142536, 35.559758629242424], [139.51288875070307, 35.55979130117034], [139.51398538726656, 35.56009015546922]]]}, "properties": {"name": "横浜市青葉区たちばな台一丁目", "town": "たちばな台一丁目", "population": 2988, "households": 1153}}, {"type": "Feature", "geometry": {"type": "Polygon", "coordinates": [[[139.51216044507666, 35.55985063175131], [139.51219694252364, 35.55969510508559], [139.51231235699257, 35.559696333281316], [139.512411849064, 35.5596332249305], [139.51249132658845, 35.559618088521034], [139.51269366496908, 35.55965490094275], [139.51278549663246, 35.55969637967562], [139.5127771111265, 35.559595552694546], [139.5128598915226, 35.55863832821017], [139.51285748431636, 35.55860462636879], [139.51295212681902, 35.558224515541845], [139.5130868250338, 35.55772511795241], [139.51323659036396, 35.55716977822201], [139.51338399154284, 35.55662330542836], [139.5135386139764, 35.556075619273265], [139.5136644078222, 35.55563010263341], [139.51376157766907, 35.5552842925032], [139.51398292930227, 35.55449662427791], [139.5139916358052, 35.55445858595555], [139.51399054829204, 35.55351764924251], [139.51399145167377, 35.55350740631995], [139.51397493881547, 35.55350436838924], [139.51394304783602, 35.55309096310918], [139.5131234121601, 35.553100329476145], [139.5124846884567, 35.553107611602705], [139.5123078431048, 35.55311079394178], [139.51148230631546, 35.553130167848494], [139.51094157259777, 35.55313563179494], [139.51071837939122, 35.55315646545231], [139.51055505069905, 35.55318918613864], [139.51033769308202, 35.55326369430405], [139.51013609594656, 35.55336757453948], [139.51002458366423, 35.55343695002612], [139.50989483700215, 35.55355609597709], [139.5097078350748, 35.55375318111165], [139.5092835271926, 35.55430012678116], [139.5090510516755, 35.55462668303089], [139.50881610279322, 35.55495675424864], [139.50839032702558, 35.55553705666432], [139.50836876984854, 35.55556643136712], [139.50807937243718, 35.555949516330884], [139.50842924329922, 35.556124849042256], [139.5091435830153, 35.55649501888998], [139.50931895857465, 35.556585888355755], [139.50934484696393, 35.55662025268678], [139.50982945962846, 35.5569439544244], [139.5103859061142, 35.557502626867375], [139.51077576753028, 35.557912998789014], [139.51053739756125, 35.5581252970983], [139.51043459589025, 35.55823979962149], [139.51040017175987, 35.55831343455999], [139.5103587607521, 35.558468666021], [139.51034346861576, 35.558915432619244], [139.5097091588765, 35.55890324761576], [139.50967596112787, 35.55891283968317], [139.50948337286923, 35.55912462761745], [139.50957423651656, 35.55919737138148], [139.50963582815126, 35.55930024608146], [139.5096707169472, 35.559421285338914], [139.50967131088203, 35.55956194893677], [139.50977002302375, 35.55958573855052], [139.50984113916584, 35.55962459185757], [139.5099084249629, 35.55956065926848], [139.51002596688622, 35.55941922663513], [139.5100986090788, 35.55941614890598], [139.5101795273671, 35.5593537326854], [139.51032928744817, 35.55934347078809], [139.51041485093097, 35.55936321021946], [139.51052617874973, 35.55942150305374], [139.51051246853825, 35.559460688553415], [139.51063582602407, 35.55949017853489], [139.51064575741682, 35.559469078763335], [139.510793029349, 35.55946176875025], [139.5108048353206, 35.559579399828905], [139.51105468126062, 35.55962662533389], [139.51124325259357, 35.559566365718624], [139.51135393287498, 35.5595982136502], [139.51139574645202, 35.55966934445431], [139.5114593688062, 35.559675256128806], [139.51154898754416, 35.55973679868472], [139.51181520132843, 35.55973199218028], [139.51197195628072, 35.55975618355331], [139.51196974664126, 35.55986620633432], [139.51216044507666, 35.55985063175131]]]}, "properties": {"name": "横浜市青葉区たちばな台二丁目", "town": "たちばな台二丁目", "population": 3062, "households": 1349}}, {"type": "Feature", "geometry": {"type": "Polygon", "coordinates": [[[139.50431103918746, 35.56692481225768], [139.50477004353593, 35.566651945061295], [139.50511734659872, 35.56672069488841], [139.5055060351541, 35.56666484322256], [139.50581848719597, 35.566540434348624], [139.50599355027845, 35.56654331585867], [139.50633896628915, 35.56648325693361], [139.5063161132867, 35.56631682519516], [139.50687339523026, 35.56632791518194], [139.50686397819817, 35.566253735640295], [139.50688386919808, 35.56617358237836], [139.507106545705, 35.56620426926348], [139.50724818492043, 35.56620807744678], [139.50771465658843, 35.56608282487619], [139.507870636335, 35.566072974742845], [139.50794307208596, 35.56601088889305], [139.5080652692409, 35.56593608785987], [139.50821856217559, 35.56581781882595], [139.50840618147626, 35.56563542008791], [139.50855968463858, 35.56536398659324], [139.50875476453328, 35.565046895262405], [139.5088422357503, 35.56493745779595], [139.50897050741588, 35.5648682356623], [139.50908058819962, 35.564842202912615], [139.5092787040357, 35.564599623142335], [139.50935352079543, 35.56449648598037], [139.5090828565737, 35.56443570762059], [139.50870746974894, 35.56447114890263], [139.50844700275323, 35.56414251627978], [139.50836171242486, 35.56407527528046], [139.5082184150604, 35.5638274917372], [139.5081529215601, 35.563798614029885], [139.5081416841452, 35.56378016741459], [139.50801585421968, 35.56384291549936], [139.50778148273812, 35.56391342571344], [139.50767350156738, 35.56392633064796], [139.50757535135924, 35.563975035826275], [139.50738336889015, 35.56409133013388], [139.50735494261036, 35.564161742168125], [139.5073018554555, 35.5641605736991], [139.50714812342397, 35.56415377374256], [139.50711468630007, 35.56403083220704], [139.5070292139257, 35.56389183154877], [139.50730985263726, 35.56375117149716], [139.50846613106953, 35.563170099129906], [139.50832426551455, 35.56297854956714], [139.50818863849247, 35.562795433903396], [139.50862375408838, 35.56219855789244], [139.5086361591881, 35.56213074277656], [139.50804755961437, 35.56193165186439], [139.50768739067243, 35.56181959888894], [139.5074596300898, 35.561748757285514], [139.5073849729264, 35.5617588668898], [139.50594025674997, 35.56129503388852], [139.5056364164065, 35.56119855464163], [139.50568327517797, 35.56109967588243], [139.50614226611648, 35.56013096617214], [139.5063618301083, 35.55968543705625], [139.50514907356686, 35.55962074646938], [139.50380322155013, 35.55954894060624], [139.50373917843757, 35.559089341642085], [139.5037219565301, 35.55880796584059], [139.50368182639338, 35.5585694831706], [139.50367973437483, 35.558465116343854], [139.50371884916322, 35.558379102089305], [139.50372715529068, 35.558213849829585], [139.50375480296057, 35.55801868900118], [139.50379872928852, 35.557804736754534], [139.50387792063486, 35.557697358461304], [139.5040449666302, 35.55754938406529], [139.5042559770183, 35.55738301229794], [139.50448673532784, 35.557218212029056], [139.5047088406397, 35.55719890708662], [139.5047277742755, 35.55710526642755], [139.50474107143626, 35.55680482268851], [139.50500272279086, 35.55662996707719], [139.5054074719728, 35.55634579783955], [139.50535733600572, 35.55626126095792], [139.50528960288133, 35.55617579219957], [139.50521278434948, 35.556093994350576], [139.50510399701122, 35.55606400753177], [139.50496320187864, 35.556089561059665], [139.50473613886732, 35.55612603451249], [139.5045410681679, 35.55611062676318], [139.50425083348432, 35.556057911099664], [139.5038554381791, 35.55619400992195], [139.50359818058504, 35.55629560382381], [139.50322450542038, 35.55583879209202], [139.50319148373703, 35.5557323665277], [139.50303347609622, 35.55527616278846], [139.50293037552376, 35.55502672413507], [139.5028632814206, 35.55487087231504], [139.5027373418978, 35.55475277387034], [139.50239622317022, 35.55450174610036], [139.5022866004905, 35.554465697275425], [139.50217720907355, 35.55445750008577], [139.50190140961777, 35.55450548296463], [139.50162235345312, 35.55446067873185], [139.50147066056067, 35.554475388634984], [139.5011122648813, 35.5544748268741], [139.5009804021549, 35.554435440080276], [139.5005550070379, 35.554262296345875], [139.49983822610693, 35.554373594772905], [139.49913659866183, 35.554482499872506], [139.4987972594673, 35.55453609891146], [139.49782510303385, 35.554689647999936], [139.49737294379196, 35.55476106081644], [139.49740423328632, 35.55485738038475], [139.49740683947672, 35.55516706148086], [139.49737877574984, 35.555443522132734], [139.49732371565443, 35.555724872060296], [139.4973076245207, 35.555760245681306], [139.49706025725337, 35.55586030633018], [139.49684015138348, 35.5555668292838], [139.49674584923213, 35.55548437651825], [139.49661748105004, 35.555417701911495], [139.49649654725337, 35.555381964484305], [139.49614165357383, 35.55535635723823], [139.4957929270525, 35.555565935280065], [139.49590716061087, 35.555699504401204], [139.4959460757286, 35.555806198006614], [139.49596507657745, 35.555914595301346], [139.49590957696282, 35.55605830365098], [139.49581460634516, 35.556217001254595], [139.49575239503332, 35.556352802896285], [139.49579227205192, 35.55650787936144], [139.49583482412996, 35.5566105002779], [139.49585488635205, 35.55675351181523], [139.4958480622466, 35.556865108540315], [139.4957525069144, 35.55703982615015], [139.49571222306753, 35.557151220415676], [139.49566262209083, 35.5573726180029], [139.49571244271525, 35.557427444552225], [139.49574199913866, 35.557536295093946], [139.49574033931674, 35.55773174248242], [139.49582572412552, 35.55794275959258], [139.49588664222767, 35.558156276920904], [139.49592039247858, 35.55832372838869], [139.49597186882363, 35.558477148383915], [139.49612811643266, 35.5586321762636], [139.49632961072555, 35.558695118601705], [139.49642239011095, 35.558771653523245], [139.4965945196035, 35.558890741472645], [139.49669311363195, 35.558926872229], [139.49685115629094, 35.559019122259464], [139.49716403352153, 35.55922272585651], [139.49738548283136, 35.55944434043435], [139.4976704252715, 35.55983239836977], [139.49769739498686, 35.55998835338951], [139.49756772662454, 35.56011336336749], [139.4973994783842, 35.560246398468244], [139.49733600069084, 35.560381001284846], [139.49725473511603, 35.56073505421147], [139.49730024665996, 35.56092975688266], [139.49737954947003, 35.56107617580768], [139.49744491148704, 35.561248681795924], [139.49737886791442, 35.56143031875774], [139.49725862064923, 35.56161542675723], [139.49695548956333, 35.56187198571541], [139.49687273293037, 35.56201058603438], [139.4967941168507, 35.562112119909095], [139.49651247483413, 35.56223630272471], [139.49627792690825, 35.56226417704777], [139.49606110659647, 35.56227805380976], [139.49590138488477, 35.56232272930572], [139.49573363485158, 35.562427206382125], [139.49556463823566, 35.56260301599123], [139.49540986995004, 35.56266347977439], [139.49511498651466, 35.5628459652779], [139.4948437043687, 35.56287756768057], [139.4946237336609, 35.56287139647931], [139.49443628087153, 35.56280292762141], [139.49428507472857, 35.56275928252115], [139.49416523096028, 35.5628202692701], [139.49407385733394, 35.56295158508543], [139.4939960689938, 35.563105934437914], [139.49389293707534, 35.56320996350286], [139.4937001149083, 35.563249891344086], [139.49355881202598, 35.56322845779332], [139.49370391779922, 35.56333468999747], [139.49391984750451, 35.563538313774885], [139.49420210393316, 35.56385913664605], [139.4943777022921, 35.56401095088606], [139.4945035381873, 35.56417554253535], [139.4944985326428, 35.56432598503757], [139.4944662248828, 35.56459951473569], [139.49448597067158, 35.56480270571154], [139.49459586335027, 35.56484369423192], [139.49474427735188, 35.56491740156891], [139.49497128970802, 35.564992535183656], [139.4951356932117, 35.564988578574514], [139.49560259590012, 35.564786665835115], [139.49591423855412, 35.56464246772617], [139.49616194470508, 35.564607695349665], [139.49628932521387, 35.56466672709166], [139.49640496939415, 35.56460516213991], [139.49651095218488, 35.5645250130947], [139.49660956056402, 35.56436864565565], [139.49665776372586, 35.5642186818975], [139.49675944943098, 35.564094082479365], [139.49693994446787, 35.564053967022765], [139.49716879035833, 35.5641481422167], [139.49742660094876, 35.56429799860669], [139.49761966681905, 35.56446787910466], [139.49789592476915, 35.564565462324765], [139.49799547131732, 35.56454000715134], [139.49810320210221, 35.56443739374997], [139.49817972572225, 35.56433673271741], [139.49829115455003, 35.56427222851679], [139.49843637997, 35.564272642429884], [139.49857275753263, 35.564343908268796], [139.49870270188848, 35.564469875768076], [139.4988170424216, 35.564596819221066], [139.4989083820826, 35.56464855793617], [139.49904516375392, 35.56464310143447], [139.49919025962492, 35.564602000387715], [139.49930282171263, 35.56450865950327], [139.49931102688765, 35.56441079671782], [139.499339345875, 35.564419715114724], [139.49933634989478, 35.56444072746456], [139.50028713253892, 35.56454078335086], [139.50032159171394, 35.56457612751077], [139.5003956886273, 35.56476460876527], [139.5004828952862, 35.56490390351091], [139.5007958698576, 35.56505499762775], [139.50099810386592, 35.5650935629172], [139.50105185466708, 35.56511660124791], [139.50143262633182, 35.5653755592068], [139.50161167826752, 35.56538736707188], [139.50181336495993, 35.56541275936699], [139.5019017280424, 35.56547614113132], [139.50207018273503, 35.56568590775466], [139.50211427773297, 35.56571511646906], [139.50300345792303, 35.56621778269921], [139.5030736809829, 35.56621752266238], [139.50319564145133, 35.56618040039903], [139.50331142697436, 35.56603108049066], [139.5033719134267, 35.565967237979045], [139.50347465387136, 35.56605058722261], [139.50355098351983, 35.56616935560867], [139.50365610526396, 35.566549818127264], [139.5038340715514, 35.566685524902844], [139.50423014581617, 35.566925641855796], [139.50431103918746, 35.56692481225768]], [[139.5026996097659, 35.55852009373581], [139.502703403025, 35.55843824083399], [139.50337725012963, 35.5584503819189], [139.5033824062351, 35.55853782974142], [139.50340026865993, 35.558752413887696], [139.50340862427254, 35.558868700453594], [139.50341385820136, 35.55893723362414], [139.50339373011346, 35.559001153797404], [139.50338886304579, 35.559016315538386], [139.50337413782432, 35.55901352931938], [139.5030414494768, 35.558955725611256], [139.50278412130967, 35.558910036865875], [139.50268106917613, 35.55889921700217], [139.5026996097659, 35.55852009373581]]]}, "properties": {"name": "横浜市青葉区鴨志田町", "town": "鴨志田町", "population": 5514, "households": 2037}}, {"type": "Feature", "geometry": {"type": "Polygon", "coordinates": [[[139.51108861336655, 35.5658992024103], [139.51131702379038, 35.56552599747965], [139.51202250128702, 35.565834858498185], [139.51259562936377, 35.564941298329146], [139.51267178820302, 35.56490062246303], [139.512940434023, 35.56486261479661], [139.51310178194257, 35.56481259341591], [139.51311944664417, 35.56426361351553], [139.51313538909102, 35.5638760669829], [139.51313320681388, 35.5637160678091], [139.51319432993134, 35.563539057091], [139.5133411285271, 35.563252526814495], [139.51334535520104, 35.56324623563035], [139.51380510573202, 35.56256186701425], [139.51411054852667, 35.56216654281231], [139.5145016988953, 35.56172215482846], [139.51466109028703, 35.5616099818711], [139.51491439309694, 35.56140792657402], [139.51530168478138, 35.56112595200767], [139.51583679071672, 35.56067262203057], [139.51610559473016, 35.5603857520988], [139.51640537046143, 35.56018765631555], [139.5166728718016, 35.560103340177825], [139.51700727197274, 35.56005666432237], [139.51699643895407, 35.55989256154074], [139.5167835595651, 35.559694118657404], [139.51680725960682, 35.559466061961025], [139.5167705189538, 35.559391460881436], [139.51678786291626, 35.559326335612596], [139.5167387845336, 35.5592334984722], [139.51612684152315, 35.55943093649914], [139.51598343959213, 35.55946801560434], [139.5159394440591, 35.559440505195695], [139.51589627915703, 35.55945943788892], [139.51541509244998, 35.559856929014764], [139.5151236491589, 35.55980213706495], [139.51511817825627, 35.559855605190194], [139.51522252440645, 35.55992024733533], [139.51504455207535, 35.559954134410624], [139.51488325446962, 35.56006401227333], [139.5147832554803, 35.56008166545987], [139.51461415113334, 35.5600746274182], [139.51420683002831, 35.560015613865936], [139.5140748836862, 35.55991329303107], [139.51398538726656, 35.56009015546922], [139.51288875070307, 35.55979130117034], [139.5128896142536, 35.559758629242424], [139.51278549663246, 35.55969637967562], [139.51269366496908, 35.55965490094275], [139.51249132658845, 35.559618088521034], [139.512411849064, 35.5596332249305], [139.51231235699257, 35.559696333281316], [139.51219694252364, 35.55969510508559], [139.51216044507666, 35.55985063175131], [139.51196974664126, 35.55986620633432], [139.51197195628072, 35.55975618355331], [139.51181520132843, 35.55973199218028], [139.51154898754416, 35.55973679868472], [139.5114593688062, 35.559675256128806], [139.51139574645202, 35.55966934445431], [139.51135393287498, 35.5595982136502], [139.51124325259357, 35.559566365718624], [139.51105468126062, 35.55962662533389], [139.5108048353206, 35.559579399828905], [139.510793029349, 35.55946176875025], [139.51064575741682, 35.559469078763335], [139.51063582602407, 35.55949017853489], [139.51051246853825, 35.559460688553415], [139.51052617874973, 35.55942150305374], [139.51041485093097, 35.55936321021946], [139.51032928744817, 35.55934347078809], [139.5101795273671, 35.5593537326854], [139.5100986090788, 35.55941614890598], [139.51002596688622, 35.55941922663513], [139.5099084249629, 35.55956065926848], [139.50984113916584, 35.55962459185757], [139.50977002302375, 35.55958573855052], [139.50967131088203, 35.55956194893677], [139.5096707169472, 35.559421285338914], [139.50963582815126, 35.55930024608146], [139.50957423651656, 35.55919737138148], [139.50948337286923, 35.55912462761745], [139.50967596112787, 35.55891283968317], [139.5097091588765, 35.55890324761576], [139.51034346861576, 35.558915432619244], [139.5103587607521, 35.558468666021], [139.51040017175987, 35.55831343455999], [139.51043459589025, 35.55823979962149], [139.51053739756125, 35.5581252970983], [139.51077576753028, 35.557912998789014], [139.5103859061142, 35.557502626867375], [139.50982945962846, 35.5569439544244], [139.50934484696393, 35.55662025268678], [139.50931895857465, 35.556585888355755], [139.5091435830153, 35.55649501888998], [139.50842924329922, 35.556124849042256], [139.50807937243718, 35.555949516330884], [139.50773305481653, 35.55638462303604], [139.50736219906275, 35.5569187055632], [139.50713445839745, 35.55726421711848], [139.50697248771593, 35.557214682814475], [139.50654414492973, 35.557114053603044], [139.50570026812562, 35.55690539792282], [139.5055321678821, 35.55680053029256], [139.5054954367166, 35.55672078223708], [139.5054906606472, 35.55644493768052], [139.50545500655124, 35.55641779655831], [139.5054339634894, 35.556384568263155], [139.5054074719728, 35.55634579783955], [139.50500272279086, 35.55662996707719], [139.50474107143626, 35.55680482268851], [139.5047277742755, 35.55710526642755], [139.5047088406397, 35.55719890708662], [139.50448673532784, 35.55721821202906], [139.5042559770183, 35.55738301229794], [139.5040449666302, 35.55754938406529], [139.50387792063486, 35.557697358461304], [139.50379872928852, 35.557804736754534], [139.50375480296057, 35.55801868900118], [139.50372715529065, 35.558213849829585], [139.50371884916325, 35.55837910208932], [139.50367973437483, 35.558465116343854], [139.50368182639338, 35.5585694831706], [139.5037219565301, 35.558807965840614], [139.50373917843757, 35.559089341642085], [139.50380322155013, 35.55954894060624], [139.50514907356683, 35.55962074646938], [139.5063618301083, 35.55968543705625], [139.50614226611648, 35.56013096617214], [139.50568327517797, 35.56109967588243], [139.5056364164065, 35.56119855464163], [139.50594025674997, 35.56129503388852], [139.5073849729264, 35.5617588668898], [139.5074596300898, 35.561748757285514], [139.50768739067243, 35.56181959888894], [139.50804755961437, 35.56193165186439], [139.5086361591881, 35.56213074277656], [139.50862375408838, 35.56219855789244], [139.50818863849247, 35.562795433903396], [139.50832426551455, 35.56297854956714], [139.50846613106953, 35.563170099129906], [139.50730985263726, 35.56375117149716], [139.5070292139257, 35.56389183154877], [139.50711468630007, 35.56403083220704], [139.50714812342397, 35.56415377374256], [139.5073018554555, 35.5641605736991], [139.50735494261036, 35.564161742168125], [139.50738336889015, 35.56409133013388], [139.50757535135924, 35.563975035826275], [139.50767350156738, 35.56392633064796], [139.50778148273812, 35.56391342571344], [139.50801585421968, 35.56384291549936], [139.5081416841452, 35.56378016741459], [139.5081529215601, 35.563798614029885], [139.5082184150604, 35.5638274917372], [139.50836171242486, 35.56407527528046], [139.50844700275323, 35.56414251627978], [139.50870746974894, 35.56447114890263], [139.5090828565737, 35.56443570762059], [139.50935352079543, 35.56449648598037], [139.5094208588004, 35.56439941819023], [139.50970852768873, 35.56408415423438], [139.5101647548715, 35.563752799463025], [139.51049568815918, 35.56385922111831], [139.51044772711484, 35.56396588362956], [139.51076848670746, 35.56411132458897], [139.51079429172202, 35.56417216692292], [139.51069304492927, 35.56437551214238], [139.51056576092688, 35.56457575933123], [139.510360883338, 35.56487815068916], [139.51066135842348, 35.56500515719466], [139.51059789897786, 35.56502762542379], [139.5108824215683, 35.56518374186707], [139.51081467145795, 35.565287075955354], [139.51057337386246, 35.56522170699438], [139.51045084905135, 35.56515989853892], [139.51020990723572, 35.565000695478076], [139.51003623297572, 35.56491167072178], [139.50970963127952, 35.56473452271202], [139.50959825145796, 35.56468253233107], [139.5092787040357, 35.564599623142335], [139.50908058819962, 35.564842202912615], [139.50883008558475, 35.56516062027871], [139.50861997031015, 35.56560985023423], [139.51078144364675, 35.56643933842792], [139.51108861336655, 35.5658992024103]], [[139.51239348553992, 35.56212649834739], [139.51235236913726, 35.56171362201118], [139.51247540794807, 35.56166240704471], [139.51268696683454, 35.56159269926875], [139.51276325347374, 35.56157325816485], [139.51303174375056, 35.56160405186811], [139.51291989135328, 35.561901976948405], [139.5128463155809, 35.56225644772077], [139.51275889066707, 35.56226490829364], [139.51255765002736, 35.56230809667825], [139.51249988865334, 35.56235019265183], [139.51241900366168, 35.56224279499884], [139.51239348553992, 35.56212649834739]]]}, "properties": {"name": "横浜市青葉区鴨志田町", "town": "鴨志田町", "population": 3335, "households": 1426}}, {"type": "Feature", "geometry": {"type": "Polygon", "coordinates": [[[139.50337725012963, 35.5584503819189], [139.502703403025, 35.55843824083399], [139.5026996097659, 35.55852009373581], [139.50268106917613, 35.55889921700217], [139.50278412130967, 35.558910036865875], [139.5030414494768, 35.558955725611256], [139.50337413782432, 35.55901352931938], [139.50338886304579, 35.559016315538386], [139.50339373011346, 35.559001153797404], [139.50341385820136, 35.55893723362414], [139.50340862427254, 35.558868700453594], [139.50340026865993, 35.558752413887696], [139.5033824062351, 35.55853782974142], [139.50337725012963, 35.5584503819189]]]}, "properties": {"name": "横浜市青葉区鴨志田町", "town": "鴨志田町", "population": 0, "households": 0}}, {"type": "Feature", "geometry": {"type": "Polygon", "coordinates": [[[139.50873996668145, 35.57559663465112], [139.5088429743756, 35.57549508629592], [139.5089093883312, 35.575436572689576], [139.5090695817934, 35.57525616820262], [139.50912035526426, 35.57499842201932], [139.50916303972673, 35.57472114853877], [139.509048218318, 35.57442816300008], [139.5089870953155, 35.57422687133717], [139.50896161631837, 35.57414292767739], [139.5089524926697, 35.57388797729838], [139.50898571530502, 35.57374532304491], [139.5091764283758, 35.57348732932831], [139.5093471311741, 35.57331123253014], [139.50944792416004, 35.57331805594359], [139.50945692091724, 35.57322216542575], [139.50943530862364, 35.57322026305589], [139.5093241479623, 35.57321047926309], [139.50934421929364, 35.573119310942104], [139.509429386625, 35.57313453247877], [139.50942183748742, 35.57309124522821], [139.50939669061512, 35.57303438961723], [139.5093594001302, 35.572979303619604], [139.50932535842637, 35.57293955075557], [139.50931170222006, 35.57292360031276], [139.50930559390457, 35.57291606083848], [139.50926057239352, 35.5728627559953], [139.5092078932642, 35.57279320393027], [139.5091563643769, 35.572711936921515], [139.5091114847764, 35.57262347703341], [139.50907212899594, 35.57253322935266], [139.50904379106288, 35.5724466171263], [139.50904051758016, 35.57243759417016], [139.50903834712355, 35.57242857424002], [139.50903617666734, 35.57241955430972], [139.50903400688497, 35.57241053438114], [139.50903183642959, 35.5724015144505], [139.5090307689996, 35.57239249754613], [139.50902859559014, 35.572384379334835], [139.50902752453473, 35.57237626359787], [139.50902432722023, 35.57234831171993], [139.50902222567967, 35.57232216520319], [139.50902232723303, 35.5722969264592], [139.50902463188066, 35.57227259493822], [139.50902913599268, 35.57225007235828], [139.5090358388944, 35.57222935871772], [139.5090447485119, 35.57220865113298], [139.50905696128822, 35.57218975496764], [139.5090957541853, 35.57214569326796], [139.50914886068824, 35.572108881354254], [139.50921297467536, 35.57207841006312], [139.5092847900431, 35.57205336748206], [139.50936430132677, 35.57203465323784], [139.50936842856603, 35.572033800058506], [139.50951308209136, 35.571987132698695], [139.50968103440118, 35.571916037288034], [139.50978818223825, 35.57187069297159], [139.5100290107923, 35.57172451365814], [139.51037199253764, 35.57141854079984], [139.51054451886867, 35.57130833747888], [139.5107269950829, 35.57123685840536], [139.51086790790882, 35.57114843562163], [139.51099720411904, 35.57104973580102], [139.5110813275691, 35.570963555674446], [139.5112018884791, 35.57079684178916], [139.51127709689786, 35.570639440283095], [139.51136333332474, 35.57037524016373], [139.51150630710626, 35.570212882881016], [139.5117135711166, 35.57008477987575], [139.51226921254784, 35.5698675791739], [139.5125724100145, 35.56971744746824], [139.51281719478965, 35.56949117550736], [139.512890506231, 35.56931722475282], [139.51293375918848, 35.569116469828444], [139.5128995465376, 35.56868421150727], [139.51276672178196, 35.567964343027796], [139.51274014772451, 35.567691325247345], [139.51279691224795, 35.567387476586894], [139.51283555921614, 35.56726047233202], [139.512974462737, 35.567155849956016], [139.51320719600932, 35.56712837615371], [139.51374863962621, 35.567127256751085], [139.51382942546502, 35.566910160160774], [139.51377634941613, 35.56673858026449], [139.51369868705828, 35.56629237230168], [139.51368315937034, 35.56589086711684], [139.51373147560733, 35.565581186163435], [139.51372089602225, 35.56523050625874], [139.51365982131045, 35.564844687979615], [139.51363458580252, 35.56479162961027], [139.5135193919181, 35.56425342102538], [139.5133400812773, 35.564264206513855], [139.51311944664417, 35.56426361351553], [139.51310178194257, 35.56481259341591], [139.512940434023, 35.56486261479661], [139.51267178820302, 35.56490062246303], [139.51259562936377, 35.564941298329146], [139.51202250128702, 35.565834858498185], [139.51131702379038, 35.56552599747965], [139.51108861336655, 35.5658992024103], [139.51078144364675, 35.56643933842792], [139.50861997031015, 35.56560985023423], [139.50883008558475, 35.56516062027871], [139.50908058819962, 35.564842202912615], [139.50897050741585, 35.56486823566231], [139.5088422357503, 35.56493745779595], [139.50875476453328, 35.565046895262405], [139.50855968463858, 35.56536398659324], [139.50840618147626, 35.56563542008791], [139.50821856217559, 35.56581781882592], [139.50806526924083, 35.5659360878599], [139.5079430720859, 35.56601088889305], [139.507870636335, 35.566072974742845], [139.50771465658843, 35.56608282487619], [139.50724818492043, 35.56620807744678], [139.50710654570506, 35.566204269263544], [139.50688386919808, 35.56617358237836], [139.50686397819817, 35.566253735640295], [139.50687339523026, 35.56632791518194], [139.5063161132867, 35.56631682519516], [139.50633896628915, 35.56648325693361], [139.50599355027845, 35.56654331585867], [139.50581848719597, 35.566540434348624], [139.50550603515407, 35.566664843222576], [139.5051173465987, 35.56672069488841], [139.50477004353593, 35.566651945061295], [139.50431103918746, 35.56692481225768], [139.50423014581614, 35.566925641855796], [139.5038340715514, 35.56668552490282], [139.5036561052639, 35.56654981812728], [139.50355098351983, 35.56616935560867], [139.50347465387136, 35.56605058722261], [139.50337191342666, 35.565967237979066], [139.50331142697436, 35.56603108049066], [139.50319564145133, 35.56618040039903], [139.5030736809829, 35.56621752266238], [139.50300345792303, 35.56621778269921], [139.50211427773297, 35.56571511646906], [139.50207018273503, 35.56568590775466], [139.5019017280424, 35.56547614113132], [139.50181336495993, 35.56541275936699], [139.50161167826752, 35.56538736707188], [139.50143262633182, 35.5653755592068], [139.50105185466708, 35.56511660124791], [139.50099810386592, 35.5650935629172], [139.5007958698576, 35.565054997627755], [139.5004828952862, 35.56490390351095], [139.5003956886273, 35.564764608765294], [139.50032159171394, 35.56457612751077], [139.50028713253892, 35.56454078335086], [139.49933634989478, 35.56444072746456], [139.499339345875, 35.564419715114724], [139.49931102688765, 35.56441079671782], [139.49930282171263, 35.56450865950327], [139.49919025962492, 35.564602000387715], [139.49904516375392, 35.56464310143447], [139.4989083820826, 35.56464855793617], [139.4988170424216, 35.564596819221066], [139.49870270188848, 35.564469875768076], [139.49857275753263, 35.564343908268796], [139.49843637997, 35.564272642429884], [139.49829115455003, 35.56427222851679], [139.49817972572225, 35.56433673271741], [139.49810320210221, 35.56443739374997], [139.49799547131732, 35.56454000715134], [139.49789592476915, 35.564565462324765], [139.49761966681905, 35.56446787910466], [139.49742660094876, 35.56429799860669], [139.49716879035833, 35.5641481422167], [139.49693994446787, 35.564053967022765], [139.49675944943098, 35.564094082479365], [139.49665776372586, 35.5642186818975], [139.49660956056402, 35.56436864565565], [139.49651095218488, 35.5645250130947], [139.49640496939415, 35.56460516213991], [139.49628932521387, 35.56466672709166], [139.49629855827033, 35.564761964466435], [139.49642905844033, 35.565095545844784], [139.49655141429727, 35.565305054532175], [139.49666780735532, 35.56553408789157], [139.4966821078426, 35.565721627964244], [139.496592988748, 35.56605626046626], [139.49666883211023, 35.566150494563985], [139.49679014425283, 35.56618757118341], [139.49698359665155, 35.56628080014315], [139.49708284486985, 35.56637354773104], [139.49719718549719, 35.5665004923815], [139.49733010220294, 35.56661668066852], [139.49747114285904, 35.56685694056203], [139.49740301840205, 35.56696347002109], [139.497338590779, 35.56710807359192], [139.49742101846346, 35.56718911837316], [139.49759578991717, 35.567251552733005], [139.4977209064593, 35.56736824562545], [139.49791765540633, 35.56757623345834], [139.49808003064928, 35.567712926587326], [139.49830211004615, 35.56773725525794], [139.4986716631177, 35.56770436290957], [139.49898783887116, 35.567687620052695], [139.49922325792056, 35.56776860327508], [139.49952007218153, 35.567915991967], [139.50013649208415, 35.56820290866252], [139.5004188142246, 35.568322437179184], [139.5006715923265, 35.568379981099355], [139.50095123963663, 35.56839108690959], [139.5004610658997, 35.56976676121742], [139.500332569359, 35.57018055327935], [139.50038598055895, 35.57040718556808], [139.50053932498187, 35.570531667665925], [139.50074828713556, 35.57058236389853], [139.50121338720982, 35.570604130243915], [139.50153256519172, 35.57057759857386], [139.50159365300993, 35.57076220902205], [139.50170565652127, 35.570905271897175], [139.50188908176415, 35.57105659630033], [139.502075259114, 35.571115113172795], [139.5022246851632, 35.57111848888419], [139.50258666760865, 35.57116911620515], [139.50280195276258, 35.57112355837864], [139.50312505438757, 35.571218158767905], [139.50335230694125, 35.57137632918371], [139.50351796011893, 35.57138503186282], [139.50369312318827, 35.571370768927586], [139.50392970914316, 35.57142294096125], [139.50416997514913, 35.571513188350764], [139.5042653154589, 35.57148479197571], [139.50434491643261, 35.5714158944708], [139.50450092618462, 35.57140604831202], [139.50456662932646, 35.57151689971123], [139.50466589382654, 35.57160964018241], [139.50480095616342, 35.57162667079025], [139.5049455510244, 35.571620734242025], [139.50511938320017, 35.571552274854376], [139.5053540392147, 35.57134260901079], [139.50555795124603, 35.571300992683554], [139.50582918569472, 35.57130621702327], [139.50606856862137, 35.57150832300971], [139.50641630370322, 35.5716141094386], [139.5065408180381, 35.57172445396188], [139.50659563838727, 35.571804041793776], [139.50662483622915, 35.5719427479996], [139.50662763372023, 35.57209268504656], [139.50669689179352, 35.572401360108735], [139.50678091029192, 35.5726196543154], [139.50689656777402, 35.57300204928802], [139.50726688739726, 35.57346098932519], [139.50740151930717, 35.573755935384234], [139.5074100722358, 35.5742473299384], [139.50739769723094, 35.57476556475283], [139.50743150750907, 35.57552294020546], [139.50754708512648, 35.57551596913919], [139.5078767032974, 35.57550141671569], [139.50830059791957, 35.575589234017635], [139.50835337621217, 35.57559916674826], [139.50848422534676, 35.57563142687562], [139.5084685501228, 35.5756497634577], [139.508514786947, 35.575651967554585], [139.50857551796642, 35.57564030303816], [139.50873996668145, 35.57559663465112]]]}, "properties": {"name": "横浜市青葉区寺家町", "town": "寺家町", "population": 399, "households": 111}}, {"type": "Feature", "geometry": {"type": "Polygon", "coordinates": [[[139.50947062301933, 35.573854845541696], [139.50954150897638, 35.5737874315548], [139.5095357036587, 35.573773683183624], [139.5094281582621, 35.57379395745396], [139.509405074059, 35.57368829760556], [139.50947059767384, 35.573678861415665], [139.50944555093045, 35.57364312657682], [139.5093765819175, 35.57367860836065], [139.50933317849737, 35.57361539374868], [139.50929945045436, 35.5736218526882], [139.50928748535978, 35.57358034138636], [139.5091281657874, 35.57368898869455], [139.50907503877718, 35.573728489992284], [139.50904956307494, 35.57375637814462], [139.50901962658023, 35.57378964023017], [139.5089941147117, 35.573826507043435], [139.50897854061932, 35.57385713245802], [139.508972915231, 35.573884158967935], [139.5089694915294, 35.573910276029345], [139.50897267589139, 35.57394362996947], [139.50898244678024, 35.573984219626276], [139.50900211212814, 35.57402934337321], [139.50902623474852, 35.574069972334485], [139.50905475695532, 35.5741097325142], [139.50912775274688, 35.57406486256259], [139.5092040670285, 35.57402000166997], [139.5092803849163, 35.573974225276274], [139.5093544704963, 35.573931151668944], [139.50941750830586, 35.573891673402045], [139.50947062301933, 35.573854845541696]]]}, "properties": {"name": "横浜市青葉区寺家町", "town": "寺家町", "population": 0, "households": 0}}, {"type": "Feature", "geometry": {"type": "Polygon", "coordinates": [[[139.52404018681568, 35.571411525500466], [139.52419241636315, 35.571397270343056], [139.52434229121405, 35.571417971658], [139.52466228981328, 35.571500198002326], [139.52506124496222, 35.5712632793774], [139.5252515211453, 35.571245458230266], [139.52533966562663, 35.57125895869085], [139.5259106668927, 35.57144576264373], [139.52591413163105, 35.57126197898049], [139.52596911050534, 35.571153077358986], [139.52619234189217, 35.57087479155588], [139.52644792734964, 35.57060457991586], [139.52650342391718, 35.57054592287814], [139.52665469214475, 35.57063566957938], [139.52728004622858, 35.57088168685094], [139.52740359709844, 35.5707199336446], [139.52748763586516, 35.57065765187553], [139.52760135315654, 35.57061646548422], [139.52810599290626, 35.57056968777355], [139.52813902447363, 35.57054751893836], [139.52900710881397, 35.57050264730929], [139.52912173302155, 35.57050568343798], [139.52942224049718, 35.570506197687436], [139.52958701227263, 35.57051355069226], [139.52987971496069, 35.570560907524644], [139.52992014952966, 35.57032496711491], [139.53026479324976, 35.57034650556328], [139.5303016033854, 35.57012844159289], [139.5303054560724, 35.56974291146934], [139.5302969464607, 35.569509595172654], [139.53027022552843, 35.56928306346429], [139.53025915734722, 35.5691054066736], [139.5302108399346, 35.568902973816776], [139.53017744424196, 35.56884560448402], [139.5300535212897, 35.56837549843469], [139.52992152967093, 35.56817496611502], [139.52972775997796, 35.56800906510039], [139.52959360071154, 35.56788042317269], [139.52950240791642, 35.567694817077616], [139.5291966738591, 35.56731023038364], [139.52911987064908, 35.5671375469086], [139.5288983360988, 35.5667724308678], [139.52883810598544, 35.56664415256585], [139.52880862952145, 35.566548204229385], [139.52879289077035, 35.56640370117226], [139.52877961489048, 35.56606006268781], [139.52874610075068, 35.565458467311494], [139.5287688440085, 35.56517861324079], [139.52876981672514, 35.56516667984782], [139.5287718084517, 35.56504563626699], [139.52880319343762, 35.5649010073031], [139.52889368425164, 35.56477775811618], [139.52900217124767, 35.56469870768684], [139.52919248786617, 35.56443364277123], [139.52936775684418, 35.56423300775087], [139.529440035219, 35.56411650739801], [139.52949162003014, 35.563844050161045], [139.52953025762372, 35.56342396332453], [139.52957015360667, 35.562989971513886], [139.52961870820639, 35.5628510538417], [139.52976186466242, 35.56269089782223], [139.52982363541108, 35.562583596530644], [139.5299206041211, 35.56229128913373], [139.52991308835135, 35.5621941295064], [139.5298778679675, 35.56173871664857], [139.5298773710652, 35.561546473546805], [139.52998213977145, 35.561164122330936], [139.53000372632758, 35.56108530875038], [139.53000389490828, 35.56097320379291], [139.52990520950047, 35.56072656262409], [139.52997048469643, 35.56051343097986], [139.53006311474599, 35.56017812386802], [139.5300184260595, 35.56009431872053], [139.529721044778, 35.559374776040556], [139.52919709950035, 35.55809853354489], [139.5291776951274, 35.557972365851754], [139.52920240577296, 35.55751580363479], [139.52916766092943, 35.557418433265305], [139.5291605440284, 35.55730719006451], [139.52918370453153, 35.55706462392289], [139.5287706545668, 35.55735802987969], [139.52805883792436, 35.55776493022003], [139.52741305217248, 35.55808129439443], [139.52741581448726, 35.55808587877493], [139.52643013268994, 35.558570199725054], [139.52615014349382, 35.55864680191045], [139.52576803705955, 35.55868828686592], [139.52536565425248, 35.5586798985511], [139.5248293996029, 35.558714576749765], [139.52483158282845, 35.5587182781908], [139.52431139740588, 35.5587370100101], [139.52405083422272, 35.55879214625865], [139.52392051356057, 35.55885761580207], [139.52371020003164, 35.55903868187111], [139.52341722359895, 35.55938938163626], [139.52332516243604, 35.55952751448903], [139.5231303059105, 35.55976622120845], [139.52309273629754, 35.559797918911634], [139.5228131514373, 35.5600338340418], [139.52251591024523, 35.56018949807349], [139.52213149137805, 35.560307367932836], [139.52181004450367, 35.56034413854532], [139.52166622627934, 35.5603605928394], [139.5211908662137, 35.56038212155864], [139.5207149751145, 35.56030802238274], [139.5201302283411, 35.56022511234343], [139.51971127043453, 35.56010024704371], [139.51908470728645, 35.55992391780388], [139.51801764512751, 35.559987984080074], [139.51710766551219, 35.560042637493545], [139.51700727197274, 35.56005666432237], [139.5166728718016, 35.560103340177825], [139.51640537046143, 35.56018765631555], [139.51610559473016, 35.5603857520988], [139.51583679071672, 35.56067262203057], [139.51530168478138, 35.56112595200767], [139.51491439309694, 35.56140792657402], [139.51466109028703, 35.5616099818711], [139.5145016988953, 35.56172215482846], [139.51411054852667, 35.56216654281231], [139.51380510573202, 35.56256186701425], [139.51334535520104, 35.56324623563035], [139.5133411285271, 35.563252526814495], [139.51319432993134, 35.563539057091], [139.51313320681388, 35.5637160678091], [139.51313538909102, 35.5638760669829], [139.51311944664417, 35.56426361351553], [139.5133400812773, 35.564264206513855], [139.5135193919181, 35.56425342102538], [139.51363458580252, 35.56479162961027], [139.51365982131045, 35.564844687979615], [139.51372089602225, 35.56523050625874], [139.51373147560733, 35.565581186163435], [139.51368315937034, 35.56589086711684], [139.51369868705828, 35.56629237230168], [139.51377634941613, 35.56673858026449], [139.51382942546502, 35.566910160160774], [139.51374863962621, 35.567127256751085], [139.51387756754377, 35.56712996080171], [139.51374679239353, 35.56776845622176], [139.51416692087113, 35.56786063100151], [139.51455250786745, 35.56799686544527], [139.5148139838466, 35.56813276768653], [139.514992808689, 35.568245914929186], [139.5152956120589, 35.568393192933534], [139.5155570454904, 35.56854036000241], [139.515680895032, 35.56865578972218], [139.51598845810852, 35.56889148864705], [139.51628565928556, 35.569104519799524], [139.51651977763345, 35.56921281070962], [139.516969074891, 35.569325578485554], [139.51730908381364, 35.569400135193206], [139.51757711563698, 35.56948217709379], [139.51791756820836, 35.569543212068616], [139.51815451608817, 35.56955718075144], [139.5183727601355, 35.56964264561215], [139.51856760074722, 35.569772587101866], [139.5187457259566, 35.569906675225575], [139.5190360719778, 35.57004714938427], [139.51927897058496, 35.57016506971513], [139.5195056732376, 35.57033614788452], [139.51960766902542, 35.570432677797854], [139.51975527761763, 35.57048073900351], [139.51999734779855, 35.570508271864064], [139.52021320010124, 35.57049028089139], [139.52030667373145, 35.57051288258443], [139.5208488558877, 35.57064742500557], [139.52106831904217, 35.570692466473325], [139.5212295057521, 35.57083967325308], [139.52134117399567, 35.57098136430609], [139.52153184499753, 35.571066256886574], [139.52172182515588, 35.57117364646983], [139.52183309742801, 35.57132878535986], [139.52187224502586, 35.571495953872294], [139.52195027661418, 35.571654914352024], [139.5219973461431, 35.57174133404922], [139.5221320456593, 35.571852028646646], [139.5224528241576, 35.572016054336565], [139.5227932731441, 35.57223656979141], [139.5228770563018, 35.57224153904757], [139.52292884465672, 35.57210664568719], [139.52316348304143, 35.57187455431345], [139.52333057744852, 35.57172270594473], [139.5235145932429, 35.57160804721883], [139.52371951666987, 35.571508616154986], [139.52386194111284, 35.57146120430139], [139.52404018681568, 35.571411525500466]]]}, "properties": {"name": "横浜市青葉区鉄町", "town": "鉄町", "population": 2925, "households": 1037}}, {"type": "Feature", "geometry": {"type": "Polygon", "coordinates": [[[139.53894975597544, 35.563705761670136], [139.53923461389093, 35.56335373436854], [139.53927465531362, 35.56330425776925], [139.53910142851353, 35.56321672937789], [139.5389538950998, 35.563137289911396], [139.5394586610506, 35.562487681522654], [139.53960906945514, 35.56229411773592], [139.53902684059415, 35.56200965572096], [139.53899324719433, 35.5619932706831], [139.53878053344584, 35.562086125469506], [139.53879639602403, 35.5620030007022], [139.53883708238132, 35.56193623934901], [139.53911133134628, 35.56171385925276], [139.53914477997535, 35.561599547571355], [139.5391425967058, 35.56147335214563], [139.53920666454945, 35.56135288219086], [139.53918515018358, 35.56118695631321], [139.5391767918766, 35.561122503385334], [139.53914297779664, 35.56109622522156], [139.538992466223, 35.56097935059675], [139.53896397158292, 35.56090671522322], [139.5389825882942, 35.56083046253082], [139.5390669806902, 35.56077795931981], [139.53918444492078, 35.560730606204984], [139.53932654256397, 35.5604831845797], [139.5393802879683, 35.560439128213666], [139.5394446793692, 35.56020151550264], [139.53952019570235, 35.55996185239717], [139.53949390366714, 35.559805917092326], [139.53920088033823, 35.55958859667369], [139.53908636719302, 35.559525609480936], [139.53897283162394, 35.55953022817943], [139.53889948847362, 35.55947924077527], [139.53883471420002, 35.55947063270337], [139.53883529190196, 35.55936669669771], [139.5388535658224, 35.559324806351576], [139.5389813240064, 35.5592322000951], [139.5390288399267, 35.559176792853066], [139.53916070484655, 35.55909158865466], [139.53921344852654, 35.55894941853629], [139.539215673605, 35.5589434205695], [139.53926336073715, 35.558882765479886], [139.53914708090795, 35.55875572890136], [139.53900751199757, 35.55869261179754], [139.5388839240277, 35.55863108076286], [139.53877167098165, 35.55852813639713], [139.5387223611071, 35.558474357254624], [139.5385633070764, 35.55840263559462], [139.53835851378977, 35.55837734893717], [139.53814128902363, 35.55828865487036], [139.53797009664314, 35.55820197474129], [139.5376448633122, 35.55868403950463], [139.53665301701116, 35.55824635382965], [139.53634594555038, 35.558119762623384], [139.53634166444172, 35.558117921968524], [139.53598194038503, 35.55796218816888], [139.53602294592304, 35.55781606636813], [139.53609622167644, 35.557382080960494], [139.5358496840597, 35.557355737902505], [139.53577220527956, 35.557236575339495], [139.53569153351748, 35.55711254677724], [139.53565581190256, 35.556997923024895], [139.53565877605396, 35.55691367426344], [139.5355776022067, 35.556774610333214], [139.53534670500642, 35.55665661931209], [139.5351469036359, 35.556531064683256], [139.53504803557163, 35.55648600055596], [139.53488956676887, 35.55646698398617], [139.53480083249963, 35.55637955455164], [139.5347501770601, 35.55628348324355], [139.53463905082884, 35.556307433116075], [139.53485930336674, 35.556867870669684], [139.53476608631323, 35.55697597977333], [139.53484246317154, 35.557021165060505], [139.53485316253912, 35.55712100951417], [139.53476717419386, 35.55721466435786], [139.5348539919186, 35.55725610850701], [139.53471835074166, 35.557290454720786], [139.5347645414239, 35.55742253234935], [139.53458644101562, 35.55751905865997], [139.5345461451283, 35.5575155791069], [139.53432335971624, 35.55761840321926], [139.5342369518927, 35.55770842899688], [139.53429931448753, 35.5577740377219], [139.53419602232756, 35.55785620570252], [139.53401457930778, 35.55772882462839], [139.53397190826482, 35.55773223922633], [139.53359025502937, 35.55811330646436], [139.53332079452676, 35.55835388626863], [139.5329611879678, 35.55848621872794], [139.53284007352718, 35.55851795552662], [139.53273514281076, 35.55849699011371], [139.53250420747156, 35.558365223775915], [139.53329832769793, 35.5575752528349], [139.53222456663724, 35.55687011115639], [139.52967783461304, 35.557830401228706], [139.53033097190337, 35.558262585137555], [139.53146589673727, 35.55899191176523], [139.53063314018328, 35.55964449074821], [139.53022801530904, 35.55992517625904], [139.5300184260595, 35.560094318720516], [139.53006311474599, 35.56017812386802], [139.52997048469643, 35.56051343097986], [139.52990520950047, 35.56072656262409], [139.53000389490828, 35.56097320379289], [139.53000372632758, 35.56108530875038], [139.52998213977145, 35.561164122330936], [139.5298773710652, 35.561546473546805], [139.5298778679675, 35.56173871664856], [139.52991308835135, 35.5621941295064], [139.5299206041211, 35.56229128913373], [139.52982363541108, 35.562583596530644], [139.52976186466242, 35.56269089782223], [139.52961870820639, 35.5628510538417], [139.52957015360667, 35.562989971513886], [139.52953025762372, 35.56342396332453], [139.5296071441235, 35.563358880260395], [139.52991662034287, 35.56314094407013], [139.53044797535318, 35.5632636856234], [139.5310274024656, 35.56338063127801], [139.5311698299745, 35.56360625709195], [139.53139346149464, 35.56359970735919], [139.53157908255707, 35.56359929425317], [139.53162774981718, 35.56360075392674], [139.53197193175785, 35.56362246189468], [139.53212495267346, 35.56362816292041], [139.53220414568028, 35.563631002207565], [139.53224868119094, 35.563631114151725], [139.53231918727954, 35.56364639475128], [139.53234898542055, 35.563692170750684], [139.53236531824055, 35.56371481615266], [139.53237856689566, 35.5637325599524], [139.53278212501138, 35.563527280820175], [139.53290666999237, 35.56347337030295], [139.5330649282921, 35.56341000231784], [139.53316887354606, 35.56340800880925], [139.53325610489338, 35.56343347169009], [139.5333465783897, 35.56348453956341], [139.53345835252023, 35.5636759332877], [139.5329262886324, 35.563911349437745], [139.53248465924045, 35.56417899429616], [139.53224190248997, 35.564366014751535], [139.532030077322, 35.56458349771344], [139.53194766140126, 35.56470944481664], [139.53186777994915, 35.56483156099258], [139.53176151992193, 35.565029062148376], [139.5316549941503, 35.56530261511272], [139.53159198032768, 35.56555092681777], [139.53156620199402, 35.56580394442961], [139.5315659702528, 35.56586524273656], [139.5317652760058, 35.56735413380993], [139.53223045157, 35.56740181255678], [139.53239544740552, 35.56741071146043], [139.53309921470455, 35.56751014202087], [139.53350537744686, 35.56764280422012], [139.53417973310096, 35.567915558791164], [139.53439527556117, 35.56802922145828], [139.5349860907534, 35.568336083023304], [139.53471797916865, 35.568716311712585], [139.5346005491375, 35.56888284172863], [139.5342196146956, 35.56942309599232], [139.53382815742629, 35.57031495329981], [139.53392742394698, 35.57043181375229], [139.5337507929884, 35.570449540726365], [139.53357821195337, 35.570905740766506], [139.53331529100197, 35.57170961385858], [139.53320653135674, 35.57215959647247], [139.5331196166587, 35.572519112320855], [139.5330619698673, 35.57285377313878], [139.5329909301382, 35.57326621166077], [139.5329306616324, 35.57361604042587], [139.5328826634099, 35.57389470627733], [139.5328784459463, 35.5739214547199], [139.53291356785462, 35.57391671910804], [139.53332167734058, 35.57382102029394], [139.53359843529375, 35.57372791321921], [139.53384135232074, 35.573660460052075], [139.5344059057785, 35.573453883428144], [139.5360911346622, 35.572837190733125], [139.5372336868134, 35.57241910172077], [139.53723753636285, 35.57241769232265], [139.53811248865014, 35.57209746753743], [139.5383913699003, 35.57199639386864], [139.53872755922933, 35.571874543289475], [139.53871638214667, 35.57185518572066], [139.53829448245955, 35.57120574088859], [139.53809648291806, 35.57090095076884], [139.537993619084, 35.570735427409254], [139.5379282737377, 35.57062168314544], [139.5378598254977, 35.57041452140197], [139.53784585420294, 35.57024101182346], [139.53787370661422, 35.569536759211076], [139.53787443773356, 35.56950820601816], [139.5378882212055, 35.568973874539324], [139.53789852317772, 35.5687342672731], [139.537915915174, 35.56847105324325], [139.53809793969546, 35.56798853726409], [139.53835228623782, 35.56733881390171], [139.5387545364752, 35.56628856283476], [139.53884503642655, 35.566076756025296], [139.53918259283418, 35.56567007013702], [139.53964532164875, 35.56513028195389], [139.53999120709437, 35.56472372166779], [139.53960591085118, 35.56448614560164], [139.53922880116139, 35.56427823401959], [139.5387061668008, 35.56406609370623], [139.5386676652029, 35.56405434573546], [139.53894975597544, 35.563705761670136]]]}, "properties": {"name": "横浜市青葉区大場町", "town": "大場町", "population": 9214, "households": 3416}}, {"type": "Feature", "geometry": {"type": "Polygon", "coordinates": [[[139.52213730546103, 35.53404318009188], [139.52238150199102, 35.533707539311585], [139.52263205296077, 35.53333149274185], [139.52269074061718, 35.533235269663884], [139.52279372111684, 35.532925712607216], [139.52281594988455, 35.53289122687801], [139.52281752580748, 35.532888654451554], [139.52285162055009, 35.53283297288594], [139.52295040557973, 35.53274393043758], [139.52316277860047, 35.53251271324634], [139.52325921218844, 35.53239039059203], [139.52332092725317, 35.53228551343869], [139.52362155081275, 35.53174280076688], [139.5236287957272, 35.53136430569033], [139.52362527596557, 35.530990638973186], [139.52364181122908, 35.529914959556244], [139.52364235577613, 35.529879502098815], [139.5236449477042, 35.5296607808106], [139.52359854084384, 35.52954563008086], [139.5233621320219, 35.52914783554656], [139.5233496280449, 35.52912679488054], [139.5230280576974, 35.52866703693581], [139.52214520427754, 35.52760577945799], [139.522079758729, 35.52770655870732], [139.52181161401052, 35.52805110837933], [139.52147821630356, 35.528440501081114], [139.52139303679803, 35.5285306241933], [139.52038099298667, 35.52959228433774], [139.52025261423202, 35.529713630133664], [139.51978469923003, 35.53009547259917], [139.51961965445287, 35.53017365614169], [139.5192664409796, 35.53037171989417], [139.51905990326884, 35.53045137629937], [139.5188137427088, 35.53051832022722], [139.5185698482606, 35.530566362107685], [139.51828186529934, 35.53060343865909], [139.5179345237408, 35.530595287445834], [139.51733160309442, 35.530521552110855], [139.51732576116433, 35.53140197211297], [139.51733927605642, 35.532061957665746], [139.51733813057425, 35.532090627412536], [139.51733274088386, 35.532225493266594], [139.51733364591465, 35.53225931229961], [139.51733705049693, 35.53238662772586], [139.517340681071, 35.532522513833534], [139.5173440692344, 35.53264903459674], [139.51735148408625, 35.53292580875811], [139.51738687553035, 35.533337197252614], [139.51744275293893, 35.53408240068894], [139.5174607031109, 35.53408044273866], [139.51805374842064, 35.53401574433582], [139.5180755530413, 35.53401390242235], [139.51840838472427, 35.53398592785849], [139.51851553083702, 35.53400632215942], [139.5187891346535, 35.53412804455597], [139.5192455408785, 35.53433574858138], [139.51938411023605, 35.53440200071548], [139.5193991551538, 35.534409193921434], [139.51972437623562, 35.534564638742076], [139.51998684635467, 35.53474330031706], [139.52013278590007, 35.534876859955865], [139.52037250114097, 35.535086442712945], [139.52048877620942, 35.53521559052512], [139.52054974429691, 35.53532613994363], [139.52077889053868, 35.53599766120776], [139.5208007358266, 35.536013740769434], [139.52103497524493, 35.535966166980884], [139.52139504071098, 35.53592188598048], [139.52139249333513, 35.53588938009108], [139.52137564534127, 35.535578985431464], [139.5214307372887, 35.535445155700664], [139.52163310421568, 35.53496415348841], [139.52165314585693, 35.53491632029383], [139.52173535988373, 35.534679043776094], [139.52181535139812, 35.534504854250585], [139.5219806168861, 35.53424774316898], [139.52213730546103, 35.53404318009188]]]}, "properties": {"name": "横浜市青葉区さつきが丘", "town": "さつきが丘", "population": 3653, "households": 1568}}, {"type": "Feature", "geometry": {"type": "Polygon", "coordinates": [[[139.52686136372938, 35.572698857794215], [139.52704727935767, 35.57267250209228], [139.52721647733267, 35.572684270806135], [139.52754849525658, 35.57279831411129], [139.52779022745293, 35.57287779789707], [139.52830231349324, 35.573052892659675], [139.52900770941685, 35.573281041469194], [139.52939559029497, 35.57340029138193], [139.52941599637833, 35.573394639132836], [139.52960077350676, 35.57302671277392], [139.52989577251478, 35.57242524032449], [139.52999603868759, 35.57222585743013], [139.53015293110312, 35.57191387752471], [139.53016288856546, 35.571890206865135], [139.53021903614174, 35.57167588986014], [139.5302789377769, 35.57139760606076], [139.53026330498244, 35.57105860811429], [139.5302370094951, 35.57073007503645], [139.53024699748488, 35.57051071108954], [139.53026479324976, 35.57034650556328], [139.52992014952966, 35.57032496711491], [139.52987971496069, 35.570560907524644], [139.52958701227263, 35.57051355069226], [139.52942224049718, 35.570506197687436], [139.52912173302155, 35.57050568343798], [139.52900710881397, 35.57050264730929], [139.52813902447363, 35.57054751893836], [139.52810599290626, 35.57056968777355], [139.52760135315654, 35.57061646548422], [139.52748763586516, 35.57065765187553], [139.52740359709844, 35.5707199336446], [139.52728004622858, 35.57088168685094], [139.52665469214475, 35.57063566957938], [139.52650342391718, 35.57054592287814], [139.52644792734964, 35.57060457991586], [139.52619234189217, 35.57087479155588], [139.52596911050534, 35.571153077358986], [139.52591413163105, 35.57126197898049], [139.5259106668927, 35.57144576264373], [139.52533966562663, 35.57125895869085], [139.5252515211453, 35.571245458230266], [139.52506124496222, 35.5712632793774], [139.52466228981328, 35.571500198002326], [139.52434229121405, 35.571417971658], [139.52419241636315, 35.571397270343056], [139.52404018681568, 35.571411525500466], [139.52386194111284, 35.57146120430139], [139.52371951666987, 35.571508616154986], [139.5235145932429, 35.57160804721883], [139.52333057744852, 35.57172270594473], [139.52316348304143, 35.57187455431345], [139.52292884465672, 35.57210664568719], [139.5228770563018, 35.57224153904757], [139.523233944607, 35.57248026368526], [139.52352966639617, 35.57263341261732], [139.5236586961385, 35.572712085750865], [139.52370575227735, 35.57275836628594], [139.5237739735111, 35.572825474763434], [139.52389660390642, 35.573076796398766], [139.5240825985102, 35.57330338872147], [139.52445434505782, 35.57355823860299], [139.52450881497484, 35.57360996065165], [139.52451289161436, 35.57375394089285], [139.524404374691, 35.57388108383514], [139.5242543872179, 35.573944040378215], [139.52412892783101, 35.574027690250055], [139.52395121413267, 35.574216376844305], [139.52377817281308, 35.57437782221142], [139.52365315383994, 35.574558757286304], [139.52351369310068, 35.57472416183927], [139.52339477514136, 35.57483712292105], [139.5232898033424, 35.57486611081873], [139.52329246833796, 35.574901256442516], [139.52321528918156, 35.57490957836487], [139.5231890915543, 35.57499116076944], [139.52334295110555, 35.57511989479839], [139.5233919805554, 35.575140794731894], [139.5234484650631, 35.57521231054344], [139.5236282063976, 35.5753518497769], [139.52369452056848, 35.575366913676504], [139.52374363568333, 35.57544379625342], [139.52389700525944, 35.575565839126945], [139.5240797249357, 35.575615778603954], [139.5243951092042, 35.57535811978919], [139.52491339595866, 35.57491729564126], [139.52500990467942, 35.574763573180654], [139.52516170400222, 35.574477044364], [139.5253375534963, 35.574145120868536], [139.52554248042605, 35.573749365851576], [139.5257446071654, 35.57336934287546], [139.52579020235905, 35.573268937977474], [139.52597231732204, 35.573077161483674], [139.52604699660932, 35.57301221613294], [139.52634915948795, 35.57285366726315], [139.52657613402448, 35.57275203436236], [139.52686136372938, 35.572698857794215]]]}, "properties": {"name": "横浜市青葉区もみの木台", "town": "もみの木台", "population": 1906, "households": 822}}, {"type": "Feature", "geometry": {"type": "Polygon", "coordinates": [[[139.53227214338096, 35.57730561751096], [139.53253811830191, 35.57589210685499], [139.53274295727473, 35.5748034950692], [139.5327436608397, 35.57479976520558], [139.5328196152889, 35.574404976863235], [139.53291356785462, 35.57391671910804], [139.5328784459463, 35.5739214547199], [139.5328826634099, 35.57389470627733], [139.5329306616324, 35.57361604042587], [139.5329909301382, 35.57326621166077], [139.5330619698673, 35.57285377313878], [139.53266828758683, 35.57272381576459], [139.53258634071196, 35.572696988937395], [139.5322799603914, 35.57259668837346], [139.53196057145487, 35.57249212635438], [139.5311623160205, 35.572230804820926], [139.53110625180386, 35.57221246004452], [139.53081548386075, 35.57211314223199], [139.53016288856546, 35.571890206865135], [139.53015293110312, 35.57191387752471], [139.52999603868759, 35.57222585743013], [139.52989577251478, 35.57242524032449], [139.52960077350676, 35.57302671277392], [139.52941599637833, 35.573394639132836], [139.52939559029497, 35.57340029138193], [139.5289821730843, 35.57419965492516], [139.5287775443764, 35.5745953099224], [139.52871786134796, 35.574672337082994], [139.52861636308674, 35.574788261092124], [139.52805299111455, 35.57543169531776], [139.52762971852775, 35.57593241955512], [139.52747217897672, 35.57613260504968], [139.52738600465892, 35.576289700096524], [139.52733826066913, 35.5764278101869], [139.52730244650706, 35.57678783770605], [139.527310181203, 35.57726124459663], [139.5276467084255, 35.57725541252687], [139.5280991071083, 35.57725047210179], [139.52850764495244, 35.57723587641582], [139.52872610564833, 35.577194497197745], [139.5289226412222, 35.577126654030074], [139.5291151342667, 35.5770283812284], [139.52929011495516, 35.57692773777081], [139.52954064532597, 35.57681130189303], [139.52979638855936, 35.576706250126165], [139.52999731356022, 35.57666249990603], [139.53027902063093, 35.576678069994486], [139.53061457088126, 35.57677563594668], [139.53064530362332, 35.57678655839239], [139.5309018694259, 35.57686843129388], [139.53176548338956, 35.57714397166776], [139.53227214338096, 35.57730561751096]]]}, "properties": {"name": "横浜市青葉区すすき野一丁目", "town": "すすき野一丁目", "population": 2294, "households": 907}}, {"type": "Feature", "geometry": {"type": "Polygon", "coordinates": [[[139.5262011631678, 35.57889844174415], [139.52685359461702, 35.57889595226766], [139.52688357185914, 35.57890687346961], [139.52699411021996, 35.5788827898736], [139.52699252069493, 35.57879578196691], [139.52733552821144, 35.57881042268485], [139.527310181203, 35.57726124459663], [139.52730244650706, 35.57678783770605], [139.52733826066913, 35.5764278101869], [139.52738600465892, 35.576289700096524], [139.52747217897672, 35.57613260504968], [139.52762971852775, 35.57593241955512], [139.52805299111455, 35.57543169531776], [139.52861636308674, 35.574788261092124], [139.52871786134796, 35.574672337082994], [139.5287775443764, 35.5745953099224], [139.5289821730843, 35.57419965492516], [139.52939559029497, 35.57340029138193], [139.52900770941685, 35.573281041469194], [139.52830231349324, 35.573052892659675], [139.52779022745293, 35.57287779789707], [139.52754849525658, 35.57279831411129], [139.52721647733267, 35.572684270806135], [139.52704727935767, 35.57267250209228], [139.52686136372938, 35.572698857794215], [139.52657613402448, 35.57275203436236], [139.52634915948795, 35.57285366726315], [139.52604699660932, 35.57301221613294], [139.52597231732204, 35.573077161483674], [139.52579020235905, 35.573268937977474], [139.5257446071654, 35.57336934287546], [139.52554248042605, 35.573749365851576], [139.5253375534963, 35.574145120868536], [139.52516170400222, 35.574477044364], [139.52500990467942, 35.574763573180654], [139.52491339595866, 35.57491729564126], [139.5243951092042, 35.57535811978919], [139.5240797249357, 35.575615778603954], [139.52418682305034, 35.575761468145345], [139.5246974399875, 35.57617508063005], [139.5251553352186, 35.576542502145045], [139.5251060960512, 35.57658642298594], [139.52498468215626, 35.57667064849595], [139.52483114154282, 35.57680950640841], [139.52471965583163, 35.576934423188284], [139.52463347726106, 35.577029090379725], [139.52456659252698, 35.57713908788348], [139.5245404547605, 35.57723306432892], [139.52450516530808, 35.577297653351316], [139.52443934710445, 35.577549370900094], [139.52444679424963, 35.57769110578185], [139.52448799980502, 35.577924859666894], [139.52450419945495, 35.57802141015072], [139.52456489587465, 35.578163635129314], [139.5246112816399, 35.5783297327059], [139.52463224718693, 35.5789078711621], [139.52524928224543, 35.57890213097709], [139.5260081529672, 35.57889918060583], [139.5262011631678, 35.57889844174415]]]}, "properties": {"name": "横浜市青葉区すすき野二丁目", "town": "すすき野二丁目", "population": 2797, "households": 1318}}, {"type": "Feature", "geometry": {"type": "Polygon", "coordinates": [[[139.52933459884264, 35.584205229261194], [139.52981576861538, 35.583698536489955], [139.53023525593247, 35.583173977021694], [139.5303210781343, 35.58304641535556], [139.53070277072058, 35.58248954427482], [139.5309033470828, 35.58216784231831], [139.53133572665027, 35.58134431234506], [139.5314926488757, 35.580874831131794], [139.53150069110106, 35.580850769452965], [139.53172508865788, 35.580179351814], [139.5317759097608, 35.579912344387544], [139.53189285281582, 35.579298016046806], [139.53226778998592, 35.57732845624954], [139.53227214338096, 35.57730561751096], [139.53176548338956, 35.57714397166776], [139.5309018694259, 35.57686843129388], [139.53064530362332, 35.57678655839238], [139.53061457088126, 35.57677563594668], [139.53027902063093, 35.576678069994486], [139.5299973135603, 35.57666249990601], [139.52979638855936, 35.57670625012613], [139.52954064532597, 35.57681130189303], [139.52929011495516, 35.57692773777081], [139.5291151342667, 35.57702838122839], [139.5289226412222, 35.577126654030074], [139.52872610564833, 35.577194497197716], [139.52850764495244, 35.57723587641582], [139.5280991071083, 35.57725047210179], [139.5276467084255, 35.57725541252687], [139.527310181203, 35.57726124459663], [139.52733552821144, 35.57881042268485], [139.52699252069493, 35.578795781966924], [139.52699411021996, 35.5788827898736], [139.52688357185912, 35.57890687346961], [139.5269150261141, 35.57894374890126], [139.52692505895004, 35.57957283943361], [139.5269417122876, 35.58061658253953], [139.52694428317378, 35.58081408360911], [139.52694866026894, 35.581052890269554], [139.52705531063006, 35.58108270346949], [139.52724509478577, 35.58121247690943], [139.52737538074325, 35.58123252555031], [139.5276328168, 35.58119603293073], [139.527729926202, 35.58121307406088], [139.52787823888505, 35.581259400593964], [139.52828646387613, 35.5814525765457], [139.52834561062534, 35.58151251188995], [139.52842228871927, 35.581638546903264], [139.52853627257159, 35.58176464142896], [139.52881441910003, 35.58193456315951], [139.52896219565937, 35.58211788872369], [139.52917591799817, 35.582249936352696], [139.52923633883825, 35.582321107567736], [139.52922960258925, 35.58239886942023], [139.52925752371524, 35.58248770390594], [139.52933369246776, 35.582611800919125], [139.52931038188018, 35.582707124867916], [139.52925054294633, 35.58283647631332], [139.5291121065038, 35.582914223854836], [139.52909590399008, 35.582964497243324], [139.5291866382551, 35.583141445713125], [139.52909545786954, 35.58322631840066], [139.52905358218754, 35.583306983715644], [139.52905061088052, 35.583437993360484], [139.5290290115056, 35.58371419584568], [139.52898114060298, 35.58392146211181], [139.5290802429241, 35.583988153081705], [139.5291517765385, 35.583964284842374], [139.5291916335752, 35.58398526529093], [139.52933459884264, 35.584205229261194]]]}, "properties": {"name": "横浜市青葉区すすき野三丁目", "town": "すすき野三丁目", "population": 3289, "households": 1574}}, {"type": "Feature", "geometry": {"type": "Polygon", "coordinates": [[[139.55440496703093, 35.56934762749875], [139.55432187710153, 35.568872822605556], [139.55372477097026, 35.56895669469187], [139.55303664782895, 35.56905362986825], [139.553035947074, 35.569050493576846], [139.5527729151148, 35.56816009203174], [139.5516121943308, 35.56831613569676], [139.55130817658818, 35.568355958947635], [139.55049669679912, 35.56845945710227], [139.5496657075175, 35.5685772002053], [139.548888639594, 35.568673059059556], [139.54877740490943, 35.568687656355344], [139.5474113184559, 35.56886743679997], [139.54739763769513, 35.568869237202264], [139.5461126505736, 35.569054780508296], [139.54591629946944, 35.56914212503915], [139.54552266709834, 35.56928744523934], [139.5448453065709, 35.56955570666566], [139.54477927810146, 35.56958174388328], [139.54431538832117, 35.569764672777374], [139.5439784571859, 35.56989382205476], [139.54419513034466, 35.570279526467424], [139.5442189683877, 35.57034345309817], [139.5442742830105, 35.57052864315958], [139.54417863002362, 35.57084659861547], [139.54409973672477, 35.57117159958156], [139.54410125429425, 35.57122290269194], [139.5441636213753, 35.571370718236], [139.54423800140086, 35.57150328174247], [139.54458841270596, 35.57212777491595], [139.54482006076296, 35.572552454508646], [139.54493430775753, 35.572678950899025], [139.54502446907307, 35.57273817590761], [139.54514710111093, 35.57277416983991], [139.54528622635343, 35.5727897465007], [139.54620978371526, 35.57282810271934], [139.54679536351452, 35.572851775354685], [139.5471503821267, 35.57286634109484], [139.54728914551117, 35.57288620871379], [139.54744505600834, 35.57292611226743], [139.5476689935458, 35.57301451842983], [139.54788769968584, 35.57313202964442], [139.54823547691072, 35.573341455689736], [139.54827860203181, 35.573363774385186], [139.54876028744252, 35.5735172820484], [139.54893969024207, 35.57357449235861], [139.54922240050078, 35.57369767851642], [139.5493536069841, 35.573764988118846], [139.54940071393855, 35.573789143395615], [139.5498313483979, 35.5740544222591], [139.55023876877118, 35.573559908239915], [139.5502703448794, 35.57352158135074], [139.55060347435963, 35.57311723255153], [139.55112351354458, 35.572517807745754], [139.551498220079, 35.57208588774606], [139.5518035081788, 35.57182249182107], [139.5522047312172, 35.57155737997653], [139.55244390084647, 35.571437341140744], [139.55254552622708, 35.57138631124893], [139.5525858920478, 35.571366053533865], [139.55319197297956, 35.5711851366818], [139.55383314660804, 35.57115389936935], [139.55398775451337, 35.57114682467137], [139.55408208578726, 35.571142146757744], [139.55476182446878, 35.57110624079031], [139.55466088098984, 35.57075015431624], [139.5545997219274, 35.57042313656464], [139.55457572453383, 35.57027847939075], [139.55453921101915, 35.57005851728382], [139.5544078873736, 35.56936309027954], [139.55440496703093, 35.56934762749875]]]}, "properties": {"name": "横浜市青葉区あざみ野一丁目", "town": "あざみ野一丁目", "population": 4392, "households": 2046}}, {"type": "Feature", "geometry": {"type": "Polygon", "coordinates": [[[139.5516121943308, 35.56831613569676], [139.5527729151148, 35.56816009203174], [139.553035947074, 35.569050493576846], [139.55303664782895, 35.56905362986825], [139.55372477097026, 35.56895669469187], [139.55432187710153, 35.568872822605556], [139.5542233097581, 35.56839344135923], [139.5540646342221, 35.56762175881889], [139.5539799272695, 35.567209692485974], [139.5536298616569, 35.56537606269074], [139.55285639016498, 35.56546417347293], [139.5525827725844, 35.56549533715527], [139.55260563900885, 35.5656352736879], [139.55227430405208, 35.56568341574096], [139.55216306272246, 35.56546775145292], [139.55197426475706, 35.56527426674976], [139.55127916844128, 35.56487511778378], [139.55105708034722, 35.565135818065315], [139.55035875707608, 35.564809890599776], [139.54948987970212, 35.56440575133373], [139.54906818535065, 35.56438065069002], [139.54917437937823, 35.5646618289159], [139.54879142641488, 35.56473888830691], [139.54796833863148, 35.56490448788339], [139.546836409975, 35.564960524372665], [139.54681632553644, 35.56496149931437], [139.5467768333369, 35.56481032496081], [139.54650000872877, 35.56478614781359], [139.54624880360132, 35.56474984980029], [139.5460026817078, 35.564816230972696], [139.54579252072506, 35.565008640661844], [139.54553348708322, 35.56486609605045], [139.54529667251862, 35.56510614819891], [139.54496514772728, 35.565595358697614], [139.54494308953343, 35.56562980953217], [139.54482159488688, 35.56581961212695], [139.54460470002022, 35.56613903606695], [139.54441355762813, 35.56642053044893], [139.5442610334211, 35.56665222668804], [139.54388951138628, 35.56721664971943], [139.54340435336496, 35.56793955631487], [139.5432569916963, 35.56818974859539], [139.54321251079912, 35.5683761780909], [139.54321928547392, 35.56853407118057], [139.5433133499749, 35.568780828373605], [139.54331896501265, 35.56879552391402], [139.54361903074062, 35.56929592657818], [139.5439784571859, 35.56989382205476], [139.54431538832117, 35.569764672777374], [139.54477927810146, 35.56958174388328], [139.5448453065709, 35.56955570666566], [139.54552266709834, 35.56928744523934], [139.54591629946944, 35.56914212503915], [139.5461126505736, 35.569054780508296], [139.54739763769513, 35.568869237202264], [139.5474113184559, 35.56886743679997], [139.54877740490943, 35.568687656355344], [139.548888639594, 35.568673059059556], [139.5496657075175, 35.5685772002053], [139.55049669679912, 35.56845945710227], [139.55130817658818, 35.568355958947635], [139.5516121943308, 35.56831613569676]]]}, "properties": {"name": "横浜市青葉区あざみ野二丁目", "town": "あざみ野二丁目", "population": 3272, "households": 1582}}, {"type": "Feature", "geometry": {"type": "Polygon", "coordinates": [[[139.54529667251862, 35.56510614819891], [139.54553348708322, 35.56486609605045], [139.54515293961103, 35.5646566475803], [139.54477373202516, 35.56496086081017], [139.54445957050734, 35.56467931970184], [139.544150973164, 35.56440275541822], [139.5438363439536, 35.5641207888181], [139.54352910502774, 35.563845423611745], [139.54327968177486, 35.563621882971354], [139.5423726674897, 35.56275750523149], [139.54226899705588, 35.56266092387768], [139.54192588678956, 35.5623467723794], [139.54174768290062, 35.56257798105769], [139.5417261081108, 35.56256829711049], [139.5417170025645, 35.562579912189], [139.54162890108458, 35.562688566742956], [139.54152698506445, 35.56281390600388], [139.54150594307538, 35.56283978315866], [139.54138083314035, 35.562993645380814], [139.5413488019653, 35.56303303869262], [139.54132444377595, 35.563062995328174], [139.5413305482366, 35.56306641105147], [139.54111107357636, 35.5633410731928], [139.54041917622362, 35.564211942651504], [139.53999120709437, 35.56472372166779], [139.53964532164875, 35.56513028195389], [139.53918259283418, 35.56567007013702], [139.53884503642655, 35.566076756025296], [139.5387545364752, 35.56628856283476], [139.53835228623782, 35.56733881390171], [139.53809793969546, 35.56798853726409], [139.537915915174, 35.56847105324325], [139.53789852317772, 35.5687342672731], [139.5378882212055, 35.568973874539324], [139.53787443773356, 35.56950820601816], [139.53787370661422, 35.569536759211076], [139.53784585420294, 35.57024101182346], [139.5378598254977, 35.57041452140197], [139.5379282737377, 35.57062168314544], [139.537993619084, 35.57073542740921], [139.53809648291806, 35.57090095076884], [139.5382944824596, 35.57120574088857], [139.53871638214667, 35.57185518572066], [139.53872755922933, 35.57187454328947], [139.53875620730307, 35.57187165657925], [139.54007215655156, 35.571374954382954], [139.54067896433114, 35.57114590848394], [139.54069816880133, 35.571138738736565], [139.54175270937006, 35.57074539370634], [139.54262407323642, 35.570420399923734], [139.54263963132556, 35.570414274641166], [139.5426982385562, 35.570391178092684], [139.54340665673354, 35.570112227474624], [139.5439784571859, 35.56989382205476], [139.54361903074062, 35.56929592657818], [139.54331896501265, 35.56879552391402], [139.5433133499749, 35.568780828373605], [139.54321928547392, 35.56853407118057], [139.54321251079912, 35.5683761780909], [139.5432569916963, 35.56818974859539], [139.54340435336496, 35.56793955631487], [139.54388951138628, 35.56721664971943], [139.5442610334211, 35.56665222668804], [139.54441355762813, 35.56642053044893], [139.54460470002022, 35.56613903606695], [139.54482159488688, 35.56581961212695], [139.54494308953343, 35.56562980953217], [139.54496514772728, 35.565595358697614], [139.54529667251862, 35.56510614819891]]]}, "properties": {"name": "横浜市青葉区あざみ野三丁目", "town": "あざみ野三丁目", "population": 4782, "households": 1936}}, {"type": "Feature", "geometry": {"type": "Polygon", "coordinates": [[[139.54419513034466, 35.570279526467424], [139.5439784571859, 35.56989382205476], [139.54340665673354, 35.570112227474624], [139.5426982385562, 35.570391178092684], [139.54263963132556, 35.570414274641166], [139.54262407323642, 35.570420399923734], [139.54175270937006, 35.57074539370634], [139.54069816880133, 35.571138738736565], [139.54067896433114, 35.57114590848394], [139.54007215655156, 35.571374954382954], [139.53875620730307, 35.57187165657925], [139.538986501314, 35.57219240645523], [139.53927157042682, 35.57253170544202], [139.53931364319592, 35.57258180513279], [139.5396212152982, 35.572890314071934], [139.54013532626462, 35.57337177767469], [139.54058255557138, 35.57382431008101], [139.54110161412112, 35.57442971603061], [139.54142755361931, 35.57481139403238], [139.5419211602291, 35.5753795529298], [139.5421321290761, 35.57562236864615], [139.54230756813837, 35.575787075987854], [139.54236673336743, 35.575854784167156], [139.5424143696495, 35.57588109351487], [139.54272176497628, 35.57604340535486], [139.5430121656107, 35.57612029385911], [139.54373901482816, 35.576194494087005], [139.54487839008388, 35.57629748722335], [139.5448994177162, 35.5762989450914], [139.5450709931389, 35.57631097237367], [139.5456309651806, 35.57635011773273], [139.54625922002052, 35.57640917444949], [139.5472987929556, 35.57650770978381], [139.547948969944, 35.576666403960886], [139.54797788478214, 35.576673442359564], [139.54850146105, 35.57685088539887], [139.54875078866434, 35.57619883646906], [139.5489085880055, 35.57578613368864], [139.54906488481708, 35.57537740640152], [139.54911980382212, 35.57523374199296], [139.54924153881487, 35.57491538497604], [139.54936461184175, 35.57465069033892], [139.54953105003125, 35.57440767895228], [139.5498313483979, 35.5740544222591], [139.54940071393855, 35.573789143395615], [139.5493536069841, 35.573764988118846], [139.5492224005008, 35.57369767851642], [139.5489396902421, 35.57357449235861], [139.54876028744252, 35.5735172820484], [139.54827860203181, 35.573363774385186], [139.54823547691072, 35.573341455689736], [139.54788769968587, 35.57313202964442], [139.5476689935458, 35.57301451842983], [139.54744505600834, 35.57292611226743], [139.54728914551117, 35.572886208713754], [139.5471503821267, 35.572866341094816], [139.54679536351452, 35.57285177535466], [139.54620978371526, 35.57282810271932], [139.54528622635343, 35.5727897465007], [139.54514710111093, 35.57277416983991], [139.54502446907307, 35.57273817590761], [139.54493430775753, 35.572678950899025], [139.54482006076296, 35.572552454508646], [139.54458841270596, 35.57212777491595], [139.54423800140086, 35.57150328174247], [139.5441636213753, 35.57137071823598], [139.54410125429425, 35.57122290269194], [139.54409973672477, 35.57117159958156], [139.54417863002362, 35.570846598615454], [139.5442742830105, 35.57052864315954], [139.5442189683877, 35.57034345309817], [139.54419513034466, 35.570279526467424]]]}, "properties": {"name": "横浜市青葉区あざみ野四丁目", "town": "あざみ野四丁目", "population": 4588, "households": 1795}}, {"type": "Feature", "geometry": {"type": "Polygon", "coordinates": [[[139.49361178053252, 35.55790091271847], [139.49378475443115, 35.55779793654537], [139.4939716162941, 35.55779932712631], [139.4941323247666, 35.557697582702176], [139.49436503217564, 35.5576739687486], [139.4945951719175, 35.55769741968308], [139.49485312815005, 35.557628526565566], [139.49496979523278, 35.557547531127774], [139.49504457515164, 35.557389832209985], [139.49508272228155, 35.55734121295996], [139.49525561813113, 35.55727643594157], [139.4953665323104, 35.55726707571096], [139.49548357178003, 35.55728153756146], [139.49559142693485, 35.55731311776446], [139.49565065619245, 35.55735945084328], [139.49566262209083, 35.5573726180029], [139.49571222306753, 35.557151220415676], [139.4957525069144, 35.55703982615015], [139.4958480622466, 35.556865108540315], [139.49585488635205, 35.55675351181523], [139.49583482412996, 35.5566105002779], [139.49579227205192, 35.55650787936144], [139.49575239503332, 35.556352802896285], [139.49581460634516, 35.556217001254595], [139.49590957696282, 35.55605830365098], [139.49596507657745, 35.555914595301346], [139.4959460757286, 35.555806198006614], [139.49590716061087, 35.555699504401204], [139.4957929270525, 35.555565935280065], [139.49614165357383, 35.55535635723823], [139.49649654725337, 35.555381964484305], [139.49661748105004, 35.555417701911495], [139.49674584923213, 35.55548437651825], [139.49684015138348, 35.5555668292838], [139.49706025725337, 35.55586030633018], [139.4973076245207, 35.555760245681306], [139.49732371565443, 35.555724872060296], [139.49737877574984, 35.555443522132734], [139.49740683947672, 35.55516706148086], [139.49740423328632, 35.55485738038475], [139.49737294379196, 35.55476106081644], [139.49731775981235, 35.55474741827833], [139.4972049697926, 35.55370645227261], [139.497126225922, 35.5529795611344], [139.49701547614956, 35.55195724546024], [139.4970146876647, 35.55195002740351], [139.4969449754495, 35.55134657724012], [139.49684845622133, 35.55112035882022], [139.4968397978827, 35.55110065437399], [139.4968169793237, 35.5510487219101], [139.49673998262784, 35.55095036884715], [139.49663766849125, 35.55085296288438], [139.4964777266117, 35.55072433610489], [139.49632118175046, 35.55056631665275], [139.4962534389846, 35.55056869059094], [139.4961518109665, 35.5504822721376], [139.4958818035596, 35.55042518629497], [139.49574377672076, 35.550377814191606], [139.49558111791123, 35.5503016043789], [139.49547893608892, 35.550296131410626], [139.49511700922693, 35.550303949157524], [139.49507184948166, 35.550187202781665], [139.4946339973795, 35.550078429887506], [139.49460628428753, 35.550070038337296], [139.49457624813283, 35.550060936899314], [139.49449602927453, 35.55024242058637], [139.4944302559162, 35.550262860746265], [139.49384616824008, 35.550225027142545], [139.49381298948623, 35.54976072446116], [139.49367864291858, 35.54986782702249], [139.49342030600266, 35.54987442949134], [139.493293383732, 35.54990673208364], [139.49286273441325, 35.54990930592783], [139.49258942131556, 35.5498149156297], [139.49258239046915, 35.54981162046206], [139.4921758930835, 35.5496207849167], [139.49215239255844, 35.54960976608785], [139.49201403046126, 35.549550840284304], [139.4919329900128, 35.54953922899382], [139.491867644117, 35.549529846313874], [139.49151219295544, 35.549520208097725], [139.49132763369084, 35.54946843375227], [139.49119080215888, 35.54938905456767], [139.49107384341065, 35.5493836051776], [139.49094559149222, 35.54994644254028], [139.49083510507916, 35.55043440562821], [139.4906606748015, 35.55124618273587], [139.49067431195556, 35.55135752013754], [139.49057108473338, 35.55147597962873], [139.49054010505608, 35.551556516949475], [139.49055745805154, 35.55185771721842], [139.49055275402407, 35.55198569155254], [139.49049134777889, 35.55207800634951], [139.4904102731202, 35.55214448887062], [139.49036361230648, 35.55225955971289], [139.49033887085977, 35.552403034820706], [139.4903398310763, 35.552557115813755], [139.4904643881923, 35.552615439732286], [139.4904590444453, 35.55322215941395], [139.49051483208044, 35.553579393125666], [139.4905720126301, 35.553771420697785], [139.49063850223465, 35.55393259849018], [139.49077100950527, 35.55420435756536], [139.49098061261392, 35.554560703355634], [139.49105343886396, 35.554757109877016], [139.49095236331112, 35.554799451443635], [139.49108022286822, 35.55500450593763], [139.49110432736543, 35.55506144327826], [139.4911107900556, 35.555178006739915], [139.49142558356013, 35.55559966217366], [139.49171204787632, 35.556137781611035], [139.49200802073716, 35.556076118932744], [139.4923083245086, 35.556644483621135], [139.49267249378246, 35.55734007696271], [139.49274003196504, 35.55737735106166], [139.49278069962605, 35.55743602509303], [139.49296120315088, 35.55775830776846], [139.49305725948733, 35.55779277698255], [139.49308408144142, 35.55782412234745], [139.49351513271782, 35.55793513745514], [139.49361178053252, 35.55790091271847]]]}, "properties": {"name": "横浜市青葉区すみよし台", "town": "すみよし台", "population": 4755, "households": 2134}}, {"type": "Feature", "geometry": {"type": "Polygon", "coordinates": [[[139.55476182446878, 35.57110624079031], [139.55550811792858, 35.57105984801626], [139.55575528479525, 35.57107424745956], [139.55633993675644, 35.57107452083387], [139.55643008914225, 35.571050642861934], [139.55664996639442, 35.57101177925408], [139.55687845211415, 35.57094444984841], [139.5571748464723, 35.570830060672954], [139.5573714652316, 35.57073054733247], [139.55775325973113, 35.570475373477336], [139.55782693259727, 35.57042480540115], [139.55830574698246, 35.570064117012855], [139.55856390552867, 35.56986964251742], [139.55876090525504, 35.56972097775203], [139.55878581453666, 35.56970216139602], [139.55920763289623, 35.56937876786155], [139.55926870319246, 35.5693331331939], [139.55978365896598, 35.568948299625], [139.56006088104266, 35.56880410976339], [139.56086291707254, 35.56843893059804], [139.56209346246257, 35.56789725044264], [139.56188779720813, 35.56756072386111], [139.56179888874033, 35.56740388130714], [139.56236711552393, 35.56732793677071], [139.56239446920873, 35.56732426620487], [139.5623458811643, 35.56724817674137], [139.56198420059687, 35.567209801573654], [139.56180488695657, 35.56712176677553], [139.5617017728205, 35.56710048083042], [139.56161431422328, 35.56702483280084], [139.5615632763125, 35.56693423259771], [139.5615196483016, 35.56685678072726], [139.5614546245226, 35.566690731403824], [139.56138863985652, 35.56652221531587], [139.56136191670257, 35.5664415978006], [139.56128880484206, 35.56622109753337], [139.56126618024518, 35.56618333825203], [139.56109732946672, 35.56592111218153], [139.56099000456075, 35.565820914367684], [139.56079354907257, 35.565706045095766], [139.5607109127524, 35.56567029874025], [139.5605419522818, 35.56561214115047], [139.56037170548126, 35.5655646156817], [139.56005679012617, 35.56550081326251], [139.55947189360268, 35.565402037647544], [139.55939896760873, 35.5653622968146], [139.5589988245607, 35.565037863614265], [139.55865872640737, 35.56480964804194], [139.5586378596027, 35.5648126295447], [139.5585368462414, 35.56482697784564], [139.55833248655028, 35.56488816995512], [139.5580084783635, 35.56505062994015], [139.55795025560505, 35.56509598767938], [139.55783716701404, 35.56513798278015], [139.55724505984824, 35.565255896267395], [139.55707018965282, 35.56526902049491], [139.55664086254305, 35.5653306486197], [139.5557755289167, 35.56534185042473], [139.55562141274117, 35.56542156260197], [139.5554707474484, 35.56530784704393], [139.555419042074, 35.56526882349024], [139.5553195744543, 35.56525342173254], [139.55518987768218, 35.565256224841534], [139.55507696016883, 35.56530413224588], [139.5550266130042, 35.56534573973264], [139.55494785156844, 35.56541083699349], [139.55487719237215, 35.56560541593258], [139.55483065386625, 35.565673368195746], [139.5546737378, 35.56574631430638], [139.5543976560045, 35.56573617657861], [139.55431234961037, 35.56529833574593], [139.5536298616569, 35.56537606269074], [139.5539799272695, 35.567209692485974], [139.5540646342221, 35.56762175881889], [139.55422330975813, 35.56839344135919], [139.55432187710153, 35.568872822605556], [139.55440496703093, 35.56934762749875], [139.5544078873736, 35.56936309027954], [139.55453921101915, 35.57005851728382], [139.55457572453383, 35.57027847939075], [139.5545997219274, 35.57042313656464], [139.55466088098984, 35.57075015431624], [139.55476182446878, 35.57110624079031]]]}, "properties": {"name": "横浜市青葉区新石川一丁目", "town": "新石川一丁目", "population": 4351, "households": 1918}}, {"type": "Feature", "geometry": {"type": "Polygon", "coordinates": [[[139.55790772306221, 35.577110404190655], [139.55817529867517, 35.57648232209018], [139.55885280296013, 35.57668425400846], [139.5592295063856, 35.57586921182756], [139.55937607750744, 35.57556139556033], [139.55941616185413, 35.575383752161194], [139.55958386135313, 35.57397265224802], [139.55966170965877, 35.573658237871705], [139.55979793992088, 35.57336050329373], [139.56005047823817, 35.57286927700655], [139.56006340583838, 35.57284413244733], [139.56025498101033, 35.57249187814373], [139.56106665040974, 35.57142490577321], [139.56109701681427, 35.57138511822277], [139.56129604341703, 35.57109551559797], [139.56149934963713, 35.57082704690614], [139.5615429907691, 35.5707548965522], [139.56165189826638, 35.57057483706554], [139.56174752873304, 35.57031299417843], [139.5617663511719, 35.57014403525699], [139.56176129043516, 35.5699971333747], [139.56173754097614, 35.56984554229079], [139.56165893941485, 35.569615982023464], [139.56154869849033, 35.56942705225349], [139.56144259197717, 35.56924520747907], [139.56086291707254, 35.56843893059804], [139.56006088104266, 35.56880410976339], [139.55978365896598, 35.568948299625], [139.55926870319246, 35.5693331331939], [139.55920763289623, 35.56937876786155], [139.55878581453666, 35.56970216139602], [139.55876090525504, 35.56972097775203], [139.55856390552867, 35.56986964251742], [139.55830574698246, 35.570064117012855], [139.55782693259727, 35.57042480540115], [139.55775325973113, 35.570475373477336], [139.5573714652316, 35.57073054733247], [139.5571748464723, 35.570830060672954], [139.55687845211415, 35.57094444984841], [139.55664996639442, 35.57101177925408], [139.55643008914225, 35.571050642861934], [139.55633993675644, 35.57107452083387], [139.55575528479525, 35.57107424745956], [139.55550811792858, 35.57105984801626], [139.55476182446878, 35.57110624079031], [139.5548875947444, 35.5717475376338], [139.55500021741125, 35.57232176897067], [139.5550311946121, 35.572479748562], [139.5550734525223, 35.5726905339361], [139.55514844446395, 35.57308106509111], [139.55519774945648, 35.573329116151996], [139.5552522974377, 35.5736126353846], [139.5552868915008, 35.57378641747354], [139.55532341969405, 35.57396991934799], [139.55537872751592, 35.57425185743831], [139.55538374420004, 35.57428436484426], [139.55545186778662, 35.57478635009067], [139.55553925827687, 35.57543058579534], [139.55573207990696, 35.57538014871956], [139.55576898641772, 35.57538206266869], [139.55590680253462, 35.575553173237324], [139.55604365941167, 35.57572804876122], [139.5562076437926, 35.57585996123025], [139.55634581229847, 35.57594192310724], [139.55644095592066, 35.576021711310915], [139.5565646198092, 35.57617983237057], [139.5567394502262, 35.57637905122508], [139.55695569591884, 35.57655410557794], [139.55729253711436, 35.57684664276942], [139.55736970424115, 35.57690321973447], [139.55775845015958, 35.57703560113091], [139.55790772306221, 35.577110404190655]]]}, "properties": {"name": "横浜市青葉区新石川二丁目", "town": "新石川二丁目", "population": 3905, "households": 1858}}, {"type": "Feature", "geometry": {"type": "Polygon", "coordinates": [[[139.56486651381434, 35.57780131814677], [139.564760377826, 35.577706796570084], [139.56474566449467, 35.577492802944754], [139.56467126633342, 35.57667862157933], [139.56467120437563, 35.57653669648707], [139.56465888119604, 35.57629742897186], [139.564668870858, 35.576171475965495], [139.56470136125085, 35.57576133421682], [139.5645605564922, 35.57567912855574], [139.56454117276814, 35.57556677106088], [139.56447395485074, 35.57514465134898], [139.56453826233135, 35.57488558848401], [139.56449636015182, 35.57475406250912], [139.56444258041122, 35.574585295551124], [139.56455534551515, 35.57449477715796], [139.56459365364321, 35.57441289652394], [139.56459117329504, 35.574252588296424], [139.56438455155222, 35.57390367344197], [139.56431461894323, 35.57339873588769], [139.5641757654513, 35.57337850209858], [139.56416561152204, 35.57331549067576], [139.56416508473595, 35.57326056491794], [139.5642211659284, 35.57323125412067], [139.56425828412543, 35.57316979185373], [139.5642072941124, 35.5729278330073], [139.56413062249482, 35.57265898791936], [139.56412067661796, 35.572624109020474], [139.5640219389828, 35.57219543908698], [139.5639769835623, 35.57209488988841], [139.56389507057537, 35.571911659801984], [139.5638418189414, 35.571811092692755], [139.56379540332412, 35.57157428344649], [139.56377544314003, 35.57134548990271], [139.5637316538164, 35.57128268602536], [139.5636579066208, 35.57127315760365], [139.5636442889408, 35.57122795440252], [139.56349423528226, 35.57080406423627], [139.56335936687867, 35.57044615236139], [139.56323728194664, 35.5701378416078], [139.5629775401692, 35.569514669904585], [139.56289286690495, 35.56935973845591], [139.56259187564112, 35.56874721033949], [139.5624760175588, 35.56854964274951], [139.5622681894282, 35.56819522495448], [139.56209346246257, 35.56789725044264], [139.56086291707254, 35.56843893059804], [139.56144259197717, 35.56924520747907], [139.56154869849033, 35.56942705225349], [139.56165893941485, 35.569615982023464], [139.56173754097614, 35.56984554229079], [139.56176129043516, 35.5699971333747], [139.5617663511719, 35.57014403525699], [139.56174752873304, 35.57031299417843], [139.56165189826638, 35.57057483706554], [139.5615429907691, 35.5707548965522], [139.56149934963713, 35.57082704690614], [139.56129604341703, 35.57109551559797], [139.56109701681427, 35.57138511822277], [139.56106665040974, 35.57142490577321], [139.56025498101033, 35.57249187814373], [139.56006340583838, 35.57284413244733], [139.56005047823817, 35.57286927700655], [139.55979793992088, 35.57336050329373], [139.55966170965877, 35.573658237871705], [139.55958386135313, 35.57397265224802], [139.55941616185413, 35.575383752161194], [139.55937607750738, 35.57556139556033], [139.5592295063856, 35.57586921182756], [139.55885280296013, 35.57668425400846], [139.55817529867517, 35.57648232209018], [139.55790772306221, 35.577110404190655], [139.55825808630533, 35.577238015536615], [139.55832936841384, 35.57727033524769], [139.55836382416618, 35.577196503068706], [139.5585918281541, 35.577256210286926], [139.55866586449088, 35.57727559902541], [139.55865940497196, 35.57729668545533], [139.55864020144375, 35.57735936612069], [139.55879122350797, 35.57739846285846], [139.55886095099459, 35.577365621385916], [139.55888073687854, 35.5773563009033], [139.55906114635417, 35.577400111124724], [139.55932280367148, 35.57746365137134], [139.559371417468, 35.57744393154562], [139.55955335668116, 35.57747588696967], [139.55971617690045, 35.57761415742015], [139.5598209612434, 35.57762340581712], [139.55984115257405, 35.57752610629492], [139.56016318427243, 35.57759165402932], [139.56015480084514, 35.577620555226034], [139.56021229767558, 35.577625930189534], [139.560716531412, 35.57772050143024], [139.56102796015367, 35.57774024480211], [139.56157091386618, 35.577747687438105], [139.56201641380156, 35.5777382947292], [139.56288536048476, 35.57765815105143], [139.56294026232254, 35.57762792307907], [139.5630341035006, 35.57762334324333], [139.56305164060026, 35.577720275703314], [139.56345706970362, 35.577713955506574], [139.5639694967082, 35.57770600584072], [139.56430221439106, 35.57770082276532], [139.5643720650374, 35.577781605611655], [139.56450409336446, 35.57777675451365], [139.56474743767964, 35.577767854596665], [139.56486651381434, 35.57780131814677]]]}, "properties": {"name": "横浜市青葉区新石川三丁目", "town": "新石川三丁目", "population": 3480, "households": 1592}}, {"type": "Feature", "geometry": {"type": "Polygon", "coordinates": [[[139.56577714583835, 35.56922444413348], [139.56542736210187, 35.56906607919365], [139.56530692849483, 35.569023069655856], [139.56515541459444, 35.569053754248706], [139.56504778149517, 35.5690169699859], [139.56492025506367, 35.56903932756626], [139.5648397516432, 35.56907918204201], [139.5647690693154, 35.569010615263345], [139.5647491070708, 35.56893635112154], [139.5647695993898, 35.56887816171456], [139.56459746795886, 35.56872807302053], [139.5644429095481, 35.56842683715897], [139.5642815898513, 35.56829170150158], [139.56407769914145, 35.56817393371222], [139.56401251435426, 35.568220687835264], [139.5636996613116, 35.56809693876915], [139.5634154994955, 35.56787364758964], [139.56289968832095, 35.5678683815781], [139.562223684657, 35.56786092400706], [139.5621904740111, 35.56786979291412], [139.56209346246257, 35.56789725044264], [139.5622681894282, 35.56819522495448], [139.5624760175588, 35.56854964274951], [139.56259187564112, 35.56874721033949], [139.56289286690495, 35.56935973845591], [139.5629775401692, 35.569514669904585], [139.56323728194664, 35.5701378416078], [139.56335936687867, 35.57044615236139], [139.56349423528226, 35.57080406423627], [139.5636442889408, 35.57122795440252], [139.5636579066208, 35.57127315760365], [139.5637316538164, 35.57128268602536], [139.56377544314003, 35.57134548990271], [139.56379540332412, 35.57157428344649], [139.5638418189414, 35.571811092692755], [139.56389507057537, 35.571911659801984], [139.5639769835623, 35.57209488988841], [139.5640219389828, 35.57219543908698], [139.56412067661796, 35.572624109020474], [139.56413062249482, 35.57265898791936], [139.5642072941124, 35.5729278330073], [139.56425828412543, 35.57316979185373], [139.5642211659284, 35.57323125412067], [139.56416508473595, 35.57326056491794], [139.56416561152204, 35.57331549067576], [139.5641757654513, 35.57337850209858], [139.56431461894323, 35.57339873588769], [139.56438455155222, 35.57390367344197], [139.56459117329504, 35.574252588296424], [139.56459365364321, 35.57441289652394], [139.56455534551515, 35.57449477715796], [139.56444258041122, 35.574585295551124], [139.56449636015182, 35.57475406250912], [139.56453826233135, 35.57488558848401], [139.56447395485074, 35.57514465134898], [139.56454117276814, 35.57556677106088], [139.5645605564922, 35.57567912855574], [139.56470136125085, 35.57576133421682], [139.564668870858, 35.576171475965495], [139.56465888119604, 35.57629742897186], [139.56467120437563, 35.57653669648707], [139.56467126633342, 35.57667862157933], [139.56474566449467, 35.577492802944754], [139.564760377826, 35.577706796570084], [139.56486651381434, 35.57780131814677], [139.56585361239584, 35.5778119712266], [139.56591156895374, 35.57769883309904], [139.56599907354766, 35.577546292281866], [139.5661755521997, 35.577238571479775], [139.56626205096947, 35.57677904471397], [139.56631257592446, 35.57656160265558], [139.56636008302536, 35.57634383949425], [139.56641603847652, 35.576229498141586], [139.56665504001546, 35.575879205637776], [139.56691902653168, 35.57538221928137], [139.56703727087157, 35.57514711029504], [139.56732582356636, 35.574745697642115], [139.56734331697106, 35.57463648615643], [139.56733055420378, 35.574346410721176], [139.5673018113055, 35.57410506494926], [139.56733543553693, 35.573836112898334], [139.56733722871243, 35.57382171552146], [139.5672917552255, 35.57368099479053], [139.56718292167983, 35.57347725241264], [139.56717797022444, 35.57333302836952], [139.56722236951956, 35.573187574292845], [139.56710052190144, 35.57309411368454], [139.56735013988194, 35.57277450806593], [139.5674106110341, 35.572636060329806], [139.56747328299588, 35.57243066440466], [139.56750249894517, 35.572334913245236], [139.5675043270696, 35.57222545463665], [139.5675627848123, 35.57203074071352], [139.56759903210386, 35.57199708923792], [139.56761929127768, 35.57192449876931], [139.56779177428217, 35.571796612656414], [139.5678812667522, 35.571729981534475], [139.5676766326195, 35.57150096256978], [139.5674140543702, 35.571200727037386], [139.56740184140764, 35.571186763893124], [139.56723170474098, 35.57099777913397], [139.56712425168558, 35.57087258906069], [139.56684148843627, 35.570558674351204], [139.5666032222311, 35.57029255162089], [139.56614496468572, 35.569751658464014], [139.56594218405644, 35.5694609875178], [139.56577714583835, 35.56922444413348]]]}, "properties": {"name": "横浜市青葉区新石川四丁目", "town": "新石川四丁目", "population": 4247, "households": 1959}}, {"type": "Feature", "geometry": {"type": "Polygon", "coordinates": [[[139.5329262886324, 35.563911349437745], [139.53345835252023, 35.5636759332877], [139.5333465783897, 35.56348453956341], [139.53325610489338, 35.56343347169009], [139.53316887354606, 35.56340800880925], [139.5330649282921, 35.56341000231784], [139.53290666999237, 35.56347337030295], [139.53278212501138, 35.563527280820175], [139.53237856689566, 35.5637325599524], [139.53236531824055, 35.56371481615266], [139.53234898542055, 35.563692170750684], [139.53231918727954, 35.56364639475128], [139.53224868119094, 35.563631114151725], [139.53220414568028, 35.563631002207565], [139.53212495267346, 35.56362816292041], [139.53197193175785, 35.56362246189468], [139.53162774981718, 35.56360075392674], [139.53157908255707, 35.5635992942532], [139.53139346149464, 35.56359970735919], [139.5311698299745, 35.563606257091955], [139.5310274024656, 35.56338063127801], [139.53044797535318, 35.5632636856234], [139.52991662034287, 35.56314094407013], [139.5296071441235, 35.563358880260395], [139.52953025762372, 35.56342396332453], [139.52949162003014, 35.563844050161045], [139.529440035219, 35.56411650739801], [139.52936775684418, 35.56423300775087], [139.52919248786617, 35.56443364277123], [139.52900217124767, 35.56469870768684], [139.52889368425164, 35.56477775811618], [139.52880319343762, 35.5649010073031], [139.5287718084517, 35.56504563626699], [139.52876981672514, 35.56516667984782], [139.5287688440085, 35.56517861324079], [139.52874610075068, 35.565458467311494], [139.52877961489048, 35.56606006268781], [139.52879289077035, 35.56640370117226], [139.52880862952145, 35.566548204229385], [139.52883810598544, 35.56664415256585], [139.5288983360988, 35.5667724308678], [139.52911987064908, 35.5671375469086], [139.5291966738591, 35.56731023038364], [139.52950240791642, 35.567694817077616], [139.52959360071154, 35.56788042317269], [139.52972775997796, 35.56800906510039], [139.52992152967093, 35.56817496611502], [139.5300535212897, 35.56837549843469], [139.53017744424196, 35.56884560448402], [139.5302108399346, 35.568902973816776], [139.53025915734722, 35.5691054066736], [139.53027022552843, 35.56928306346429], [139.5302969464607, 35.569509595172654], [139.5303054560724, 35.56974291146934], [139.5303016033854, 35.57012844159289], [139.53026479324976, 35.57034650556328], [139.53024699748488, 35.57051071108954], [139.5302370094951, 35.57073007503645], [139.53026330498244, 35.57105860811429], [139.5302789377769, 35.57139760606076], [139.53021903614174, 35.57167588986014], [139.53016288856546, 35.571890206865135], [139.53081548386075, 35.57211314223199], [139.53110625180386, 35.57221246004452], [139.5311623160205, 35.572230804820926], [139.53196057145487, 35.57249212635438], [139.5322799603914, 35.57259668837346], [139.53258634071196, 35.572696988937395], [139.53266828758683, 35.57272381576459], [139.5330619698673, 35.57285377313878], [139.5331196166587, 35.572519112320855], [139.53320653135674, 35.57215959647247], [139.53331529100197, 35.57170961385858], [139.53357821195337, 35.570905740766506], [139.5337507929884, 35.570449540726344], [139.53392742394698, 35.57043181375229], [139.53382815742629, 35.57031495329981], [139.5342196146956, 35.56942309599232], [139.5346005491375, 35.56888284172863], [139.53471797916865, 35.568716311712585], [139.5349860907534, 35.5683360830233], [139.53439527556117, 35.56802922145828], [139.53417973310096, 35.567915558791164], [139.53350537744686, 35.56764280422012], [139.53309921470455, 35.56751014202087], [139.53239544740552, 35.56741071146043], [139.53223045157, 35.56740181255678], [139.5317652760058, 35.56735413380993], [139.5315659702528, 35.56586524273656], [139.53156620199402, 35.56580394442961], [139.53159198032768, 35.56555092681777], [139.5316549941503, 35.56530261511272], [139.53176151992193, 35.565029062148376], [139.53186777994915, 35.56483156099258], [139.53194766140126, 35.56470944481664], [139.532030077322, 35.56458349771344], [139.53224190248997, 35.564366014751535], [139.53248465924045, 35.56417899429616], [139.5329262886324, 35.563911349437745]]]}, "properties": {"name": "横浜市青葉区黒須田", "town": "黒須田", "population": 3061, "households": 1075}}, {"type": "Feature", "geometry": {"type": "Polygon", "coordinates": [[[139.49203547521722, 35.54579112800778], [139.49294019789937, 35.54488601027877], [139.49264600831907, 35.54495880381298], [139.49242117986645, 35.54505803335788], [139.49230355789345, 35.545129163190154], [139.4921488049756, 35.545106665736114], [139.49177485100438, 35.54480663378622], [139.4919719281448, 35.54449983403304], [139.49262102862681, 35.54416169090846], [139.49276368390576, 35.543997997894515], [139.49329516159048, 35.54338818000462], [139.49342208575845, 35.543250671856086], [139.49346990271917, 35.54311919931162], [139.4934834746868, 35.54303734109324], [139.49347741216175, 35.542911977719], [139.49345037671443, 35.54272289274344], [139.4929826464197, 35.54266486720817], [139.4923728136503, 35.5425892386627], [139.492180402512, 35.542487444867774], [139.4910365807377, 35.54188219533039], [139.49055927824483, 35.5413461239895], [139.48961419259442, 35.540950734830275], [139.4902184453558, 35.539980386660766], [139.48988740476113, 35.5395092144697], [139.49006777916327, 35.539238459287894], [139.48994400363674, 35.53918830503029], [139.48960698956736, 35.539103611680986], [139.48948283533898, 35.539101798748725], [139.48936489792501, 35.53913243287439], [139.4889395663463, 35.53914887915744], [139.4888926108573, 35.539137753449886], [139.48882243004135, 35.539042231814356], [139.4880714475301, 35.54030525694868], [139.4877223571044, 35.54079070941071], [139.48735338940259, 35.54129930390733], [139.48667850407898, 35.542098449747456], [139.48605337273793, 35.542851510961526], [139.48591775088747, 35.54301490044361], [139.4853362064132, 35.54384276973501], [139.48510033442955, 35.54417345559108], [139.4851769794088, 35.54430371660589], [139.4854747606325, 35.54431841144318], [139.48543609458463, 35.544881793366244], [139.4854545538864, 35.544932444737945], [139.48547052042332, 35.54497632903816], [139.48557707637917, 35.54509956659117], [139.4857332221149, 35.54521784778353], [139.48593828160352, 35.545283670511395], [139.48635334743813, 35.54537241040408], [139.486982599888, 35.545389114341035], [139.48719031011794, 35.545374735122884], [139.48837722818658, 35.545292501227934], [139.4894496925175, 35.545239527859145], [139.48997591302702, 35.54538594181392], [139.4903958077783, 35.54562143558874], [139.49052598240692, 35.54565861551025], [139.49063590761878, 35.545650137550716], [139.49079926958177, 35.54566959909951], [139.49096617457008, 35.54576741170854], [139.4911065122601, 35.545937748883084], [139.49123355375707, 35.54614438317915], [139.49135463853344, 35.54625758857398], [139.49146557492594, 35.54636129135223], [139.49146801970676, 35.54635883442415], [139.49203547521722, 35.54579112800778]]]}, "properties": {"name": "横浜市青葉区あかね台一丁目", "town": "あかね台一丁目", "population": 2728, "households": 1050}}, {"type": "Feature", "geometry": {"type": "Polygon", "coordinates": [[[139.4880714475301, 35.54030525694868], [139.48882243004135, 35.539042231814356], [139.4889434958173, 35.53883932626009], [139.48839898687305, 35.5386423968507], [139.48805145140116, 35.53919489277383], [139.4874468084956, 35.539106613160996], [139.486987091988, 35.53985154511573], [139.48671903747928, 35.53979046402733], [139.4864035332507, 35.53971853641538], [139.486020347921, 35.5396311943706], [139.48616522645665, 35.538997711318125], [139.48619308466579, 35.53887596943607], [139.4858294048256, 35.5389721276182], [139.48570863640208, 35.53909454181292], [139.4851537199331, 35.53901963839881], [139.48504211965513, 35.5393182695804], [139.4845485175245, 35.5391715788649], [139.48436250759576, 35.53913760444818], [139.4839046401944, 35.539157250384115], [139.48383371450578, 35.53910598372849], [139.48351074135226, 35.53927835150682], [139.48270984109286, 35.53942650083427], [139.48228722168247, 35.53955821559754], [139.48217993955686, 35.53960507295486], [139.48184401903507, 35.53975180120539], [139.48163223495922, 35.539879044520404], [139.48150605157113, 35.54002182720493], [139.48145133166778, 35.540116905448464], [139.48141060714394, 35.54024807931271], [139.48137131167462, 35.540663966404246], [139.48126668970735, 35.54120106014551], [139.48124491914, 35.541312821797256], [139.48111638654802, 35.54153922035891], [139.4810591405921, 35.54167950051082], [139.48098238337627, 35.5417746517685], [139.48115404349667, 35.54189833543986], [139.48137859409536, 35.54210995578272], [139.48158689573702, 35.5423871232284], [139.48194485984067, 35.54270118407131], [139.4822433694601, 35.54290679415251], [139.4825323758689, 35.54300473647598], [139.48269412664533, 35.54304057366214], [139.48307478509506, 35.543120658138534], [139.4836102155181, 35.54313247598029], [139.48375608117615, 35.54318544643533], [139.4840954537907, 35.54330864142603], [139.4842629667887, 35.54345163712305], [139.48473911152792, 35.54376569700186], [139.48495091634632, 35.54391956664217], [139.48510033442955, 35.54417345559108], [139.4853362064132, 35.54384276973501], [139.48591775088747, 35.54301490044361], [139.48605337273793, 35.542851510961526], [139.48667850407898, 35.542098449747456], [139.48735338940259, 35.54129930390733], [139.4877223571044, 35.54079070941071], [139.4880714475301, 35.54030525694868]]]}, "properties": {"name": "横浜市青葉区あかね台二丁目", "town": "あかね台二丁目", "population": 2262, "households": 842}}, {"type": "Feature", "geometry": {"type": "Polygon", "coordinates": [[[139.5392421202864, 35.59175945612263], [139.5394762670506, 35.59175033906268], [139.53968285987153, 35.591796469051324], [139.53985340049576, 35.59181517101547], [139.53989755390066, 35.59182001283336], [139.54013872759035, 35.59182274237225], [139.54085869285024, 35.59179401748325], [139.54112286856383, 35.591747576560046], [139.5413153372922, 35.5916294528782], [139.5415117641321, 35.591465424923655], [139.54167900778899, 35.59129523582108], [139.54187427332897, 35.59116570934571], [139.54202784818563, 35.5910500263579], [139.5421463221047, 35.59089602283163], [139.5422299166018, 35.5907554535106], [139.5423065001001, 35.590455158468245], [139.5424048780835, 35.59024896153172], [139.54257344579506, 35.59005127477553], [139.54263455908156, 35.59000026135701], [139.54266895392408, 35.58997154213525], [139.54282075377006, 35.58990479637234], [139.54298800143854, 35.58985171115644], [139.54312356127286, 35.589830134172026], [139.5433905764248, 35.58982517336211], [139.54368235973547, 35.58972305756748], [139.54369249468897, 35.58972163589867], [139.54374157374724, 35.58971474820564], [139.54389336024502, 35.58969341914684], [139.5441009445689, 35.589697012176295], [139.54432865869805, 35.58972483824096], [139.54457943348447, 35.58976500887527], [139.5445887271053, 35.58976379969329], [139.5446161996938, 35.58976020418342], [139.5448415442107, 35.58973316815719], [139.54497528066136, 35.58975101910117], [139.5451536883615, 35.58983161406886], [139.54520712261464, 35.589818113283194], [139.54497078194086, 35.589574715351304], [139.54480137774294, 35.589405483487994], [139.5446008801344, 35.58929483815825], [139.54447503805144, 35.58922735933545], [139.54431572744267, 35.58918339176692], [139.5438036399831, 35.589175837281246], [139.54352171254268, 35.589168757479676], [139.5433913910451, 35.58912457656497], [139.54337279502516, 35.58908129501134], [139.543362172112, 35.58905658730057], [139.5433431073625, 35.589012177919535], [139.54342406751812, 35.58885371747531], [139.54369839287105, 35.58870289964627], [139.54377444640915, 35.588596360210396], [139.54371708133485, 35.58836577765437], [139.54354866223875, 35.58824805860147], [139.54345139723605, 35.58821747628931], [139.5428927744487, 35.58814685152395], [139.542756009296, 35.58813279374308], [139.54261186008597, 35.58808667640546], [139.54252916622016, 35.588014087986615], [139.54248777156673, 35.587970117964964], [139.5423967423105, 35.5878243446897], [139.54227219051782, 35.58755553836568], [139.5421959011839, 35.58742842599072], [139.5421199212539, 35.5872637803887], [139.54205565558385, 35.587059657687284], [139.54174405351998, 35.58741776644022], [139.54163001118408, 35.5875155515005], [139.54150876612766, 35.58758518621392], [139.5413598775556, 35.587640037417145], [139.54114455627152, 35.58769156000283], [139.54080189760526, 35.587750240427845], [139.54067043562907, 35.58779555573929], [139.54046475059914, 35.5878226308014], [139.54024062829905, 35.587839800485284], [139.53986882292014, 35.58782358745915], [139.5397517324409, 35.58779313080186], [139.53953614979585, 35.587696382664575], [139.5393115948984, 35.58754901512676], [139.5390645770757, 35.587438106218926], [139.53871885194306, 35.58736853992194], [139.53850668005256, 35.587348026881976], [139.53849885845057, 35.58734751443231], [139.5377629980059, 35.5875777957548], [139.53698344708368, 35.58785468847749], [139.53711263181623, 35.5880020733843], [139.5372030207222, 35.58816098339817], [139.53727055205076, 35.588317724552454], [139.53730111278597, 35.58838867760314], [139.5374723453375, 35.588924948068886], [139.5375977247911, 35.58932886204367], [139.53762942660143, 35.589429391070354], [139.53771956380692, 35.58956390016948], [139.5378493601791, 35.58969815229639], [139.53825783302923, 35.59000979846022], [139.53878804704289, 35.59041433840082], [139.53876845631837, 35.590431791807674], [139.5386634764044, 35.5905252986459], [139.53820372112946, 35.591087045477074], [139.5381686056687, 35.59112995181729], [139.53806144844734, 35.59129334565873], [139.53798021914207, 35.591457190185004], [139.53791724626154, 35.59161467082103], [139.53791017682508, 35.59204452777171], [139.53806928761355, 35.592042133225966], [139.53813982003248, 35.592041070519166], [139.53834152370635, 35.59199839290439], [139.5385943950042, 35.59191365746254], [139.53874202718612, 35.59186299712812], [139.5387783841611, 35.591853685773266], [139.53904164084426, 35.591786259629274], [139.5392421202864, 35.59175945612263]]]}, "properties": {"name": "横浜市青葉区美しが丘西一丁目", "town": "美しが丘西一丁目", "population": 2126, "households": 712}}, {"type": "Feature", "geometry": {"type": "Polygon", "coordinates": [[[139.52770053115896, 35.5923588660317], [139.52860938258092, 35.5923140066303], [139.52874951626924, 35.59235076501769], [139.52888266362058, 35.59241088503411], [139.52913275191057, 35.5924911570981], [139.52934214738858, 35.59253696240522], [139.5294210466403, 35.592567862879605], [139.52957919322333, 35.59262903075694], [139.52968444828397, 35.59263837894112], [139.52996868495325, 35.59260219044507], [139.53015941404513, 35.592636785272674], [139.53050964948687, 35.592709170572235], [139.53064567596715, 35.59272630510315], [139.53077879781614, 35.592696180695924], [139.53091905654253, 35.592647694429616], [139.53133958755308, 35.592441216657136], [139.53144575927746, 35.592355147650615], [139.53153980644063, 35.59232421881095], [139.5316442755221, 35.592289832805385], [139.53176714024437, 35.59222971834826], [139.53187746460938, 35.59212806195074], [139.53198170426617, 35.59206279339329], [139.53211630465447, 35.59204038221112], [139.53231576409723, 35.592068728272054], [139.5325459436249, 35.59206161143553], [139.5327584828188, 35.592055038014195], [139.53280646704778, 35.59203607487721], [139.53306317512306, 35.591948051948556], [139.53331829794482, 35.59188593894426], [139.53344440097854, 35.591876391509274], [139.53381882639638, 35.59191784302662], [139.53404125846058, 35.591906667224], [139.53419634298336, 35.59187564272156], [139.5343923755878, 35.59179331185303], [139.53465565313763, 35.59169343436095], [139.5348429285592, 35.59159474318467], [139.53498861860353, 35.591410637314254], [139.53508299352686, 35.59137749089179], [139.53529127396308, 35.591351134924466], [139.53539374928232, 35.591359836098256], [139.53570143364337, 35.59130449920671], [139.53594724060542, 35.59124777861728], [139.5361282056211, 35.59119399770132], [139.5362524376634, 35.5911825057174], [139.53637866159357, 35.59120978429335], [139.53649936252145, 35.59128528648282], [139.53661725215727, 35.59138081652271], [139.5369387629709, 35.591680634599435], [139.53699304439735, 35.59173048383317], [139.53718465432746, 35.59186555590241], [139.53748885762496, 35.5920367803883], [139.53756389211117, 35.592058158857114], [139.53791017682508, 35.59204452777171], [139.53791724626154, 35.59161467082103], [139.53798021914207, 35.591457190185004], [139.53806144844734, 35.59129334565873], [139.5381686056687, 35.59112995181729], [139.53820372112946, 35.591087045477074], [139.5386634764044, 35.5905252986459], [139.53876845631837, 35.590431791807674], [139.53878804704289, 35.59041433840082], [139.53825783302923, 35.59000979846022], [139.5378493601791, 35.589698152296386], [139.53771956380692, 35.58956390016948], [139.53762942660143, 35.589429391070354], [139.5375977247911, 35.58932886204367], [139.5374723453375, 35.588924948068886], [139.53730111278597, 35.58838867760314], [139.53727055205076, 35.588317724552454], [139.5372030207222, 35.58816098339817], [139.53711263181623, 35.5880020733843], [139.53698344708368, 35.58785468847749], [139.53647962314994, 35.58802894518657], [139.53611892495695, 35.58811024193167], [139.53589138272824, 35.588160599378675], [139.53548380088645, 35.58821407069284], [139.53494679118702, 35.588227754197696], [139.53458712359497, 35.58820454769415], [139.53426632697403, 35.588177950555256], [139.53334964719852, 35.588073716909605], [139.53335553758905, 35.588054719146236], [139.53174828392534, 35.58776243118062], [139.52988713552028, 35.58741712715472], [139.52902835921378, 35.58727864008679], [139.52829377905417, 35.58712648126306], [139.52795825656958, 35.587045110705056], [139.52775558688896, 35.586974250673634], [139.5275795684814, 35.5868887392783], [139.52745673426577, 35.586816917763485], [139.52739619295858, 35.586759759434216], [139.52737192558826, 35.58673681223031], [139.5272989909736, 35.586760041976845], [139.52703500035042, 35.58690148233347], [139.5268053485067, 35.58706409872746], [139.5263843987875, 35.58747586905217], [139.5264974990128, 35.58752326733382], [139.52672703772464, 35.58749377876712], [139.52681676309908, 35.58742485384674], [139.52769197224686, 35.587411784437755], [139.52776965690018, 35.58751754026976], [139.5277577361813, 35.587592506180044], [139.52760130246415, 35.5877364368247], [139.52759899388573, 35.58778843657238], [139.5276407814793, 35.58784089887943], [139.5277259713203, 35.58788266123187], [139.52786130009858, 35.58788853051488], [139.52814056746297, 35.58777128183783], [139.52817891999263, 35.58776849124754], [139.52820715551073, 35.58787665644488], [139.52816077339563, 35.58808265800276], [139.52813585603198, 35.58829459449928], [139.52813293530176, 35.588486128909175], [139.5280792876403, 35.58859563679022], [139.52781701610763, 35.588942638483815], [139.52773472629806, 35.58907418611814], [139.5276695134409, 35.5892894010994], [139.52770892698467, 35.58946812026936], [139.52779769543014, 35.58968153939579], [139.52784244178395, 35.589869356074274], [139.52784769270912, 35.589979964098596], [139.52763254461146, 35.590129626513765], [139.5273417747099, 35.59023698724572], [139.52719021845755, 35.59028107468806], [139.52705168968743, 35.59033973710412], [139.5269769905405, 35.59041264355609], [139.52696445371495, 35.59059866154511], [139.52672838988028, 35.59092629095746], [139.52658444418182, 35.59104937280126], [139.52624766555795, 35.59130657433963], [139.52620699881578, 35.591362349481635], [139.5261869831572, 35.59143990089087], [139.52611202101627, 35.59160988107921], [139.5261094342172, 35.59166694980221], [139.52611628438277, 35.59171890123381], [139.52603891958623, 35.59196545632787], [139.5260309885149, 35.592129936965755], [139.52605452289504, 35.59224407727017], [139.5261044486324, 35.592384268229914], [139.52617112692937, 35.59248316569289], [139.5262593898791, 35.59266468498467], [139.52628882776966, 35.59278538864062], [139.52629165184908, 35.59291007626568], [139.5263863679515, 35.59285098506399], [139.52670356855177, 35.59263112901816], [139.52677791394444, 35.59258959264671], [139.52695591600207, 35.592524022161214], [139.52734045649686, 35.59246126456204], [139.52744913669048, 35.59243660842471], [139.52759130325038, 35.59237450562631], [139.52770053115896, 35.5923588660317]]]}, "properties": {"name": "横浜市青葉区美しが丘西二丁目", "town": "美しが丘西二丁目", "population": 4294, "households": 1476}}, {"type": "Feature", "geometry": {"type": "Polygon", "coordinates": [[[139.5371583551395, 35.58684681463106], [139.5370190264675, 35.58674514171325], [139.5368764128341, 35.5866228992563], [139.53677772345503, 35.586314030512945], [139.53678883508584, 35.58631177065961], [139.53690482350507, 35.58627780195525], [139.53699675104673, 35.58648533922179], [139.53704655556632, 35.58644489936704], [139.53716308141352, 35.586363843517134], [139.53724790074847, 35.58630477839459], [139.53723627881575, 35.58626407440043], [139.53718764245184, 35.58615139028518], [139.5371248435158, 35.586079691704704], [139.5370843909843, 35.58605830791165], [139.53713241673393, 35.58601597064779], [139.53720063055476, 35.58595583578253], [139.53725104331457, 35.58587069953968], [139.53729389896097, 35.58579832479348], [139.53732329483293, 35.58570941393622], [139.5374011103089, 35.58547404803089], [139.53748030787685, 35.58523449939363], [139.5375103721528, 35.58514356229655], [139.5376476214678, 35.585083514986714], [139.5379447230216, 35.58495353043894], [139.53789366087392, 35.584799954323636], [139.5378450989565, 35.584653894858306], [139.53782904959883, 35.584605617823584], [139.5378268506448, 35.58459900905914], [139.53787744180377, 35.584569914355775], [139.53801760465097, 35.584489304897765], [139.53807343701075, 35.584457193754], [139.53803119086385, 35.58440693746025], [139.53790740939317, 35.58426809459368], [139.53777555523703, 35.58412669629456], [139.53773494947183, 35.584083206819855], [139.53769704699408, 35.58405811367829], [139.53768509476959, 35.58405020042502], [139.53757643981248, 35.583978263250614], [139.53750145538, 35.58393816908957], [139.53743804566048, 35.58390426582806], [139.53736879021304, 35.5838705386342], [139.53732927167266, 35.58385404902856], [139.53717727963098, 35.58381858951796], [139.53706732469138, 35.5837958489], [139.53697763114735, 35.58378308173568], [139.53693853887367, 35.58377762954383], [139.536861296743, 35.583766852855305], [139.53682453573487, 35.58376368942939], [139.53678166888716, 35.5837599983442], [139.53663822117727, 35.58376054910298], [139.53659955404743, 35.583756887468034], [139.5365698323209, 35.583754072902835], [139.53653800562014, 35.5837487929247], [139.53650417116265, 35.583743179592076], [139.5364425625714, 35.58373295632957], [139.53642096045928, 35.58372937266542], [139.53640100885283, 35.583706089488075], [139.53638728330714, 35.583690009213136], [139.53635650053008, 35.58365327813305], [139.5363414817711, 35.58363431356435], [139.5363227358181, 35.58361064216397], [139.53631801313423, 35.58360467801234], [139.5363083478892, 35.58359247244612], [139.53629013338286, 35.58357226001872], [139.53627180849085, 35.5835533121079], [139.53625380312502, 35.58353775883794], [139.5362376481731, 35.58352448275333], [139.53622673317614, 35.583515512842], [139.5362125442247, 35.58350385129669], [139.53619765865346, 35.58349335380826], [139.5361690901656, 35.583474785170154], [139.5361368530501, 35.583456091463724], [139.53610286052233, 35.58343767457612], [139.53606569632123, 35.58341933573595], [139.53604377745714, 35.58340798258092], [139.53601112772117, 35.58339107030616], [139.5359920303992, 35.5833798087725], [139.5359742918207, 35.583366446796795], [139.53596880544188, 35.58336231220103], [139.535952503483, 35.58334582174686], [139.5359354597683, 35.58332885579706], [139.53592153765814, 35.583313523732215], [139.53588631242894, 35.583250107711486], [139.5358351937484, 35.583158081347165], [139.53570939693026, 35.582931613219465], [139.5356265978127, 35.58278323055679], [139.53559167974078, 35.582723933023765], [139.53550404779412, 35.58257511807373], [139.53545890476693, 35.58249845857733], [139.5354483347196, 35.5824581540846], [139.535422369869, 35.582359149497194], [139.5353919754726, 35.582243250523824], [139.53526448944555, 35.58218569566249], [139.53523864788218, 35.58217457696266], [139.53495555923925, 35.582540374825605], [139.53492985529644, 35.582573584616824], [139.53469591284824, 35.58283729183867], [139.53466611193002, 35.58287087881191], [139.53444288163485, 35.58317432888562], [139.53427423800437, 35.583327074763616], [139.53424917484867, 35.5833497926773], [139.53392828314733, 35.58320171612028], [139.53353548639933, 35.58307380987928], [139.53287493313184, 35.582888619589305], [139.5328727801046, 35.58288805087295], [139.5318518317803, 35.58261452974349], [139.53161930307562, 35.582542613852254], [139.53136009700276, 35.58242939831642], [139.5311772179199, 35.582335528604474], [139.5309033470828, 35.58216784231831], [139.53070277072058, 35.58248954427482], [139.5303210781343, 35.58304641535556], [139.53023525593247, 35.583173977021694], [139.52981576861538, 35.583698536489955], [139.52933459884264, 35.584205229261194], [139.5291916335752, 35.583985265290906], [139.52915177653853, 35.58396428484237], [139.5290802429241, 35.583988153081705], [139.52898114060298, 35.58392146211181], [139.5288882944011, 35.583979324884886], [139.52861971984794, 35.58400135832087], [139.52838260187173, 35.58399730926855], [139.5283034835617, 35.58400946820801], [139.52810324910823, 35.58415740749428], [139.52798855977815, 35.58426355884512], [139.527948489049, 35.584373488002655], [139.5279666460302, 35.584467827069794], [139.52777146475984, 35.58470993075194], [139.5275330755479, 35.58478503015509], [139.5274524607143, 35.584907849839276], [139.52730538071827, 35.585024305137495], [139.52723730390812, 35.585216591222235], [139.52710295642672, 35.58527160145108], [139.52707592375276, 35.58532459498996], [139.52709543744976, 35.585441823831545], [139.52706171825358, 35.58554180547192], [139.52701151136492, 35.585755967713204], [139.5268371871553, 35.58583288355926], [139.5265553506252, 35.58599762154781], [139.52652020471834, 35.58605319951945], [139.52649420356363, 35.58620904442875], [139.5264908099208, 35.586234422390234], [139.526484578382, 35.58628106122793], [139.52647894233223, 35.58632340372912], [139.52652543870778, 35.58649756564472], [139.52649566382, 35.58660290939017], [139.52633768697368, 35.58673933481095], [139.52634461437702, 35.58682751861207], [139.52643233064583, 35.586919110730065], [139.52641299224172, 35.58698303762575], [139.5263584718546, 35.587049375802685], [139.52623923907868, 35.587170195713625], [139.52613652606593, 35.587236658616895], [139.52610037147926, 35.58729089529934], [139.52617282860646, 35.5874391720919], [139.52632393432137, 35.58743314754366], [139.5263423977811, 35.587446186808975], [139.5263843987875, 35.58747586905217], [139.5268053485067, 35.58706409872743], [139.52703500035042, 35.58690148233347], [139.5272989909736, 35.586760041976845], [139.52737192558826, 35.58673681223031], [139.52739619295858, 35.586759759434216], [139.52745673426577, 35.586816917763485], [139.52757956848143, 35.5868887392783], [139.527755586889, 35.586974250673634], [139.52795825656958, 35.587045110705056], [139.52829377905417, 35.58712648126305], [139.52902835921378, 35.58727864008679], [139.52988713552028, 35.58741712715472], [139.53174828392534, 35.58776243118062], [139.53335553758905, 35.588054719146236], [139.53334964719852, 35.588073716909605], [139.53426632697403, 35.588177950555256], [139.53458712359497, 35.58820454769415], [139.53494679118702, 35.588227754197696], [139.53548380088645, 35.58821407069284], [139.53589138272824, 35.588160599378675], [139.53611892495695, 35.58811024193167], [139.53647962314994, 35.58802894518657], [139.53698344708368, 35.58785468847749], [139.5377629980059, 35.5875777957548], [139.5376403855749, 35.587277687299704], [139.53760784346733, 35.58723599008406], [139.53730225370208, 35.58701286173656], [139.5371583551395, 35.58684681463106]]]}, "properties": {"name": "横浜市青葉区美しが丘西三丁目", "town": "美しが丘西三丁目", "population": 4719, "households": 1780}}, {"type": "Feature", "geometry": {"type": "Polygon", "coordinates": [[[139.55507696016883, 35.56530413224593], [139.55518987768218, 35.565256224841534], [139.5553195744543, 35.56525342173257], [139.55541904207396, 35.56526882349023], [139.5554707474484, 35.56530784704393], [139.55562141274117, 35.56542156260197], [139.5557755289167, 35.56534185042473], [139.55664086254305, 35.5653306486197], [139.55707018965282, 35.56526902049491], [139.55709536839737, 35.56445307866144], [139.55710602267968, 35.564387544292494], [139.5575434279788, 35.563936735028385], [139.55777282116023, 35.56370029890811], [139.55748181687306, 35.56349599243394], [139.55746439169798, 35.563344730649185], [139.55754168495932, 35.563279172560726], [139.5577128909856, 35.563133933798554], [139.55744954201066, 35.56291669357887], [139.55692738142596, 35.56248595056184], [139.55668546505052, 35.56228638561315], [139.556260315959, 35.56194188728275], [139.55572877926517, 35.561511165480404], [139.55536486668123, 35.56122510402439], [139.55471126146406, 35.560711314474005], [139.55393155881094, 35.559989530416814], [139.55270148383624, 35.55881496279641], [139.55251991766696, 35.55879376998598], [139.55252535332855, 35.558901772579546], [139.55254790578286, 35.559349336425775], [139.55265297385634, 35.55998078099991], [139.55276042641287, 35.56062656160119], [139.55279607634432, 35.5608377130084], [139.5527997241913, 35.56085931698083], [139.55286589184166, 35.5612193810002], [139.55286855417546, 35.56123386926388], [139.55320903405098, 35.56308656217029], [139.55342389519083, 35.5642555987274], [139.5536298616569, 35.56537606269074], [139.55431234961037, 35.56529833574593], [139.5543976560045, 35.56573617657857], [139.5546737378, 35.56574631430638], [139.55483065386625, 35.565673368195746], [139.55487719237215, 35.56560541593258], [139.55494785156844, 35.56541083699349], [139.5550266130042, 35.56534573973265], [139.55507696016883, 35.56530413224593]]]}, "properties": {"name": "横浜市青葉区あざみ野南一丁目", "town": "あざみ野南一丁目", "population": 1966, "households": 643}}, {"type": "Feature", "geometry": {"type": "Polygon", "coordinates": [[[139.55286589184166, 35.5612193810002], [139.5527997241913, 35.56085931698083], [139.5525262941619, 35.560896713734], [139.5523018394628, 35.56092063135863], [139.55193867182882, 35.56094662378827], [139.55193374773435, 35.5608643985152], [139.5519203792957, 35.56064173668355], [139.55186184239594, 35.56053808466688], [139.55109507747594, 35.560636165846276], [139.55102493059843, 35.56092106074216], [139.55046992906819, 35.56084868566145], [139.5503782517118, 35.56121363245539], [139.55031562303006, 35.56141872485087], [139.55020099409373, 35.5616518619424], [139.55007232454076, 35.561835352327975], [139.54986714145372, 35.56204457889998], [139.54955082621694, 35.56235706025145], [139.549356095354, 35.5625769432769], [139.5492630923544, 35.562726434269095], [139.5491896730232, 35.562918714813634], [139.54916301042172, 35.56308600045575], [139.54917230642704, 35.56322298309905], [139.54920059077594, 35.56338849553306], [139.5492622925291, 35.56355992993634], [139.54937375451985, 35.563746936320015], [139.54949311811436, 35.56386840284422], [139.5496872147532, 35.564023456824536], [139.55047604810892, 35.56440864213381], [139.55127916844128, 35.56487511778378], [139.55197426475706, 35.56527426674976], [139.55216306272246, 35.56546775145292], [139.55227430405208, 35.56568341574096], [139.55260563900885, 35.56563527368787], [139.5525827725844, 35.56549533715527], [139.55285639016498, 35.56546417347293], [139.5536298616569, 35.56537606269074], [139.55342389519083, 35.5642555987274], [139.55320903405098, 35.56308656217029], [139.55286855417546, 35.561233869263866], [139.55286589184166, 35.5612193810002]]]}, "properties": {"name": "横浜市青葉区あざみ野南二丁目", "town": "あざみ野南二丁目", "population": 1663, "households": 668}}, {"type": "Feature", "geometry": {"type": "Polygon", "coordinates": [[[139.55047604810892, 35.56440864213381], [139.5496872147532, 35.564023456824536], [139.54949311811436, 35.56386840284422], [139.54937375451985, 35.563746936320015], [139.5492622925291, 35.56355992993634], [139.54920059077594, 35.56338849553306], [139.54917230642704, 35.56322298309905], [139.54916301042172, 35.56308600045575], [139.5491896730232, 35.562918714813634], [139.5492630923544, 35.562726434269095], [139.549356095354, 35.5625769432769], [139.54955082621694, 35.56235706025145], [139.54986714145372, 35.56204457889998], [139.55007232454076, 35.561835352327975], [139.55020099409373, 35.5616518619424], [139.55031562303006, 35.56141872485087], [139.5503782517118, 35.56121363245539], [139.55046992906819, 35.56084868566145], [139.54912397346294, 35.56067302725889], [139.54880603155524, 35.56063154710492], [139.54780427424512, 35.56050082960132], [139.547825482439, 35.559850167151566], [139.5468040545767, 35.55981826225831], [139.54637906308525, 35.559824542369675], [139.54583852823592, 35.55990811351221], [139.5458866207843, 35.56061038075511], [139.54598001684403, 35.560986714455936], [139.54603380706686, 35.561203452505545], [139.5460899136308, 35.56142952722106], [139.54616774919518, 35.56182701322086], [139.54634848420372, 35.56274984283892], [139.54642441037078, 35.56349039192233], [139.54639114732933, 35.563663927226315], [139.54636809278293, 35.56378425115438], [139.54619074246867, 35.56415316988495], [139.54594695390094, 35.56448848200091], [139.54553348708322, 35.56486609605045], [139.54579252072506, 35.565008640661844], [139.5460026817078, 35.564816230972696], [139.54624880360132, 35.56474984980029], [139.54650000872877, 35.56478614781359], [139.5467768333369, 35.56481032496081], [139.54681632553644, 35.56496149931437], [139.546836409975, 35.564960524372665], [139.54796833863148, 35.56490448788339], [139.54879142641488, 35.56473888830691], [139.54917437937823, 35.5646618289159], [139.54906818535065, 35.56438065069002], [139.54948987970212, 35.56440575133373], [139.55035875707608, 35.564809890599776], [139.55105708034722, 35.565135818065315], [139.55127916844128, 35.56487511778378], [139.55047604810892, 35.56440864213381]]]}, "properties": {"name": "横浜市青葉区あざみ野南三丁目", "town": "あざみ野南三丁目", "population": 992, "households": 362}}, {"type": "Feature", "geometry": {"type": "Polygon", "coordinates": [[[139.54477373202516, 35.56496086081017], [139.54515293961103, 35.5646566475803], [139.54553348708322, 35.56486609605045], [139.54594695390094, 35.56448848200091], [139.54619074246867, 35.56415316988495], [139.54636809278293, 35.56378425115438], [139.54639114732933, 35.563663927226315], [139.54642441037078, 35.56349039192233], [139.54634848420372, 35.56274984283892], [139.54616774919518, 35.56182701322086], [139.5460899136308, 35.56142952722106], [139.54603380706686, 35.561203452505545], [139.54598001684403, 35.560986714455936], [139.5458866207843, 35.56061038075511], [139.54477699193586, 35.560599143607085], [139.54448624245853, 35.560646966867424], [139.5442558120343, 35.560684864387525], [139.54364948109162, 35.56068855184501], [139.5432903195413, 35.56069071820561], [139.54303945086357, 35.56064948345348], [139.54289072605815, 35.56059036045869], [139.54251727289247, 35.560382570236044], [139.5423225368692, 35.56027421964117], [139.54196052512066, 35.560072793383185], [139.54139275427292, 35.5606547376748], [139.5417906524206, 35.56087047710051], [139.54238874080215, 35.561194721101856], [139.54268624463026, 35.561351311731876], [139.5423897283838, 35.56173860452662], [139.54192588678956, 35.5623467723794], [139.54226899705588, 35.56266092387768], [139.5423726674897, 35.56275750523149], [139.54327968177486, 35.563621882971354], [139.54352910502774, 35.563845423611745], [139.5438363439536, 35.5641207888181], [139.544150973164, 35.56440275541822], [139.54445957050734, 35.56467931970184], [139.54477373202516, 35.56496086081017]]]}, "properties": {"name": "横浜市青葉区あざみ野南四丁目", "town": "あざみ野南四丁目", "population": 1333, "households": 430}}, {"type": "Feature", "geometry": {"type": "Polygon", "coordinates": [[[139.5417170025645, 35.562579912189], [139.5417261081108, 35.56256829711049], [139.54174768290062, 35.56257798105769], [139.54192588678956, 35.5623467723794], [139.5423897283838, 35.56173860452662], [139.54268624463026, 35.561351311731876], [139.54238874080215, 35.561194721101856], [139.5417906524206, 35.56087047710051], [139.54139275427292, 35.5606547376748], [139.54100681382252, 35.56044553993242], [139.54099556140025, 35.560406113299955], [139.5409777883785, 35.5601125993663], [139.54097756076644, 35.55962279988403], [139.5409366355842, 35.55953238912596], [139.54092597729635, 35.55946011295748], [139.54094294274057, 35.559381179163495], [139.54099547020166, 35.55883510219151], [139.54086680870213, 35.55858265548045], [139.5408306753606, 35.558636368705066], [139.54074417684043, 35.558641475526045], [139.5405338516652, 35.558667374632606], [139.5403602458267, 35.55895475553174], [139.5401150274105, 35.559229533913076], [139.53997497579516, 35.55924454539185], [139.53958230139537, 35.5592866538999], [139.53883529190196, 35.55936669669771], [139.53883471420002, 35.55947063270337], [139.53889948847362, 35.55947924077527], [139.53897283162394, 35.55953022817943], [139.53908636719302, 35.559525609480936], [139.53920088033823, 35.55958859667369], [139.53949390366714, 35.559805917092326], [139.53952019570235, 35.55996185239717], [139.5394446793692, 35.56020151550264], [139.5393802879683, 35.560439128213666], [139.53932654256397, 35.5604831845797], [139.53918444492078, 35.560730606204984], [139.5390669806902, 35.56077795931981], [139.5389825882942, 35.56083046253082], [139.53896397158292, 35.56090671522322], [139.538992466223, 35.56097935059675], [139.53914297779664, 35.56109622522156], [139.53917679187657, 35.56112250338536], [139.53918515018358, 35.56118695631321], [139.53920666454945, 35.56135288219086], [139.5391425967058, 35.56147335214565], [139.53914477997535, 35.561599547571355], [139.53911133134628, 35.5617138592528], [139.53883708238132, 35.56193623934901], [139.53879639602403, 35.5620030007022], [139.53878053344584, 35.562086125469506], [139.53899324719433, 35.5619932706831], [139.53902684059415, 35.56200965572096], [139.53960906945514, 35.56229411773592], [139.5394586610506, 35.562487681522654], [139.5389538950998, 35.563137289911396], [139.53910142851353, 35.56321672937789], [139.53927465531362, 35.56330425776925], [139.53923461389093, 35.56335373436854], [139.53894975597544, 35.563705761670136], [139.5386676652029, 35.56405434573546], [139.5387061668008, 35.56406609370623], [139.53922880116139, 35.56427823401959], [139.53960591085118, 35.56448614560164], [139.53999120709437, 35.56472372166779], [139.54041917622362, 35.56421194265149], [139.54111107357636, 35.5633410731928], [139.54133054823654, 35.56306641105147], [139.54132444377595, 35.563062995328174], [139.5413488019653, 35.56303303869262], [139.54138083314035, 35.562993645380814], [139.54150594307538, 35.56283978315866], [139.54152698506445, 35.56281390600388], [139.54162890108458, 35.562688566742956], [139.5417170025645, 35.562579912189]]]}, "properties": {"name": "横浜市青葉区みすずが丘", "town": "みすずが丘", "population": 1194, "households": 403}}, {"type": "Feature", "geometry": {"type": "Polygon", "coordinates": [[[139.48637340947099, 35.55811474432513], [139.48643021149908, 35.557808197828855], [139.48644335110322, 35.557808976490676], [139.48656025003314, 35.55782101539867], [139.48664412782315, 35.55751609888298], [139.4867369028601, 35.55723099537625], [139.48687017053362, 35.556808799224896], [139.4869982303341, 35.55638986302757], [139.48713623904305, 35.555956764933136], [139.48734618764004, 35.555553316816585], [139.48792374017347, 35.55490822321833], [139.48817207229482, 35.554626047538605], [139.48839597908534, 35.55437224759326], [139.48870576670512, 35.5540266982188], [139.4875105288388, 35.55386106320764], [139.48742075664404, 35.553848621860126], [139.4869050740627, 35.553780360541204], [139.48565164806382, 35.55361447198531], [139.48440622054483, 35.55353799227133], [139.4843813311037, 35.55353890339257], [139.4838968503439, 35.553556326179], [139.48390001053062, 35.553761400171474], [139.4839068520922, 35.5542053519412], [139.48391276522565, 35.55459021805081], [139.48391417844385, 35.55468141691516], [139.48390820257492, 35.55496632006347], [139.48387843380235, 35.55527756017207], [139.48386414761694, 35.555426879361896], [139.4838040973346, 35.555760351958256], [139.48378839997275, 35.555847591169005], [139.4836693349039, 35.556508835791206], [139.48364161802155, 35.556659839146604], [139.48362985649985, 35.55672364171361], [139.4835015853705, 35.557420349108206], [139.48400031024482, 35.55747740613095], [139.48426999114417, 35.557508248632494], [139.48471622660844, 35.55760754290644], [139.48496487571364, 35.55769948368731], [139.48513718280768, 35.557763167382085], [139.48554366884838, 35.55798680906994], [139.48622570209926, 35.55836204320993], [139.48637340947099, 35.55811474432513]]]}, "properties": {"name": "横浜市青葉区奈良一丁目", "town": "奈良一丁目", "population": 746, "households": 313}}, {"type": "Feature", "geometry": {"type": "Polygon", "coordinates": [[[139.49025573764513, 35.549223940611974], [139.49024984726242, 35.54916526358625], [139.48962177921678, 35.54921273273472], [139.48937273987502, 35.54911576602822], [139.489194419517, 35.54911189222681], [139.4887356406948, 35.54899335188996], [139.48847365919625, 35.54893053359401], [139.48831990506488, 35.54893511145528], [139.48824189705047, 35.548959984642366], [139.4881863224506, 35.54901344343248], [139.48799757464735, 35.5490547463291], [139.4878910008395, 35.54904939404909], [139.48764322436836, 35.54899003158152], [139.48716003977083, 35.548856272147475], [139.4870474771171, 35.54881572654281], [139.48679416861611, 35.54861564693924], [139.48676970406916, 35.548583744652234], [139.48660521604407, 35.54854966241609], [139.48655833809488, 35.54876937308207], [139.48648458034995, 35.54912294193443], [139.48648405027993, 35.54912565151402], [139.4864553926502, 35.54927168757926], [139.48641402512467, 35.54948247079875], [139.48617714570457, 35.55068284311971], [139.48625579676988, 35.55069406380372], [139.48618321003815, 35.55104499570854], [139.48610921320844, 35.55140271777322], [139.48602769258224, 35.55179682488927], [139.4859464555993, 35.552189454544596], [139.48587632933328, 35.5525284569568], [139.48580354095031, 35.552880267775535], [139.48573141247638, 35.55322894685324], [139.48565164806382, 35.55361447198531], [139.4869050740627, 35.553780360541204], [139.48742075664404, 35.553848621860126], [139.4875105288388, 35.55386106320764], [139.48870576670512, 35.5540266982188], [139.48901927009862, 35.55368809548146], [139.48931679760935, 35.553366803802895], [139.48976241242468, 35.5528759242398], [139.4899547110978, 35.55251957016794], [139.49002746113038, 35.552283597873945], [139.49008790640266, 35.551568524277045], [139.49009354226376, 35.55145932061455], [139.49010439258876, 35.551244044062756], [139.4901189561539, 35.55087561628058], [139.49012421859533, 35.55074282091733], [139.4900202610192, 35.5506085047516], [139.49001952991892, 35.55046681766755], [139.4900191291856, 35.55038907316761], [139.49011877261316, 35.55005508635915], [139.49021011356982, 35.549702447749915], [139.49015390714783, 35.54943954562022], [139.49025573764513, 35.549223940611974]]]}, "properties": {"name": "横浜市青葉区奈良二丁目", "town": "奈良二丁目", "population": 1850, "households": 650}}, {"type": "Feature", "geometry": {"type": "Polygon", "coordinates": [[[139.48565164806382, 35.55361447198531], [139.48573141247638, 35.55322894685324], [139.48580354095031, 35.552880267775535], [139.48587632933328, 35.5525284569568], [139.4859464555993, 35.552189454544596], [139.48602769258224, 35.55179682488927], [139.48610921320844, 35.55140271777322], [139.48618321003815, 35.55104499570854], [139.48625579676988, 35.55069406380372], [139.48617714570457, 35.55068284311971], [139.48641402512467, 35.54948247079875], [139.4864553926502, 35.54927168757926], [139.48648405027993, 35.54912565151402], [139.48648458034995, 35.54912294193443], [139.48655833809488, 35.54876937308207], [139.48660521604407, 35.54854966241609], [139.4859729485106, 35.54844231761608], [139.48579294486663, 35.54835466923937], [139.48543985088617, 35.548005209845726], [139.4853702693305, 35.54797986020074], [139.4853421021592, 35.547852491760445], [139.48531757964767, 35.54783900377104], [139.48502240587314, 35.54784146248308], [139.48488392165265, 35.54780731611492], [139.4845861999301, 35.547746352957176], [139.48431771858543, 35.5477388558593], [139.48411054812735, 35.547771720909005], [139.4839295467122, 35.54791525778623], [139.48389674499845, 35.54791850452242], [139.4836973357645, 35.54782118603778], [139.48339294097138, 35.54769080664317], [139.4833150192245, 35.5476762425149], [139.48267445443238, 35.547559886725374], [139.48246114245072, 35.547524177619565], [139.482419214175, 35.54783703198498], [139.48243541059557, 35.54788732751937], [139.4826712907263, 35.5482861198731], [139.48269786119005, 35.54833869611939], [139.48266982250115, 35.54862314423988], [139.48265953546095, 35.54866522556306], [139.48252521267258, 35.548912734256774], [139.48239528607675, 35.549085928316515], [139.4824835559205, 35.54908487109247], [139.48266782059764, 35.54908266302554], [139.48304766935033, 35.54907813477728], [139.4830447394161, 35.54909284430151], [139.4829829230385, 35.549401907371035], [139.48288643697265, 35.54994952074449], [139.48287808767768, 35.54999695797616], [139.4828853081843, 35.55031763676607], [139.48291613789087, 35.550550009968276], [139.48300436099504, 35.55080213159598], [139.4830542640764, 35.55092607955488], [139.48305529644585, 35.55092864252643], [139.48306235381662, 35.550946172953594], [139.48370162291434, 35.55207635811109], [139.48374138688087, 35.5521819650908], [139.48384308614084, 35.552526799434986], [139.4838885292706, 35.55301652966739], [139.4838889481025, 35.553043960562164], [139.48389037652413, 35.55313674136988], [139.48389491808945, 35.553430690268804], [139.4838968503439, 35.553556326179], [139.4843813311037, 35.55353890339257], [139.48440622054483, 35.55353799227133], [139.48565164806382, 35.55361447198531]]]}, "properties": {"name": "横浜市青葉区奈良三丁目", "town": "奈良三丁目", "population": 2798, "households": 1005}}, {"type": "Feature", "geometry": {"type": "Polygon", "coordinates": [[[139.4830447394161, 35.54909284430151], [139.48304766935033, 35.54907813477728], [139.48266782059764, 35.54908266302554], [139.48248355592054, 35.54908487109247], [139.48239528607678, 35.5490859283165], [139.48230875013277, 35.54919851717815], [139.4822322843204, 35.54933898570538], [139.48217419156114, 35.54949961435019], [139.48191732880534, 35.55011695239832], [139.4818978938477, 35.550344702929834], [139.48187762397268, 35.55075839366191], [139.4819836057543, 35.5508994127862], [139.48200171786993, 35.55097485127419], [139.48198086523942, 35.551058517257594], [139.48190204982828, 35.551267674223354], [139.48182979788095, 35.551384705330605], [139.48183707624574, 35.551597466374325], [139.48176266789284, 35.55173459638622], [139.48164769374134, 35.551777805386024], [139.48166943750942, 35.551963814675716], [139.4817750337537, 35.552188595061125], [139.48178501790935, 35.55225059464697], [139.48173529271043, 35.552374383962096], [139.4817422184862, 35.55243109339667], [139.48192583005368, 35.552551395216035], [139.48197001529326, 35.55260624446083], [139.48198809118523, 35.55269006278316], [139.4820209036826, 35.55311852247825], [139.4820385179793, 35.553348536800044], [139.48191959901558, 35.553820522674926], [139.48200536056152, 35.55413320204166], [139.48183331305842, 35.554802134313384], [139.48189968929577, 35.55509408589011], [139.4818993271693, 35.555177004797876], [139.48180072287394, 35.55538247660859], [139.48178908006494, 35.55546842424326], [139.48182572770034, 35.55568042956812], [139.4818065925075, 35.555760229697874], [139.48166617304997, 35.55607303614744], [139.4814993185723, 35.556296820573635], [139.48139164278234, 35.556398640346245], [139.4812493534768, 35.5564835607961], [139.48121638191233, 35.556687080998515], [139.48114701707794, 35.556738700846985], [139.48091747482553, 35.55681212519471], [139.48088131441838, 35.55684807107482], [139.48059341292202, 35.55722468872603], [139.48006763352916, 35.55791250986393], [139.48005939592957, 35.55795829267686], [139.48003883427575, 35.55807273356947], [139.47994377561022, 35.558239412157626], [139.4798927589432, 35.558419849378375], [139.47981370152021, 35.55865664482357], [139.4796522148335, 35.558847837214344], [139.47968329564378, 35.55908024805271], [139.48009976667166, 35.559068589467486], [139.48056801564124, 35.55902659429386], [139.48059312587668, 35.55902434591287], [139.48121741821078, 35.558990496354504], [139.48135872792605, 35.55898282563444], [139.4821434233957, 35.558940265913954], [139.48262498129495, 35.5589141478213], [139.48269353508655, 35.558910435981105], [139.48278885590238, 35.5589052757696], [139.48352021040358, 35.55886560802447], [139.48344161529695, 35.55796275810899], [139.4834418253159, 35.557934273103356], [139.48344330741415, 35.55773692524133], [139.4835015853705, 35.557420349108206], [139.48362985649985, 35.55672364171361], [139.48364161802155, 35.556659839146604], [139.4836693349039, 35.556508835791206], [139.48378839997275, 35.555847591169005], [139.4838040973346, 35.555760351958256], [139.48386414761694, 35.55542687936194], [139.48387843380235, 35.5552775601721], [139.48390820257492, 35.55496632006347], [139.48391417844385, 35.55468141691516], [139.48391276522565, 35.55459021805081], [139.4839068520922, 35.5542053519412], [139.48390001053062, 35.553761400171474], [139.4838968503439, 35.553556326179], [139.48389491808945, 35.553430690268804], [139.48389037652413, 35.55313674136988], [139.4838889481025, 35.55304396056214], [139.4838885292706, 35.55301652966739], [139.48384308614084, 35.552526799434965], [139.48374138688087, 35.5521819650908], [139.48370162291434, 35.55207635811109], [139.48306235381665, 35.550946172953594], [139.48305529644585, 35.55092864252643], [139.4830542640764, 35.55092607955488], [139.48300436099504, 35.55080213159598], [139.48291613789087, 35.550550009968276], [139.4828853081843, 35.55031763676607], [139.48287808767768, 35.54999695797616], [139.48288643697265, 35.54994952074449], [139.4829829230385, 35.549401907371035], [139.4830447394161, 35.54909284430151]]]}, "properties": {"name": "横浜市青葉区奈良四丁目", "town": "奈良四丁目", "population": 2905, "households": 1017}}, {"type": "Feature", "geometry": {"type": "Polygon", "coordinates": [[[139.48225653404188, 35.56179987077936], [139.48242788129005, 35.561663729720856], [139.48248246044074, 35.561597354952035], [139.48251227919306, 35.56155203669013], [139.48254309456, 35.56150688398399], [139.4826152749929, 35.561032538269494], [139.48261576674858, 35.56102831563042], [139.4826363646721, 35.56084553014069], [139.4826755690374, 35.56076892528487], [139.48282861368764, 35.56059576595969], [139.48295627530396, 35.56049699842836], [139.48320654099257, 35.56023846300872], [139.4834840893309, 35.560022965907656], [139.4836170279095, 35.55999347131943], [139.4840921063946, 35.5598881060012], [139.48423334086252, 35.55981877700872], [139.48435837449998, 35.5597041907979], [139.4851346589928, 35.55957694653807], [139.48536659847463, 35.55955320786051], [139.48546367588918, 35.55948592848718], [139.4856725010012, 35.55923170125877], [139.48602951388625, 35.55908886606599], [139.48610161391719, 35.55903725212347], [139.48610817101286, 35.558531334808755], [139.48622570209926, 35.55836204320993], [139.48554366884838, 35.55798680906994], [139.48513718280768, 35.557763167382085], [139.48496487571364, 35.55769948368731], [139.48471622660844, 35.55760754290644], [139.48426999114417, 35.557508248632494], [139.48400031024482, 35.55747740613095], [139.4835015853705, 35.557420349108206], [139.48344330741415, 35.55773692524133], [139.4834418253159, 35.557934273103356], [139.48344161529695, 35.557962758109], [139.48352021040358, 35.55886560802447], [139.48278885590238, 35.5589052757696], [139.48269353508658, 35.558910435981105], [139.48262498129495, 35.55891414782127], [139.4821434233957, 35.558940265913954], [139.48135872792605, 35.55898282563444], [139.48121741821078, 35.558990496354504], [139.48059312587668, 35.55902434591287], [139.48056801564124, 35.55902659429386], [139.48009976667166, 35.559068589467486], [139.47968329564378, 35.55908024805271], [139.4797176603502, 35.5593157310362], [139.4794046432036, 35.55948132392388], [139.47921432792785, 35.55947137964902], [139.47897964890106, 35.55949056021295], [139.47879695963522, 35.55956873337803], [139.47848371274756, 35.559761434561395], [139.47841150201518, 35.55987585883895], [139.47837455974766, 35.559966447196814], [139.47824595601895, 35.56018942677606], [139.47817357139135, 35.56027490714459], [139.47790698646136, 35.560497219405676], [139.47799814490557, 35.56052256764925], [139.47803916316823, 35.560533995757645], [139.47824656273852, 35.56047177746435], [139.47838722758323, 35.560479248860986], [139.4785000149843, 35.560524977731234], [139.47863174832028, 35.56061822785129], [139.47871376502218, 35.560718017444174], [139.47881726092794, 35.560896951877226], [139.47884932315534, 35.561014017694696], [139.47885239446248, 35.56102113891776], [139.47891187659525, 35.561154906794975], [139.47918287983651, 35.56144082713403], [139.4792210185383, 35.56145555533537], [139.47979912509882, 35.561678749561835], [139.48008084217503, 35.56172439383661], [139.48045640554594, 35.56176764626231], [139.4805392451455, 35.56176017157229], [139.48070558442578, 35.561745161288584], [139.48099809988406, 35.561849495392934], [139.48111661189074, 35.56186812856155], [139.4814945786984, 35.56187448423126], [139.48173788819744, 35.5619331766265], [139.48189399721, 35.56196227415684], [139.48198951342533, 35.56198794963286], [139.48204039417783, 35.56196663918045], [139.48225653404188, 35.56179987077936]]]}, "properties": {"name": "横浜市青葉区奈良五丁目", "town": "奈良五丁目", "population": 2344, "households": 910}}]}