{
  "type": "FeatureCollection",
  "features": [
    {
      "type": "Feature",
      "geometry": {
        "type": "Point",
        "coordinates": [
          139.77818,
          35.62961
        ]
      },
      "properties": {
        "name": "お台場海浜公園",
        "company": "ゆりかもめ",
        "line": "東京臨海新交通臨海線",
        "passengers": 16899
      }
    },
    {
      "type": "Feature",
      "geometry": {
        "type": "Point",
        "coordinates": [
          139.77335,
          35.62129
        ]
      },
      "properties": {
        "name": "東京国際クルーズターミナル",
        "company": "ゆりかもめ",
        "line": "東京臨海新交通臨海線",
        "passengers": 3191
      }
    },
    {
      "type": "Feature",
      "geometry": {
        "type": "Point",
        "coordinates": [
          139.78001,
          35.61791
        ]
      },
      "properties": {
        "name": "テレコムセンター",
        "company": "ゆりかもめ",
        "line": "東京臨海新交通臨海線",
        "passengers": 12140
      }
    },
    {
      "type": "Feature",
      "geometry": {
        "type": "Point",
        "coordinates": [
          139.76036,
          35.66328
        ]
      },
      "properties": {
        "name": "汐留",
        "company": "ゆりかもめ",
        "line": "東京臨海新交通臨海線",
        "passengers": 8755
      }
    },
    {
      "type": "Feature",
      "geometry": {
        "type": "Point",
        "coordinates": [
          139.77103,
          35.62568
        ]
      },
      "properties": {
        "name": "台場",
        "company": "ゆりかもめ",
        "line": "東京臨海新交通臨海線",
        "passengers": 21421
      }
    },
    {
      "type": "Feature",
      "geometry": {
        "type": "Point",
        "coordinates": [
          139.79313,
          35.63482
        ]
      },
      "properties": {
        "name": "有明",
        "company": "ゆりかもめ",
        "line": "東京臨海新交通臨海線",
        "passengers": 5818
      }
    },
    {
      "type": "Feature",
      "geometry": {
        "type": "Point",
        "coordinates": [
          139.792,
          35.63059
        ]
      },
      "properties": {
        "name": "東京ビッグサイト",
        "company": "ゆりかもめ",
        "line": "東京臨海新交通臨海線",
        "passengers": 16690
      }
    },
    {
      "type": "Feature",
      "geometry": {
        "type": "Point",
        "coordinates": [
          139.76082,
          35.6648
        ]
      },
      "properties": {
        "name": "新橋",
        "company": "ゆりかもめ",
        "line": "東京臨海新交通臨海線",
        "passengers": 63123
      }
    },
    {
      "type": "Feature",
      "geometry": {
        "type": "Point",
        "coordinates": [
          139.76179,
          35.65378
        ]
      },
      "properties": {
        "name": "竹芝",
        "company": "ゆりかもめ",
        "line": "東京臨海新交通臨海線",
        "passengers": 4508
      }
    },
    {
      "type": "Feature",
      "geometry": {
        "type": "Point",
        "coordinates": [
          139.75786,
          35.64249
        ]
      },
      "properties": {
        "name": "芝浦ふ頭",
        "company": "ゆりかもめ",
        "line": "東京臨海新交通臨海線",
        "passengers": 5090
      }
    },
    {
      "type": "Feature",
      "geometry": {
        "type": "Point",
        "coordinates": [
          139.75932,
          35.64961
        ]
      },
      "properties": {
        "name": "日の出",
        "company": "ゆりかもめ",
        "line": "東京臨海新交通臨海線",
        "passengers": 2322
      }
    },
    {
      "type": "Feature",
      "geometry": {
        "type": "Point",
        "coordinates": [
          139.78072,
          35.62447
        ]
      },
      "properties": {
        "name": "青海",
        "company": "ゆりかもめ",
        "line": "東京臨海新交通臨海線",
        "passengers": 11884
      }
    },
    {
      "type": "Feature",
      "geometry": {
        "type": "Point",
        "coordinates": [
          139.78985,
          35.64853
        ]
      },
      "properties": {
        "name": "新豊洲",
        "company": "ゆりかもめ",
        "line": "東京臨海新交通臨海線",
        "passengers": 6796
      }
    },
    {
      "type": "Feature",
      "geometry": {
        "type": "Point",
        "coordinates": [
          139.7853,
          35.64548
        ]
      },
      "properties": {
        "name": "市場前",
        "company": "ゆりかもめ",
        "line": "東京臨海新交通臨海線",
        "passengers": 11393
      }
    },
    {
      "type": "Feature",
      "geometry": {
        "type": "Point",
        "coordinates": [
          139.78913,
          35.63971
        ]
      },
      "properties": {
        "name": "有明テニスの森",
        "company": "ゆりかもめ",
        "line": "東京臨海新交通臨海線",
        "passengers": 5022
      }
    },
    {
      "type": "Feature",
      "geometry": {
        "type": "Point",
        "coordinates": [
          139.79504,
          35.65341
        ]
      },
      "properties": {
        "name": "豊洲",
        "company": "ゆりかもめ",
        "line": "東京臨海新交通臨海線",
        "passengers": 28916
      }
    },
    {
      "type": "Feature",
      "geometry": {
        "type": "Point",
        "coordinates": [
          139.03763,
          35.12767
        ]
      },
      "properties": {
        "name": "十国登り口",
        "company": "伊豆箱根鉄道",
        "line": "十国鋼索線",
        "passengers": 433
      }
    },
    {
      "type": "Feature",
      "geometry": {
        "type": "Point",
        "coordinates": [
          139.0411,
          35.12768
        ]
      },
      "properties": {
        "name": "十国峠",
        "company": "伊豆箱根鉄道",
        "line": "十国鋼索線",
        "passengers": 433
      }
    },
    {
      "type": "Feature",
      "geometry": {
        "type": "Point",
        "coordinates": [
          138.90989,
          35.12572
        ]
      },
      "properties": {
        "name": "三島",
        "company": "伊豆箱根鉄道",
        "line": "駿豆線",
        "passengers": 16899
      }
    },
    {
      "type": "Feature",
      "geometry": {
        "type": "Point",
        "coordinates": [
          138.94537,
          35.05419
        ]
      },
      "properties": {
        "name": "韮山",
        "company": "伊豆箱根鉄道",
        "line": "駿豆線",
        "passengers": 2926
      }
    },
    {
      "type": "Feature",
      "geometry": {
        "type": "Point",
        "coordinates": [
          138.92646,
          35.11064
        ]
      },
      "properties": {
        "name": "三島二日町",
        "company": "伊豆箱根鉄道",
        "line": "駿豆線",
        "passengers": 2924
      }
    },
    {
      "type": "Feature",
      "geometry": {
        "type": "Point",
        "coordinates": [
          138.94358,
          35.06623
        ]
      },
      "properties": {
        "name": "原木",
        "company": "伊豆箱根鉄道",
        "line": "駿豆線",
        "passengers": 687
      }
    },
    {
      "type": "Feature",
      "geometry": {
        "type": "Point",
        "coordinates": [
          138.93953,
          35.09131
        ]
      },
      "properties": {
        "name": "大場",
        "company": "伊豆箱根鉄道",
        "line": "駿豆線",
        "passengers": 4911
      }
    },
    {
      "type": "Feature",
      "geometry": {
        "type": "Point",
        "coordinates": [
          138.91934,
          35.11586
        ]
      },
      "properties": {
        "name": "三島田町",
        "company": "伊豆箱根鉄道",
        "line": "駿豆線",
        "passengers": 2650
      }
    },
    {
      "type": "Feature",
      "geometry": {
        "type": "Point",
        "coordinates": [
          138.94146,
          35.0794
        ]
      },
      "properties": {
        "name": "伊豆仁田",
        "company": "伊豆箱根鉄道",
        "line": "駿豆線",
        "passengers": 3193
      }
    },
    {
      "type": "Feature",
      "geometry": {
        "type": "Point",
        "coordinates": [
          138.91144,
          35.11898
        ]
      },
      "properties": {
        "name": "三島広小路",
        "company": "伊豆箱根鉄道",
        "line": "駿豆線",
        "passengers": 3806
      }
    },
    {
      "type": "Feature",
      "geometry": {
        "type": "Point",
        "coordinates": [
          139.14904,
          35.27962
        ]
      },
      "properties": {
        "name": "穴部",
        "company": "伊豆箱根鉄道",
        "line": "大雄山線",
        "passengers": 1355
      }
    },
    {
      "type": "Feature",
      "geometry": {
        "type": "Point",
        "coordinates": [
          139.11779,
          35.31601
        ]
      },
      "properties": {
        "name": "和田河原",
        "company": "伊豆箱根鉄道",
        "line": "大雄山線",
        "passengers": 3065
      }
    },
    {
      "type": "Feature",
      "geometry": {
        "type": "Point",
        "coordinates": [
          139.15631,
          35.25613
        ]
      },
      "properties": {
        "name": "小田原",
        "company": "伊豆箱根鉄道",
        "line": "大雄山線",
        "passengers": 17017
      }
    },
    {
      "type": "Feature",
      "geometry": {
        "type": "Point",
        "coordinates": [
          139.12903,
          35.29857
        ]
      },
      "properties": {
        "name": "岩原",
        "company": "伊豆箱根鉄道",
        "line": "大雄山線",
        "passengers": 1493
      }
    },
    {
      "type": "Feature",
      "geometry": {
        "type": "Point",
        "coordinates": [
          139.10328,
          35.31913
        ]
      },
      "properties": {
        "name": "大雄山",
        "company": "伊豆箱根鉄道",
        "line": "大雄山線",
        "passengers": 4986
      }
    },
    {
      "type": "Feature",
      "geometry": {
        "type": "Point",
        "coordinates": [
          139.15742,
          35.26865
        ]
      },
      "properties": {
        "name": "井細田",
        "company": "伊豆箱根鉄道",
        "line": "大雄山線",
        "passengers": 3481
      }
    },
    {
      "type": "Feature",
      "geometry": {
        "type": "Point",
        "coordinates": [
          139.15844,
          35.259
        ]
      },
      "properties": {
        "name": "緑町",
        "company": "伊豆箱根鉄道",
        "line": "大雄山線",
        "passengers": 516
      }
    },
    {
      "type": "Feature",
      "geometry": {
        "type": "Point",
        "coordinates": [
          139.13429,
          35.292
        ]
      },
      "properties": {
        "name": "相模沼田",
        "company": "伊豆箱根鉄道",
        "line": "大雄山線",
        "passengers": 2900
      }
    },
    {
      "type": "Feature",
      "geometry": {
        "type": "Point",
        "coordinates": [
          139.15595,
          35.27491
        ]
      },
      "properties": {
        "name": "五百羅漢",
        "company": "伊豆箱根鉄道",
        "line": "大雄山線",
        "passengers": 1442
      }
    },
    {
      "type": "Feature",
      "geometry": {
        "type": "Point",
        "coordinates": [
          139.12691,
          35.30112
        ]
      },
      "properties": {
        "name": "塚原",
        "company": "伊豆箱根鉄道",
        "line": "大雄山線",
        "passengers": 2240
      }
    },
    {
      "type": "Feature",
      "geometry": {
        "type": "Point",
        "coordinates": [
          139.13962,
          35.28767
        ]
      },
      "properties": {
        "name": "飯田岡",
        "company": "伊豆箱根鉄道",
        "line": "大雄山線",
        "passengers": 1768
      }
    },
    {
      "type": "Feature",
      "geometry": {
        "type": "Point",
        "coordinates": [
          139.10911,
          35.3178
        ]
      },
      "properties": {
        "name": "富士フイルム前",
        "company": "伊豆箱根鉄道",
        "line": "大雄山線",
        "passengers": 1309
      }
    },
    {
      "type": "Feature",
      "geometry": {
        "type": "Point",
        "coordinates": [
          139.63183,
          35.45847
        ]
      },
      "properties": {
        "name": "みなとみらい",
        "company": "横浜高速鉄道",
        "line": "みなとみらい21線",
        "passengers": 90677
      }
    },
    {
      "type": "Feature",
      "geometry": {
        "type": "Point",
        "coordinates": [
          139.64977,
          35.44296
        ]
      },
      "properties": {
        "name": "元町・中華街",
        "company": "横浜高速鉄道",
        "line": "みなとみらい21線",
        "passengers": 63291
      }
    },
    {
      "type": "Feature",
      "geometry": {
        "type": "Point",
        "coordinates": [
          139.62567,
          35.46196
        ]
      },
      "properties": {
        "name": "新高島",
        "company": "横浜高速鉄道",
        "line": "みなとみらい21線",
        "passengers": 7039
      }
    },
    {
      "type": "Feature",
      "geometry": {
        "type": "Point",
        "coordinates": [
          139.63519,
          35.4505
        ]
      },
      "properties": {
        "name": "馬車道",
        "company": "横浜高速鉄道",
        "line": "みなとみらい21線",
        "passengers": 41627
      }
    },
    {
      "type": "Feature",
      "geometry": {
        "type": "Point",
        "coordinates": [
          139.64175,
          35.44735
        ]
      },
      "properties": {
        "name": "日本大通り",
        "company": "横浜高速鉄道",
        "line": "みなとみらい21線",
        "passengers": 27025
      }
    },
    {
      "type": "Feature",
      "geometry": {
        "type": "Point",
        "coordinates": [
          139.62275,
          35.46687
        ]
      },
      "properties": {
        "name": "横浜",
        "company": "横浜高速鉄道",
        "line": "みなとみらい21線",
        "passengers": 367023
      }
    },
    {
      "type": "Feature",
      "geometry": {
        "type": "Point",
        "coordinates": [
          139.61924,
          35.43557
        ]
      },
      "properties": {
        "name": "吉野町",
        "company": "横浜市",
        "line": "1号線",
        "passengers": 16066
      }
    },
    {
      "type": "Feature",
      "geometry": {
        "type": "Point",
        "coordinates": [
          139.6244,
          35.43728
        ]
      },
      "properties": {
        "name": "阪東橋",
        "company": "横浜市",
        "line": "1号線",
        "passengers": 21344
      }
    },
    {
      "type": "Feature",
      "geometry": {
        "type": "Point",
        "coordinates": [
          139.59194,
          35.40153
        ]
      },
      "properties": {
        "name": "港南中央",
        "company": "横浜市",
        "line": "1号線",
        "passengers": 19627
      }
    },
    {
      "type": "Feature",
      "geometry": {
        "type": "Point",
        "coordinates": [
          139.63204,
          35.44065
        ]
      },
      "properties": {
        "name": "伊勢佐木長者町",
        "company": "横浜市",
        "line": "1号線",
        "passengers": 16734
      }
    },
    {
      "type": "Feature",
      "geometry": {
        "type": "Point",
        "coordinates": [
          139.59601,
          35.40987
        ]
      },
      "properties": {
        "name": "上大岡",
        "company": "横浜市",
        "line": "1号線",
        "passengers": 73500
      }
    },
    {
      "type": "Feature",
      "geometry": {
        "type": "Point",
        "coordinates": [
          139.60227,
          35.42359
        ]
      },
      "properties": {
        "name": "弘明寺",
        "company": "横浜市",
        "line": "1号線",
        "passengers": 20278
      }
    },
    {
      "type": "Feature",
      "geometry": {
        "type": "Point",
        "coordinates": [
          139.61113,
          35.43074
        ]
      },
      "properties": {
        "name": "蒔田",
        "company": "横浜市",
        "line": "1号線",
        "passengers": 22959
      }
    },
    {
      "type": "Feature",
      "geometry": {
        "type": "Point",
        "coordinates": [
          139.63673,
          35.44537
        ]
      },
      "properties": {
        "name": "関内",
        "company": "横浜市",
        "line": "1号線・3号線",
        "passengers": 46816
      }
    },
    {
      "type": "Feature",
      "geometry": {
        "type": "Point",
        "coordinates": [
          139.4652,
          35.39602
        ]
      },
      "properties": {
        "name": "湘南台",
        "company": "横浜市",
        "line": "1号線",
        "passengers": 48023
      }
    },
    {
      "type": "Feature",
      "geometry": {
        "type": "Point",
        "coordinates": [
          139.51895,
          35.40528
        ]
      },
      "properties": {
        "name": "踊場",
        "company": "横浜市",
        "line": "1号線",
        "passengers": 19146
      }
    },
    {
      "type": "Feature",
      "geometry": {
        "type": "Point",
        "coordinates": [
          139.55201,
          35.40269
        ]
      },
      "properties": {
        "name": "舞岡",
        "company": "横浜市",
        "line": "1号線",
        "passengers": 5667
      }
    },
    {
      "type": "Feature",
      "geometry": {
        "type": "Point",
        "coordinates": [
          139.57337,
          35.40104
        ]
      },
      "properties": {
        "name": "上永谷",
        "company": "横浜市",
        "line": "1号線",
        "passengers": 37146
      }
    },
    {
      "type": "Feature",
      "geometry": {
        "type": "Point",
        "coordinates": [
          139.55969,
          35.40261
        ]
      },
      "properties": {
        "name": "下永谷",
        "company": "横浜市",
        "line": "1号線",
        "passengers": 11360
      }
    },
    {
      "type": "Feature",
      "geometry": {
        "type": "Point",
        "coordinates": [
          139.51178,
          35.41088
        ]
      },
      "properties": {
        "name": "中田",
        "company": "横浜市",
        "line": "1号線",
        "passengers": 18030
      }
    },
    {
      "type": "Feature",
      "geometry": {
        "type": "Point",
        "coordinates": [
          139.50135,
          35.41447
        ]
      },
      "properties": {
        "name": "立場",
        "company": "横浜市",
        "line": "1号線",
        "passengers": 22586
      }
    },
    {
      "type": "Feature",
      "geometry": {
        "type": "Point",
        "coordinates": [
          139.53556,
          35.40113
        ]
      },
      "properties": {
        "name": "戸塚",
        "company": "横浜市",
        "line": "1号線",
        "passengers": 88836
      }
    },
    {
      "type": "Feature",
      "geometry": {
        "type": "Point",
        "coordinates": [
          139.48251,
          35.40324
        ]
      },
      "properties": {
        "name": "下飯田",
        "company": "横浜市",
        "line": "1号線",
        "passengers": 6571
      }
    },
    {
      "type": "Feature",
      "geometry": {
        "type": "Point",
        "coordinates": [
          139.58876,
          35.53549
        ]
      },
      "properties": {
        "name": "仲町台",
        "company": "横浜市",
        "line": "3号線",
        "passengers": 33642
      }
    },
    {
      "type": "Feature",
      "geometry": {
        "type": "Point",
        "coordinates": [
          139.62414,
          35.4581
        ]
      },
      "properties": {
        "name": "高島町",
        "company": "横浜市",
        "line": "3号線",
        "passengers": 10680
      }
    },
    {
      "type": "Feature",
      "geometry": {
        "type": "Point",
        "coordinates": [
          139.61287,
          35.5189
        ]
      },
      "properties": {
        "name": "北新横浜",
        "company": "横浜市",
        "line": "3号線",
        "passengers": 12471
      }
    },
    {
      "type": "Feature",
      "geometry": {
        "type": "Point",
        "coordinates": [
          139.60606,
          35.47643
        ]
      },
      "properties": {
        "name": "三ツ沢上町",
        "company": "横浜市",
        "line": "3号線",
        "passengers": 16736
      }
    },
    {
      "type": "Feature",
      "geometry": {
        "type": "Point",
        "coordinates": [
          139.61194,
          35.52781
        ]
      },
      "properties": {
        "name": "新羽",
        "company": "横浜市",
        "line": "3号線",
        "passengers": 21430
      }
    },
    {
      "type": "Feature",
      "geometry": {
        "type": "Point",
        "coordinates": [
          139.61631,
          35.49504
        ]
      },
      "properties": {
        "name": "岸根公園",
        "company": "横浜市",
        "line": "3号線",
        "passengers": 11884
      }
    },
    {
      "type": "Feature",
      "geometry": {
        "type": "Point",
        "coordinates": [
          139.606,
          35.48947
        ]
      },
      "properties": {
        "name": "片倉町",
        "company": "横浜市",
        "line": "3号線",
        "passengers": 21979
      }
    },
    {
      "type": "Feature",
      "geometry": {
        "type": "Point",
        "coordinates": [
          139.61613,
          35.47651
        ]
      },
      "properties": {
        "name": "三ツ沢下町",
        "company": "横浜市",
        "line": "3号線",
        "passengers": 12592
      }
    },
    {
      "type": "Feature",
      "geometry": {
        "type": "Point",
        "coordinates": [
          139.6205,
          35.46462
        ]
      },
      "properties": {
        "name": "横浜",
        "company": "横浜市",
        "line": "3号線",
        "passengers": 144044
      }
    },
    {
      "type": "Feature",
      "geometry": {
        "type": "Point",
        "coordinates": [
          139.57858,
          35.55394
        ]
      },
      "properties": {
        "name": "センター北",
        "company": "横浜市",
        "line": "3号線",
        "passengers": 60889
      }
    },
    {
      "type": "Feature",
      "geometry": {
        "type": "Point",
        "coordinates": [
          139.61753,
          35.5088
        ]
      },
      "properties": {
        "name": "新横浜",
        "company": "横浜市",
        "line": "3号線",
        "passengers": 72750
      }
    },
    {
      "type": "Feature",
      "geometry": {
        "type": "Point",
        "coordinates": [
          139.63118,
          35.44908
        ]
      },
      "properties": {
        "name": "桜木町",
        "company": "横浜市",
        "line": "3号線",
        "passengers": 39231
      }
    },
    {
      "type": "Feature",
      "geometry": {
        "type": "Point",
        "coordinates": [
          139.5746,
          35.54593
        ]
      },
      "properties": {
        "name": "センター南",
        "company": "横浜市",
        "line": "3号線",
        "passengers": 58579
      }
    },
    {
      "type": "Feature",
      "geometry": {
        "type": "Point",
        "coordinates": [
          139.55354,
          35.56805
        ]
      },
      "properties": {
        "name": "あざみ野",
        "company": "横浜市",
        "line": "3号線",
        "passengers": 80055
      }
    },
    {
      "type": "Feature",
      "geometry": {
        "type": "Point",
        "coordinates": [
          139.56912,
          35.56343
        ]
      },
      "properties": {
        "name": "中川",
        "company": "横浜市",
        "line": "3号線",
        "passengers": 18872
      }
    },
    {
      "type": "Feature",
      "geometry": {
        "type": "Point",
        "coordinates": [
          139.64106,
          35.3406
        ]
      },
      "properties": {
        "name": "八景島",
        "company": "横浜シーサイドライン",
        "line": "金沢シーサイドライン",
        "passengers": 4770
      }
    },
    {
      "type": "Feature",
      "geometry": {
        "type": "Point",
        "coordinates": [
          139.6459,
          35.35343
        ]
      },
      "properties": {
        "name": "産業振興センター",
        "company": "横浜シーサイドライン",
        "line": "金沢シーサイドライン",
        "passengers": 4621
      }
    },
    {
      "type": "Feature",
      "geometry": {
        "type": "Point",
        "coordinates": [
          139.63123,
          35.33042
        ]
      },
      "properties": {
        "name": "野島公園",
        "company": "横浜シーサイドライン",
        "line": "金沢シーサイドライン",
        "passengers": 2882
      }
    },
    {
      "type": "Feature",
      "geometry": {
        "type": "Point",
        "coordinates": [
          139.64369,
          35.35805
        ]
      },
      "properties": {
        "name": "幸浦",
        "company": "横浜シーサイドライン",
        "line": "金沢シーサイドライン",
        "passengers": 5617
      }
    },
    {
      "type": "Feature",
      "geometry": {
        "type": "Point",
        "coordinates": [
          139.63622,
          35.34236
        ]
      },
      "properties": {
        "name": "海の公園柴口",
        "company": "横浜シーサイドライン",
        "line": "金沢シーサイドライン",
        "passengers": 2091
      }
    },
    {
      "type": "Feature",
      "geometry": {
        "type": "Point",
        "coordinates": [
          139.64277,
          35.37164
        ]
      },
      "properties": {
        "name": "並木北",
        "company": "横浜シーサイドライン",
        "line": "金沢シーサイドライン",
        "passengers": 3582
      }
    },
    {
      "type": "Feature",
      "geometry": {
        "type": "Point",
        "coordinates": [
          139.64203,
          35.37691
        ]
      },
      "properties": {
        "name": "鳥浜",
        "company": "横浜シーサイドライン",
        "line": "金沢シーサイドライン",
        "passengers": 6810
      }
    },
    {
      "type": "Feature",
      "geometry": {
        "type": "Point",
        "coordinates": [
          139.62217,
          35.3315
        ]
      },
      "properties": {
        "name": "金沢八景",
        "company": "横浜シーサイドライン",
        "line": "金沢シーサイドライン",
        "passengers": 16044
      }
    },
    {
      "type": "Feature",
      "geometry": {
        "type": "Point",
        "coordinates": [
          139.64298,
          35.3651
        ]
      },
      "properties": {
        "name": "並木中央",
        "company": "横浜シーサイドライン",
        "line": "金沢シーサイドライン",
        "passengers": 5265
      }
    },
    {
      "type": "Feature",
      "geometry": {
        "type": "Point",
        "coordinates": [
          139.62108,
          35.38545
        ]
      },
      "properties": {
        "name": "新杉田",
        "company": "横浜シーサイドライン",
        "line": "金沢シーサイドライン",
        "passengers": 33368
      }
    },
    {
      "type": "Feature",
      "geometry": {
        "type": "Point",
        "coordinates": [
          139.63217,
          35.33754
        ]
      },
      "properties": {
        "name": "海の公園南口",
        "company": "横浜シーサイドライン",
        "line": "金沢シーサイドライン",
        "passengers": 1618
      }
    },
    {
      "type": "Feature",
      "geometry": {
        "type": "Point",
        "coordinates": [
          139.6336,
          35.3801
        ]
      },
      "properties": {
        "name": "南部市場",
        "company": "横浜シーサイドライン",
        "line": "金沢シーサイドライン",
        "passengers": 3044
      }
    },
    {
      "type": "Feature",
      "geometry": {
        "type": "Point",
        "coordinates": [
          139.64852,
          35.34995
        ]
      },
      "properties": {
        "name": "福浦",
        "company": "横浜シーサイドライン",
        "line": "金沢シーサイドライン",
        "passengers": 4154
      }
    },
    {
      "type": "Feature",
      "geometry": {
        "type": "Point",
        "coordinates": [
          139.65012,
          35.34425
        ]
      },
      "properties": {
        "name": "市大医学部",
        "company": "横浜シーサイドライン",
        "line": "金沢シーサイドライン",
        "passengers": 11397
      }
    },
    {
      "type": "Feature",
      "geometry": {
        "type": "Point",
        "coordinates": [
          139.58282,
          35.69755
        ]
      },
      "properties": {
        "name": "井の頭公園",
        "company": "京王電鉄",
        "line": "井の頭線",
        "passengers": 6814
      }
    },
    {
      "type": "Feature",
      "geometry": {
        "type": "Point",
        "coordinates": [
          139.58046,
          35.70205
        ]
      },
      "properties": {
        "name": "吉祥寺",
        "company": "京王電鉄",
        "line": "井の頭線",
        "passengers": 146901
      }
    },
    {
      "type": "Feature",
      "geometry": {
        "type": "Point",
        "coordinates": [
          139.58874,
          35.6922
        ]
      },
      "properties": {
        "name": "三鷹台",
        "company": "京王電鉄",
        "line": "井の頭線",
        "passengers": 22072
      }
    },
    {
      "type": "Feature",
      "geometry": {
        "type": "Point",
        "coordinates": [
          139.68317,
          35.65886
        ]
      },
      "properties": {
        "name": "駒場東大前",
        "company": "京王電鉄",
        "line": "井の頭線",
        "passengers": 37851
      }
    },
    {
      "type": "Feature",
      "geometry": {
        "type": "Point",
        "coordinates": [
          139.69357,
          35.6572
        ]
      },
      "properties": {
        "name": "神泉",
        "company": "京王電鉄",
        "line": "井の頭線",
        "passengers": 11328
      }
    },
    {
      "type": "Feature",
      "geometry": {
        "type": "Point",
        "coordinates": [
          139.65048,
          35.66863
        ]
      },
      "properties": {
        "name": "明大前",
        "company": "京王電鉄",
        "line": "井の頭線",
        "passengers": 0
      }
    },
    {
      "type": "Feature",
      "geometry": {
        "type": "Point",
        "coordinates": [
          139.698906,
          35.658403
        ]
      },
      "properties": {
        "name": "渋谷",
        "company": "京王電鉄",
        "line": "井の頭線",
        "passengers": 360655
      }
    },
    {
      "type": "Feature",
      "geometry": {
        "type": "Point",
        "coordinates": [
          139.64331,
          35.67597
        ]
      },
      "properties": {
        "name": "永福町",
        "company": "京王電鉄",
        "line": "井の頭線",
        "passengers": 33308
      }
    },
    {
      "type": "Feature",
      "geometry": {
        "type": "Point",
        "coordinates": [
          139.65623,
          35.66258
        ]
      },
      "properties": {
        "name": "東松原",
        "company": "京王電鉄",
        "line": "井の頭線",
        "passengers": 18499
      }
    },
    {
      "type": "Feature",
      "geometry": {
        "type": "Point",
        "coordinates": [
          139.62814,
          35.68137
        ]
      },
      "properties": {
        "name": "浜田山",
        "company": "京王電鉄",
        "line": "井の頭線",
        "passengers": 30158
      }
    },
    {
      "type": "Feature",
      "geometry": {
        "type": "Point",
        "coordinates": [
          139.66089,
          35.66258
        ]
      },
      "properties": {
        "name": "新代田",
        "company": "京王電鉄",
        "line": "井の頭線",
        "passengers": 9619
      }
    },
    {
      "type": "Feature",
      "geometry": {
        "type": "Point",
        "coordinates": [
          139.61465,
          35.68329
        ]
      },
      "properties": {
        "name": "高井戸",
        "company": "京王電鉄",
        "line": "井の頭線",
        "passengers": 44197
      }
    },
    {
      "type": "Feature",
      "geometry": {
        "type": "Point",
        "coordinates": [
          139.59888,
          35.6884
        ]
      },
      "properties": {
        "name": "久我山",
        "company": "京王電鉄",
        "line": "井の頭線",
        "passengers": 40879
      }
    },
    {
      "type": "Feature",
      "geometry": {
        "type": "Point",
        "coordinates": [
          139.60658,
          35.68504
        ]
      },
      "properties": {
        "name": "富士見ヶ丘",
        "company": "京王電鉄",
        "line": "井の頭線",
        "passengers": 13958
      }
    },
    {
      "type": "Feature",
      "geometry": {
        "type": "Point",
        "coordinates": [
          139.66717,
          35.6615
        ]
      },
      "properties": {
        "name": "下北沢",
        "company": "京王電鉄",
        "line": "井の頭線",
        "passengers": 115580
      }
    },
    {
      "type": "Feature",
      "geometry": {
        "type": "Point",
        "coordinates": [
          139.67394,
          35.66028
        ]
      },
      "properties": {
        "name": "池ノ上",
        "company": "京王電鉄",
        "line": "井の頭線",
        "passengers": 9466
      }
    },
    {
      "type": "Feature",
      "geometry": {
        "type": "Point",
        "coordinates": [
          139.63572,
          35.67868
        ]
      },
      "properties": {
        "name": "西永福",
        "company": "京王電鉄",
        "line": "井の頭線",
        "passengers": 18838
      }
    },
    {
      "type": "Feature",
      "geometry": {
        "type": "Point",
        "coordinates": [
          139.58468,
          35.66218
        ]
      },
      "properties": {
        "name": "仙川",
        "company": "京王電鉄",
        "line": "京王線",
        "passengers": 82714
      }
    },
    {
      "type": "Feature",
      "geometry": {
        "type": "Point",
        "coordinates": [
          139.66005,
          35.67131
        ]
      },
      "properties": {
        "name": "代田橋",
        "company": "京王電鉄",
        "line": "京王線",
        "passengers": 20131
      }
    },
    {
      "type": "Feature",
      "geometry": {
        "type": "Point",
        "coordinates": [
          139.66789,
          35.67388
        ]
      },
      "properties": {
        "name": "笹塚",
        "company": "京王電鉄",
        "line": "京王線",
        "passengers": 82813
      }
    },
    {
      "type": "Feature",
      "geometry": {
        "type": "Point",
        "coordinates": [
          139.67821,
          35.6769
        ]
      },
      "properties": {
        "name": "幡ヶ谷",
        "company": "京王電鉄",
        "line": "京王線",
        "passengers": 32604
      }
    },
    {
      "type": "Feature",
      "geometry": {
        "type": "Point",
        "coordinates": [
          139.63231,
          35.66751
        ]
      },
      "properties": {
        "name": "桜上水",
        "company": "京王電鉄",
        "line": "京王線",
        "passengers": 38001
      }
    },
    {
      "type": "Feature",
      "geometry": {
        "type": "Point",
        "coordinates": [
          139.61506,
          35.66999
        ]
      },
      "properties": {
        "name": "八幡山",
        "company": "京王電鉄",
        "line": "京王線",
        "passengers": 43346
      }
    },
    {
      "type": "Feature",
      "geometry": {
        "type": "Point",
        "coordinates": [
          139.60896,
          35.67065
        ]
      },
      "properties": {
        "name": "芦花公園",
        "company": "京王電鉄",
        "line": "京王線",
        "passengers": 14929
      }
    },
    {
      "type": "Feature",
      "geometry": {
        "type": "Point",
        "coordinates": [
          139.69917,
          35.69047
        ]
      },
      "properties": {
        "name": "新宿",
        "company": "京王電鉄",
        "line": "京王線",
        "passengers": 932410
      }
    },
    {
      "type": "Feature",
      "geometry": {
        "type": "Point",
        "coordinates": [
          139.64098,
          35.66622
        ]
      },
      "properties": {
        "name": "下高井戸",
        "company": "京王電鉄",
        "line": "京王線",
        "passengers": 44833
      }
    },
    {
      "type": "Feature",
      "geometry": {
        "type": "Point",
        "coordinates": [
          139.62263,
          35.66897
        ]
      },
      "properties": {
        "name": "上北沢",
        "company": "京王電鉄",
        "line": "京王線",
        "passengers": 15942
      }
    },
    {
      "type": "Feature",
      "geometry": {
        "type": "Point",
        "coordinates": [
          139.65112,
          35.66852
        ]
      },
      "properties": {
        "name": "明大前",
        "company": "京王電鉄",
        "line": "京王線",
        "passengers": 110961
      }
    },
    {
      "type": "Feature",
      "geometry": {
        "type": "Point",
        "coordinates": [
          139.68862,
          35.6817
        ]
      },
      "properties": {
        "name": "初台",
        "company": "京王電鉄",
        "line": "京王線",
        "passengers": 65172
      }
    },
    {
      "type": "Feature",
      "geometry": {
        "type": "Point",
        "coordinates": [
          139.59948,
          35.66751
        ]
      },
      "properties": {
        "name": "千歳烏山",
        "company": "京王電鉄",
        "line": "京王線",
        "passengers": 83257
      }
    },
    {
      "type": "Feature",
      "geometry": {
        "type": "Point",
        "coordinates": [
          139.69932,
          35.68871
        ]
      },
      "properties": {
        "name": "新宿",
        "company": "京王電鉄",
        "line": "京王線",
        "passengers": 0
      }
    },
    {
      "type": "Feature",
      "geometry": {
        "type": "Point",
        "coordinates": [
          139.54356,
          35.65211
        ]
      },
      "properties": {
        "name": "調布",
        "company": "京王電鉄",
        "line": "京王線・相模原線",
        "passengers": 130065
      }
    },
    {
      "type": "Feature",
      "geometry": {
        "type": "Point",
        "coordinates": [
          139.41397,
          35.66188
        ]
      },
      "properties": {
        "name": "高幡不動",
        "company": "京王電鉄",
        "line": "京王線・動物園線",
        "passengers": 58426
      }
    },
    {
      "type": "Feature",
      "geometry": {
        "type": "Point",
        "coordinates": [
          139.35308,
          35.64495
        ]
      },
      "properties": {
        "name": "北野",
        "company": "京王電鉄",
        "line": "京王線・高尾線",
        "passengers": 23006
      }
    },
    {
      "type": "Feature",
      "geometry": {
        "type": "Point",
        "coordinates": [
          139.52288,
          35.66034
        ]
      },
      "properties": {
        "name": "飛田給",
        "company": "京王電鉄",
        "line": "京王線",
        "passengers": 28284
      }
    },
    {
      "type": "Feature",
      "geometry": {
        "type": "Point",
        "coordinates": [
          139.36507,
          35.6428
        ]
      },
      "properties": {
        "name": "長沼",
        "company": "京王電鉄",
        "line": "京王線",
        "passengers": 4034
      }
    },
    {
      "type": "Feature",
      "geometry": {
        "type": "Point",
        "coordinates": [
          139.57434,
          35.65762
        ]
      },
      "properties": {
        "name": "つつじヶ丘",
        "company": "京王電鉄",
        "line": "京王線",
        "passengers": 45169
      }
    },
    {
      "type": "Feature",
      "geometry": {
        "type": "Point",
        "coordinates": [
          139.56589,
          35.65365
        ]
      },
      "properties": {
        "name": "柴崎",
        "company": "京王電鉄",
        "line": "京王線",
        "passengers": 18042
      }
    },
    {
      "type": "Feature",
      "geometry": {
        "type": "Point",
        "coordinates": [
          139.45694,
          35.65941
        ]
      },
      "properties": {
        "name": "中河原",
        "company": "京王電鉄",
        "line": "京王線",
        "passengers": 25845
      }
    },
    {
      "type": "Feature",
      "geometry": {
        "type": "Point",
        "coordinates": [
          139.49602,
          35.66854
        ]
      },
      "properties": {
        "name": "東府中",
        "company": "京王電鉄",
        "line": "京王線・競馬場線",
        "passengers": 21274
      }
    },
    {
      "type": "Feature",
      "geometry": {
        "type": "Point",
        "coordinates": [
          139.51052,
          35.66431
        ]
      },
      "properties": {
        "name": "武蔵野台",
        "company": "京王電鉄",
        "line": "京王線",
        "passengers": 26232
      }
    },
    {
      "type": "Feature",
      "geometry": {
        "type": "Point",
        "coordinates": [
          139.43082,
          35.65752
        ]
      },
      "properties": {
        "name": "百草園",
        "company": "京王電鉄",
        "line": "京王線",
        "passengers": 7620
      }
    },
    {
      "type": "Feature",
      "geometry": {
        "type": "Point",
        "coordinates": [
          139.55108,
          35.64993
        ]
      },
      "properties": {
        "name": "布田",
        "company": "京王電鉄",
        "line": "京王線",
        "passengers": 16784
      }
    },
    {
      "type": "Feature",
      "geometry": {
        "type": "Point",
        "coordinates": [
          139.38057,
          35.64794
        ]
      },
      "properties": {
        "name": "平山城址公園",
        "company": "京王電鉄",
        "line": "京王線",
        "passengers": 8402
      }
    },
    {
      "type": "Feature",
      "geometry": {
        "type": "Point",
        "coordinates": [
          139.50117,
          35.6667
        ]
      },
      "properties": {
        "name": "多磨霊園",
        "company": "京王電鉄",
        "line": "京王線",
        "passengers": 13046
      }
    },
    {
      "type": "Feature",
      "geometry": {
        "type": "Point",
        "coordinates": [
          139.55779,
          35.64992
        ]
      },
      "properties": {
        "name": "国領",
        "company": "京王電鉄",
        "line": "京王線",
        "passengers": 38713
      }
    },
    {
      "type": "Feature",
      "geometry": {
        "type": "Point",
        "coordinates": [
          139.34246,
          35.65849
        ]
      },
      "properties": {
        "name": "京王八王子",
        "company": "京王電鉄",
        "line": "京王線",
        "passengers": 58124
      }
    },
    {
      "type": "Feature",
      "geometry": {
        "type": "Point",
        "coordinates": [
          139.46816,
          35.66739
        ]
      },
      "properties": {
        "name": "分倍河原",
        "company": "京王電鉄",
        "line": "京王線",
        "passengers": 95121
      }
    },
    {
      "type": "Feature",
      "geometry": {
        "type": "Point",
        "coordinates": [
          139.52866,
          35.65772
        ]
      },
      "properties": {
        "name": "西調布",
        "company": "京王電鉄",
        "line": "京王線",
        "passengers": 17610
      }
    },
    {
      "type": "Feature",
      "geometry": {
        "type": "Point",
        "coordinates": [
          139.39302,
          35.65555
        ]
      },
      "properties": {
        "name": "南平",
        "company": "京王電鉄",
        "line": "京王線",
        "passengers": 10722
      }
    },
    {
      "type": "Feature",
      "geometry": {
        "type": "Point",
        "coordinates": [
          139.44616,
          35.65068
        ]
      },
      "properties": {
        "name": "聖蹟桜ヶ丘",
        "company": "京王電鉄",
        "line": "京王線",
        "passengers": 65246
      }
    },
    {
      "type": "Feature",
      "geometry": {
        "type": "Point",
        "coordinates": [
          139.48079,
          35.67204
        ]
      },
      "properties": {
        "name": "府中",
        "company": "京王電鉄",
        "line": "京王線",
        "passengers": 88769
      }
    },
    {
      "type": "Feature",
      "geometry": {
        "type": "Point",
        "coordinates": [
          139.48584,
          35.66833
        ]
      },
      "properties": {
        "name": "府中競馬正門前",
        "company": "京王電鉄",
        "line": "競馬場線",
        "passengers": 2922
      }
    },
    {
      "type": "Feature",
      "geometry": {
        "type": "Point",
        "coordinates": [
          139.28094,
          35.64149
        ]
      },
      "properties": {
        "name": "高尾",
        "company": "京王電鉄",
        "line": "高尾線",
        "passengers": 26683
      }
    },
    {
      "type": "Feature",
      "geometry": {
        "type": "Point",
        "coordinates": [
          139.32036,
          35.64438
        ]
      },
      "properties": {
        "name": "山田",
        "company": "京王電鉄",
        "line": "高尾線",
        "passengers": 5231
      }
    },
    {
      "type": "Feature",
      "geometry": {
        "type": "Point",
        "coordinates": [
          139.30777,
          35.6434
        ]
      },
      "properties": {
        "name": "めじろ台",
        "company": "京王電鉄",
        "line": "高尾線",
        "passengers": 16780
      }
    },
    {
      "type": "Feature",
      "geometry": {
        "type": "Point",
        "coordinates": [
          139.33653,
          35.64448
        ]
      },
      "properties": {
        "name": "京王片倉",
        "company": "京王電鉄",
        "line": "高尾線",
        "passengers": 5054
      }
    },
    {
      "type": "Feature",
      "geometry": {
        "type": "Point",
        "coordinates": [
          139.2695,
          35.63192
        ]
      },
      "properties": {
        "name": "高尾山口",
        "company": "京王電鉄",
        "line": "高尾線",
        "passengers": 10431
      }
    },
    {
      "type": "Feature",
      "geometry": {
        "type": "Point",
        "coordinates": [
          139.29295,
          35.64074
        ]
      },
      "properties": {
        "name": "狭間",
        "company": "京王電鉄",
        "line": "高尾線",
        "passengers": 7820
      }
    },
    {
      "type": "Feature",
      "geometry": {
        "type": "Point",
        "coordinates": [
          139.51865,
          35.63303
        ]
      },
      "properties": {
        "name": "京王よみうりランド",
        "company": "京王電鉄",
        "line": "相模原線",
        "passengers": 13687
      }
    },
    {
      "type": "Feature",
      "geometry": {
        "type": "Point",
        "coordinates": [
          139.34438,
          35.5947
        ]
      },
      "properties": {
        "name": "橋本",
        "company": "京王電鉄",
        "line": "相模原線",
        "passengers": 98086
      }
    },
    {
      "type": "Feature",
      "geometry": {
        "type": "Point",
        "coordinates": [
          139.40131,
          35.62497
        ]
      },
      "properties": {
        "name": "京王堀之内",
        "company": "京王電鉄",
        "line": "相模原線",
        "passengers": 32280
      }
    },
    {
      "type": "Feature",
      "geometry": {
        "type": "Point",
        "coordinates": [
          139.38091,
          35.61458
        ]
      },
      "properties": {
        "name": "南大沢",
        "company": "京王電鉄",
        "line": "相模原線",
        "passengers": 63422
      }
    },
    {
      "type": "Feature",
      "geometry": {
        "type": "Point",
        "coordinates": [
          139.42516,
          35.62558
        ]
      },
      "properties": {
        "name": "京王多摩センター",
        "company": "京王電鉄",
        "line": "相模原線",
        "passengers": 90353
      }
    },
    {
      "type": "Feature",
      "geometry": {
        "type": "Point",
        "coordinates": [
          139.36735,
          35.60234
        ]
      },
      "properties": {
        "name": "多摩境",
        "company": "京王電鉄",
        "line": "相模原線",
        "passengers": 20530
      }
    },
    {
      "type": "Feature",
      "geometry": {
        "type": "Point",
        "coordinates": [
          139.47342,
          35.61928
        ]
      },
      "properties": {
        "name": "若葉台",
        "company": "京王電鉄",
        "line": "相模原線",
        "passengers": 26954
      }
    },
    {
      "type": "Feature",
      "geometry": {
        "type": "Point",
        "coordinates": [
          139.44935,
          35.62993
        ]
      },
      "properties": {
        "name": "京王永山",
        "company": "京王電鉄",
        "line": "相模原線",
        "passengers": 46013
      }
    },
    {
      "type": "Feature",
      "geometry": {
        "type": "Point",
        "coordinates": [
          139.49905,
          35.63592
        ]
      },
      "properties": {
        "name": "稲城",
        "company": "京王電鉄",
        "line": "相模原線",
        "passengers": 21522
      }
    },
    {
      "type": "Feature",
      "geometry": {
        "type": "Point",
        "coordinates": [
          139.53088,
          35.63376
        ]
      },
      "properties": {
        "name": "京王稲田堤",
        "company": "京王電鉄",
        "line": "相模原線",
        "passengers": 57300
      }
    },
    {
      "type": "Feature",
      "geometry": {
        "type": "Point",
        "coordinates": [
          139.53572,
          35.64339
        ]
      },
      "properties": {
        "name": "京王多摩川",
        "company": "京王電鉄",
        "line": "相模原線",
        "passengers": 17021
      }
    },
    {
      "type": "Feature",
      "geometry": {
        "type": "Point",
        "coordinates": [
          139.4046,
          35.64901
        ]
      },
      "properties": {
        "name": "多摩動物公園",
        "company": "京王電鉄",
        "line": "動物園線",
        "passengers": 6073
      }
    },
    {
      "type": "Feature",
      "geometry": {
        "type": "Point",
        "coordinates": [
          139.81963,
          35.71812
        ]
      },
      "properties": {
        "name": "京成曳舟",
        "company": "京成電鉄",
        "line": "押上線",
        "passengers": 19791
      }
    },
    {
      "type": "Feature",
      "geometry": {
        "type": "Point",
        "coordinates": [
          139.81158,
          35.70972
        ]
      },
      "properties": {
        "name": "押上（スカイツリー前）",
        "company": "京成電鉄",
        "line": "押上線",
        "passengers": 225293
      }
    },
    {
      "type": "Feature",
      "geometry": {
        "type": "Point",
        "coordinates": [
          139.82889,
          35.72774
        ]
      },
      "properties": {
        "name": "八広",
        "company": "京成電鉄",
        "line": "押上線",
        "passengers": 12678
      }
    },
    {
      "type": "Feature",
      "geometry": {
        "type": "Point",
        "coordinates": [
          139.83398,
          35.73126
        ]
      },
      "properties": {
        "name": "四ツ木",
        "company": "京成電鉄",
        "line": "押上線",
        "passengers": 16982
      }
    },
    {
      "type": "Feature",
      "geometry": {
        "type": "Point",
        "coordinates": [
          139.84734,
          35.73804
        ]
      },
      "properties": {
        "name": "京成立石",
        "company": "京成電鉄",
        "line": "押上線",
        "passengers": 39010
      }
    },
    {
      "type": "Feature",
      "geometry": {
        "type": "Point",
        "coordinates": [
          139.81144,
          35.74393
        ]
      },
      "properties": {
        "name": "京成関屋",
        "company": "京成電鉄",
        "line": "本線",
        "passengers": 25614
      }
    },
    {
      "type": "Feature",
      "geometry": {
        "type": "Point",
        "coordinates": [
          139.82706,
          35.74765
        ]
      },
      "properties": {
        "name": "堀切菖蒲園",
        "company": "京成電鉄",
        "line": "本線",
        "passengers": 22589
      }
    },
    {
      "type": "Feature",
      "geometry": {
        "type": "Point",
        "coordinates": [
          139.79661,
          35.74255
        ]
      },
      "properties": {
        "name": "千住大橋",
        "company": "京成電鉄",
        "line": "本線",
        "passengers": 16198
      }
    },
    {
      "type": "Feature",
      "geometry": {
        "type": "Point",
        "coordinates": [
          139.77362,
          35.71081
        ]
      },
      "properties": {
        "name": "京成上野",
        "company": "京成電鉄",
        "line": "本線",
        "passengers": 50235
      }
    },
    {
      "type": "Feature",
      "geometry": {
        "type": "Point",
        "coordinates": [
          139.77215,
          35.72748
        ]
      },
      "properties": {
        "name": "日暮里",
        "company": "京成電鉄",
        "line": "本線",
        "passengers": 103670
      }
    },
    {
      "type": "Feature",
      "geometry": {
        "type": "Point",
        "coordinates": [
          139.77348,
          35.73693
        ]
      },
      "properties": {
        "name": "新三河島",
        "company": "京成電鉄",
        "line": "本線",
        "passengers": 6031
      }
    },
    {
      "type": "Feature",
      "geometry": {
        "type": "Point",
        "coordinates": [
          139.78108,
          35.74197
        ]
      },
      "properties": {
        "name": "町屋",
        "company": "京成電鉄",
        "line": "本線",
        "passengers": 20915
      }
    },
    {
      "type": "Feature",
      "geometry": {
        "type": "Point",
        "coordinates": [
          139.83944,
          35.74768
        ]
      },
      "properties": {
        "name": "お花茶屋",
        "company": "京成電鉄",
        "line": "本線",
        "passengers": 34319
      }
    },
    {
      "type": "Feature",
      "geometry": {
        "type": "Point",
        "coordinates": [
          139.63286,
          35.17768
        ]
      },
      "properties": {
        "name": "三崎口",
        "company": "京浜急行電鉄",
        "line": "久里浜線",
        "passengers": 16683
      }
    },
    {
      "type": "Feature",
      "geometry": {
        "type": "Point",
        "coordinates": [
          139.68639,
          35.24838
        ]
      },
      "properties": {
        "name": "北久里浜",
        "company": "京浜急行電鉄",
        "line": "久里浜線",
        "passengers": 25627
      }
    },
    {
      "type": "Feature",
      "geometry": {
        "type": "Point",
        "coordinates": [
          139.68487,
          35.21195
        ]
      },
      "properties": {
        "name": "ＹＲＰ野比",
        "company": "京浜急行電鉄",
        "line": "久里浜線",
        "passengers": 18536
      }
    },
    {
      "type": "Feature",
      "geometry": {
        "type": "Point",
        "coordinates": [
          139.6904,
          35.25755
        ]
      },
      "properties": {
        "name": "新大津",
        "company": "京浜急行電鉄",
        "line": "久里浜線",
        "passengers": 6797
      }
    },
    {
      "type": "Feature",
      "geometry": {
        "type": "Point",
        "coordinates": [
          139.66428,
          35.19767
        ]
      },
      "properties": {
        "name": "津久井浜",
        "company": "京浜急行電鉄",
        "line": "久里浜線",
        "passengers": 6299
      }
    },
    {
      "type": "Feature",
      "geometry": {
        "type": "Point",
        "coordinates": [
          139.67352,
          35.20524
        ]
      },
      "properties": {
        "name": "京急長沢",
        "company": "京浜急行電鉄",
        "line": "久里浜線",
        "passengers": 7232
      }
    },
    {
      "type": "Feature",
      "geometry": {
        "type": "Point",
        "coordinates": [
          139.65274,
          35.1878
        ]
      },
      "properties": {
        "name": "三浦海岸",
        "company": "京浜急行電鉄",
        "line": "久里浜線",
        "passengers": 10981
      }
    },
    {
      "type": "Feature",
      "geometry": {
        "type": "Point",
        "coordinates": [
          139.68635,
          35.26351
        ]
      },
      "properties": {
        "name": "堀ノ内",
        "company": "京浜急行電鉄",
        "line": "久里浜線・本線",
        "passengers": 12254
      }
    },
    {
      "type": "Feature",
      "geometry": {
        "type": "Point",
        "coordinates": [
          139.7021,
          35.2308
        ]
      },
      "properties": {
        "name": "京急久里浜",
        "company": "京浜急行電鉄",
        "line": "久里浜線",
        "passengers": 42350
      }
    },
    {
      "type": "Feature",
      "geometry": {
        "type": "Point",
        "coordinates": [
          139.72346,
          35.56054
        ]
      },
      "properties": {
        "name": "京急蒲田",
        "company": "京浜急行電鉄",
        "line": "空港線・本線",
        "passengers": 65123
      }
    },
    {
      "type": "Feature",
      "geometry": {
        "type": "Point",
        "coordinates": [
          139.7471,
          35.55022
        ]
      },
      "properties": {
        "name": "穴守稲荷",
        "company": "京浜急行電鉄",
        "line": "空港線",
        "passengers": 19922
      }
    },
    {
      "type": "Feature",
      "geometry": {
        "type": "Point",
        "coordinates": [
          139.72985,
          35.55422
        ]
      },
      "properties": {
        "name": "糀谷",
        "company": "京浜急行電鉄",
        "line": "空港線",
        "passengers": 28843
      }
    },
    {
      "type": "Feature",
      "geometry": {
        "type": "Point",
        "coordinates": [
          139.74105,
          35.55209
        ]
      },
      "properties": {
        "name": "大鳥居",
        "company": "京浜急行電鉄",
        "line": "空港線",
        "passengers": 28927
      }
    },
    {
      "type": "Feature",
      "geometry": {
        "type": "Point",
        "coordinates": [
          139.75389,
          35.54863
        ]
      },
      "properties": {
        "name": "天空橋",
        "company": "京浜急行電鉄",
        "line": "空港線",
        "passengers": 20774
      }
    },
    {
      "type": "Feature",
      "geometry": {
        "type": "Point",
        "coordinates": [
          139.78448,
          35.54904
        ]
      },
      "properties": {
        "name": "羽田空港第1・第2ターミナル",
        "company": "京浜急行電鉄",
        "line": "空港線",
        "passengers": 97330
      }
    },
    {
      "type": "Feature",
      "geometry": {
        "type": "Point",
        "coordinates": [
          139.58036,
          35.29364
        ]
      },
      "properties": {
        "name": "逗子・葉山",
        "company": "京浜急行電鉄",
        "line": "逗子線",
        "passengers": 25136
      }
    },
    {
      "type": "Feature",
      "geometry": {
        "type": "Point",
        "coordinates": [
          139.5926,
          35.30601
        ]
      },
      "properties": {
        "name": "神武寺",
        "company": "京浜急行電鉄",
        "line": "逗子線",
        "passengers": 6808
      }
    },
    {
      "type": "Feature",
      "geometry": {
        "type": "Point",
        "coordinates": [
          139.61114,
          35.32255
        ]
      },
      "properties": {
        "name": "六浦",
        "company": "京浜急行電鉄",
        "line": "逗子線",
        "passengers": 15934
      }
    },
    {
      "type": "Feature",
      "geometry": {
        "type": "Point",
        "coordinates": [
          139.62014,
          35.33047
        ]
      },
      "properties": {
        "name": "金沢八景",
        "company": "京浜急行電鉄",
        "line": "逗子線・本線",
        "passengers": 59588
      }
    },
    {
      "type": "Feature",
      "geometry": {
        "type": "Point",
        "coordinates": [
          139.70132,
          35.53338
        ]
      },
      "properties": {
        "name": "京急川崎",
        "company": "京浜急行電鉄",
        "line": "大師線・本線",
        "passengers": 132524
      }
    },
    {
      "type": "Feature",
      "geometry": {
        "type": "Point",
        "coordinates": [
          139.72109,
          35.5354
        ]
      },
      "properties": {
        "name": "鈴木町",
        "company": "京浜急行電鉄",
        "line": "大師線",
        "passengers": 11229
      }
    },
    {
      "type": "Feature",
      "geometry": {
        "type": "Point",
        "coordinates": [
          139.74795,
          35.53457
        ]
      },
      "properties": {
        "name": "小島新田",
        "company": "京浜急行電鉄",
        "line": "大師線",
        "passengers": 22743
      }
    },
    {
      "type": "Feature",
      "geometry": {
        "type": "Point",
        "coordinates": [
          139.73471,
          35.53659
        ]
      },
      "properties": {
        "name": "東門前",
        "company": "京浜急行電鉄",
        "line": "大師線",
        "passengers": 13062
      }
    },
    {
      "type": "Feature",
      "geometry": {
        "type": "Point",
        "coordinates": [
          139.71314,
          35.53503
        ]
      },
      "properties": {
        "name": "港町",
        "company": "京浜急行電鉄",
        "line": "大師線",
        "passengers": 7963
      }
    },
    {
      "type": "Feature",
      "geometry": {
        "type": "Point",
        "coordinates": [
          139.74087,
          35.53661
        ]
      },
      "properties": {
        "name": "大師橋",
        "company": "京浜急行電鉄",
        "line": "大師線",
        "passengers": 10803
      }
    },
    {
      "type": "Feature",
      "geometry": {
        "type": "Point",
        "coordinates": [
          139.72641,
          35.53585
        ]
      },
      "properties": {
        "name": "川崎大師",
        "company": "京浜急行電鉄",
        "line": "大師線",
        "passengers": 18231
      }
    },
    {
      "type": "Feature",
      "geometry": {
        "type": "Point",
        "coordinates": [
          139.73524,
          35.58705
        ]
      },
      "properties": {
        "name": "大森海岸",
        "company": "京浜急行電鉄",
        "line": "本線",
        "passengers": 16501
      }
    },
    {
      "type": "Feature",
      "geometry": {
        "type": "Point",
        "coordinates": [
          139.73879,
          35.59817
        ]
      },
      "properties": {
        "name": "立会川",
        "company": "京浜急行電鉄",
        "line": "本線",
        "passengers": 19337
      }
    },
    {
      "type": "Feature",
      "geometry": {
        "type": "Point",
        "coordinates": [
          139.74324,
          35.60864
        ]
      },
      "properties": {
        "name": "青物横丁",
        "company": "京浜急行電鉄",
        "line": "本線",
        "passengers": 43796
      }
    },
    {
      "type": "Feature",
      "geometry": {
        "type": "Point",
        "coordinates": [
          139.73941,
          35.62205
        ]
      },
      "properties": {
        "name": "北品川",
        "company": "京浜急行電鉄",
        "line": "本線",
        "passengers": 9538
      }
    },
    {
      "type": "Feature",
      "geometry": {
        "type": "Point",
        "coordinates": [
          139.73807,
          35.62689
        ]
      },
      "properties": {
        "name": "品川",
        "company": "京浜急行電鉄",
        "line": "本線",
        "passengers": 285582
      }
    },
    {
      "type": "Feature",
      "geometry": {
        "type": "Point",
        "coordinates": [
          139.74166,
          35.61586
        ]
      },
      "properties": {
        "name": "新馬場",
        "company": "京浜急行電鉄",
        "line": "本線",
        "passengers": 16979
      }
    },
    {
      "type": "Feature",
      "geometry": {
        "type": "Point",
        "coordinates": [
          139.74214,
          35.60469
        ]
      },
      "properties": {
        "name": "鮫洲",
        "company": "京浜急行電鉄",
        "line": "本線",
        "passengers": 11313
      }
    },
    {
      "type": "Feature",
      "geometry": {
        "type": "Point",
        "coordinates": [
          139.73938,
          35.63746
        ]
      },
      "properties": {
        "name": "泉岳寺",
        "company": "京浜急行電鉄",
        "line": "本線",
        "passengers": 0
      }
    },
    {
      "type": "Feature",
      "geometry": {
        "type": "Point",
        "coordinates": [
          139.724,
          35.56122
        ]
      },
      "properties": {
        "name": "京急蒲田",
        "company": "京浜急行電鉄",
        "line": "本線",
        "passengers": 0
      }
    },
    {
      "type": "Feature",
      "geometry": {
        "type": "Point",
        "coordinates": [
          139.64238,
          35.28673
        ]
      },
      "properties": {
        "name": "安針塚",
        "company": "京浜急行電鉄",
        "line": "本線",
        "passengers": 4671
      }
    },
    {
      "type": "Feature",
      "geometry": {
        "type": "Point",
        "coordinates": [
          139.67811,
          35.50725
        ]
      },
      "properties": {
        "name": "京急鶴見",
        "company": "京浜急行電鉄",
        "line": "本線",
        "passengers": 33348
      }
    },
    {
      "type": "Feature",
      "geometry": {
        "type": "Point",
        "coordinates": [
          139.61541,
          35.38427
        ]
      },
      "properties": {
        "name": "杉田",
        "company": "京浜急行電鉄",
        "line": "本線",
        "passengers": 33761
      }
    },
    {
      "type": "Feature",
      "geometry": {
        "type": "Point",
        "coordinates": [
          139.61427,
          35.43699
        ]
      },
      "properties": {
        "name": "南太田",
        "company": "京浜急行電鉄",
        "line": "本線",
        "passengers": 17523
      }
    },
    {
      "type": "Feature",
      "geometry": {
        "type": "Point",
        "coordinates": [
          139.66184,
          35.28029
        ]
      },
      "properties": {
        "name": "汐入",
        "company": "京浜急行電鉄",
        "line": "本線",
        "passengers": 18162
      }
    },
    {
      "type": "Feature",
      "geometry": {
        "type": "Point",
        "coordinates": [
          139.652,
          35.28092
        ]
      },
      "properties": {
        "name": "逸見",
        "company": "京浜急行電鉄",
        "line": "本線",
        "passengers": 5299
      }
    },
    {
      "type": "Feature",
      "geometry": {
        "type": "Point",
        "coordinates": [
          139.73219,
          35.57279
        ]
      },
      "properties": {
        "name": "大森町",
        "company": "京浜急行電鉄",
        "line": "本線",
        "passengers": 22573
      }
    },
    {
      "type": "Feature",
      "geometry": {
        "type": "Point",
        "coordinates": [
          139.65536,
          35.48703
        ]
      },
      "properties": {
        "name": "京急新子安",
        "company": "京浜急行電鉄",
        "line": "本線",
        "passengers": 8399
      }
    },
    {
      "type": "Feature",
      "geometry": {
        "type": "Point",
        "coordinates": [
          139.69172,
          35.52331
        ]
      },
      "properties": {
        "name": "八丁畷",
        "company": "京浜急行電鉄",
        "line": "本線",
        "passengers": 19575
      }
    },
    {
      "type": "Feature",
      "geometry": {
        "type": "Point",
        "coordinates": [
          139.62459,
          35.31632
        ]
      },
      "properties": {
        "name": "追浜",
        "company": "京浜急行電鉄",
        "line": "本線",
        "passengers": 42286
      }
    },
    {
      "type": "Feature",
      "geometry": {
        "type": "Point",
        "coordinates": [
          139.7152,
          35.55006
        ]
      },
      "properties": {
        "name": "雑色",
        "company": "京浜急行電鉄",
        "line": "本線",
        "passengers": 32138
      }
    },
    {
      "type": "Feature",
      "geometry": {
        "type": "Point",
        "coordinates": [
          139.66691,
          35.49524
        ]
      },
      "properties": {
        "name": "生麦",
        "company": "京浜急行電鉄",
        "line": "本線",
        "passengers": 29910
      }
    },
    {
      "type": "Feature",
      "geometry": {
        "type": "Point",
        "coordinates": [
          139.59679,
          35.42449
        ]
      },
      "properties": {
        "name": "弘明寺",
        "company": "京浜急行電鉄",
        "line": "本線",
        "passengers": 29663
      }
    },
    {
      "type": "Feature",
      "geometry": {
        "type": "Point",
        "coordinates": [
          139.67252,
          35.50002
        ]
      },
      "properties": {
        "name": "花月総持寺",
        "company": "京浜急行電鉄",
        "line": "本線",
        "passengers": 7022
      }
    },
    {
      "type": "Feature",
      "geometry": {
        "type": "Point",
        "coordinates": [
          139.66937,
          35.27902
        ]
      },
      "properties": {
        "name": "横須賀中央",
        "company": "京浜急行電鉄",
        "line": "本線",
        "passengers": 68092
      }
    },
    {
      "type": "Feature",
      "geometry": {
        "type": "Point",
        "coordinates": [
          139.62947,
          35.36119
        ]
      },
      "properties": {
        "name": "能見台",
        "company": "京浜急行電鉄",
        "line": "本線",
        "passengers": 30365
      }
    },
    {
      "type": "Feature",
      "geometry": {
        "type": "Point",
        "coordinates": [
          139.59658,
          35.41026
        ]
      },
      "properties": {
        "name": "上大岡",
        "company": "京浜急行電鉄",
        "line": "本線",
        "passengers": 143758
      }
    },
    {
      "type": "Feature",
      "geometry": {
        "type": "Point",
        "coordinates": [
          139.62189,
          35.34372
        ]
      },
      "properties": {
        "name": "金沢文庫",
        "company": "京浜急行電鉄",
        "line": "本線",
        "passengers": 69940
      }
    },
    {
      "type": "Feature",
      "geometry": {
        "type": "Point",
        "coordinates": [
          139.70699,
          35.25958
        ]
      },
      "properties": {
        "name": "馬堀海岸",
        "company": "京浜急行電鉄",
        "line": "本線",
        "passengers": 9045
      }
    },
    {
      "type": "Feature",
      "geometry": {
        "type": "Point",
        "coordinates": [
          139.62719,
          35.47099
        ]
      },
      "properties": {
        "name": "神奈川",
        "company": "京浜急行電鉄",
        "line": "本線",
        "passengers": 4751
      }
    },
    {
      "type": "Feature",
      "geometry": {
        "type": "Point",
        "coordinates": [
          139.71502,
          35.25112
        ]
      },
      "properties": {
        "name": "浦賀",
        "company": "京浜急行電鉄",
        "line": "本線",
        "passengers": 20199
      }
    },
    {
      "type": "Feature",
      "geometry": {
        "type": "Point",
        "coordinates": [
          139.62315,
          35.4399
        ]
      },
      "properties": {
        "name": "黄金町",
        "company": "京浜急行電鉄",
        "line": "本線",
        "passengers": 22987
      }
    },
    {
      "type": "Feature",
      "geometry": {
        "type": "Point",
        "coordinates": [
          139.61976,
          35.45619
        ]
      },
      "properties": {
        "name": "戸部",
        "company": "京浜急行電鉄",
        "line": "本線",
        "passengers": 16841
      }
    },
    {
      "type": "Feature",
      "geometry": {
        "type": "Point",
        "coordinates": [
          139.60118,
          35.43402
        ]
      },
      "properties": {
        "name": "井土ヶ谷",
        "company": "京浜急行電鉄",
        "line": "本線",
        "passengers": 29035
      }
    },
    {
      "type": "Feature",
      "geometry": {
        "type": "Point",
        "coordinates": [
          139.63444,
          35.47718
        ]
      },
      "properties": {
        "name": "京急東神奈川",
        "company": "京浜急行電鉄",
        "line": "本線",
        "passengers": 23821
      }
    },
    {
      "type": "Feature",
      "geometry": {
        "type": "Point",
        "coordinates": [
          139.60997,
          35.39458
        ]
      },
      "properties": {
        "name": "屏風浦",
        "company": "京浜急行電鉄",
        "line": "本線",
        "passengers": 18233
      }
    },
    {
      "type": "Feature",
      "geometry": {
        "type": "Point",
        "coordinates": [
          139.68677,
          35.51801
        ]
      },
      "properties": {
        "name": "鶴見市場",
        "company": "京浜急行電鉄",
        "line": "本線",
        "passengers": 21572
      }
    },
    {
      "type": "Feature",
      "geometry": {
        "type": "Point",
        "coordinates": [
          139.62237,
          35.46528
        ]
      },
      "properties": {
        "name": "横浜",
        "company": "京浜急行電鉄",
        "line": "本線",
        "passengers": 324183
      }
    },
    {
      "type": "Feature",
      "geometry": {
        "type": "Point",
        "coordinates": [
          139.62983,
          35.36619
        ]
      },
      "properties": {
        "name": "京急富岡",
        "company": "京浜急行電鉄",
        "line": "本線",
        "passengers": 21764
      }
    },
    {
      "type": "Feature",
      "geometry": {
        "type": "Point",
        "coordinates": [
          139.64435,
          35.48433
        ]
      },
      "properties": {
        "name": "子安",
        "company": "京浜急行電鉄",
        "line": "本線",
        "passengers": 7775
      }
    },
    {
      "type": "Feature",
      "geometry": {
        "type": "Point",
        "coordinates": [
          139.67611,
          35.27041
        ]
      },
      "properties": {
        "name": "県立大学",
        "company": "京浜急行電鉄",
        "line": "本線",
        "passengers": 12350
      }
    },
    {
      "type": "Feature",
      "geometry": {
        "type": "Point",
        "coordinates": [
          139.62482,
          35.30146
        ]
      },
      "properties": {
        "name": "京急田浦",
        "company": "京浜急行電鉄",
        "line": "本線",
        "passengers": 12986
      }
    },
    {
      "type": "Feature",
      "geometry": {
        "type": "Point",
        "coordinates": [
          139.63956,
          35.48104
        ]
      },
      "properties": {
        "name": "神奈川新町",
        "company": "京浜急行電鉄",
        "line": "本線",
        "passengers": 19584
      }
    },
    {
      "type": "Feature",
      "geometry": {
        "type": "Point",
        "coordinates": [
          139.6946,
          35.26133
        ]
      },
      "properties": {
        "name": "京急大津",
        "company": "京浜急行電鉄",
        "line": "本線",
        "passengers": 4943
      }
    },
    {
      "type": "Feature",
      "geometry": {
        "type": "Point",
        "coordinates": [
          139.7284,
          35.56707
        ]
      },
      "properties": {
        "name": "梅屋敷",
        "company": "京浜急行電鉄",
        "line": "本線",
        "passengers": 16504
      }
    },
    {
      "type": "Feature",
      "geometry": {
        "type": "Point",
        "coordinates": [
          139.70781,
          35.54081
        ]
      },
      "properties": {
        "name": "六郷土手",
        "company": "京浜急行電鉄",
        "line": "本線",
        "passengers": 16441
      }
    },
    {
      "type": "Feature",
      "geometry": {
        "type": "Point",
        "coordinates": [
          139.62652,
          35.44591
        ]
      },
      "properties": {
        "name": "日ノ出町",
        "company": "京浜急行電鉄",
        "line": "本線",
        "passengers": 28487
      }
    },
    {
      "type": "Feature",
      "geometry": {
        "type": "Point",
        "coordinates": [
          139.73519,
          35.5795
        ]
      },
      "properties": {
        "name": "平和島",
        "company": "京浜急行電鉄",
        "line": "本線",
        "passengers": 48639
      }
    },
    {
      "type": "Feature",
      "geometry": {
        "type": "Point",
        "coordinates": [
          139.51024,
          35.30637
        ]
      },
      "properties": {
        "name": "七里ヶ浜",
        "company": "江ノ島電鉄",
        "line": "江ノ島電鉄線",
        "passengers": 7295
      }
    },
    {
      "type": "Feature",
      "geometry": {
        "type": "Point",
        "coordinates": [
          139.55009,
          35.31849
        ]
      },
      "properties": {
        "name": "鎌倉",
        "company": "江ノ島電鉄",
        "line": "江ノ島電鉄線",
        "passengers": 25802
      }
    },
    {
      "type": "Feature",
      "geometry": {
        "type": "Point",
        "coordinates": [
          139.48523,
          35.32752
        ]
      },
      "properties": {
        "name": "柳小路",
        "company": "江ノ島電鉄",
        "line": "江ノ島電鉄線",
        "passengers": 2714
      }
    },
    {
      "type": "Feature",
      "geometry": {
        "type": "Point",
        "coordinates": [
          139.48256,
          35.32116
        ]
      },
      "properties": {
        "name": "鵠沼",
        "company": "江ノ島電鉄",
        "line": "江ノ島電鉄線",
        "passengers": 4278
      }
    },
    {
      "type": "Feature",
      "geometry": {
        "type": "Point",
        "coordinates": [
          139.48352,
          35.31506
        ]
      },
      "properties": {
        "name": "湘南海岸公園",
        "company": "江ノ島電鉄",
        "line": "江ノ島電鉄線",
        "passengers": 1976
      }
    },
    {
      "type": "Feature",
      "geometry": {
        "type": "Point",
        "coordinates": [
          139.54184,
          35.31295
        ]
      },
      "properties": {
        "name": "由比ヶ浜",
        "company": "江ノ島電鉄",
        "line": "江ノ島電鉄線",
        "passengers": 2449
      }
    },
    {
      "type": "Feature",
      "geometry": {
        "type": "Point",
        "coordinates": [
          139.50076,
          35.30675
        ]
      },
      "properties": {
        "name": "鎌倉高校前",
        "company": "江ノ島電鉄",
        "line": "江ノ島電鉄線",
        "passengers": 4378
      }
    },
    {
      "type": "Feature",
      "geometry": {
        "type": "Point",
        "coordinates": [
          139.54566,
          35.31381
        ]
      },
      "properties": {
        "name": "和田塚",
        "company": "江ノ島電鉄",
        "line": "江ノ島電鉄線",
        "passengers": 1275
      }
    },
    {
      "type": "Feature",
      "geometry": {
        "type": "Point",
        "coordinates": [
          139.52874,
          35.30937
        ]
      },
      "properties": {
        "name": "極楽寺",
        "company": "江ノ島電鉄",
        "line": "江ノ島電鉄線",
        "passengers": 1764
      }
    },
    {
      "type": "Feature",
      "geometry": {
        "type": "Point",
        "coordinates": [
          139.48565,
          35.33277
        ]
      },
      "properties": {
        "name": "石上",
        "company": "江ノ島電鉄",
        "line": "江ノ島電鉄線",
        "passengers": 739
      }
    },
    {
      "type": "Feature",
      "geometry": {
        "type": "Point",
        "coordinates": [
          139.52254,
          35.30434
        ]
      },
      "properties": {
        "name": "稲村ヶ崎",
        "company": "江ノ島電鉄",
        "line": "江ノ島電鉄線",
        "passengers": 4309
      }
    },
    {
      "type": "Feature",
      "geometry": {
        "type": "Point",
        "coordinates": [
          139.53654,
          35.3114
        ]
      },
      "properties": {
        "name": "長谷",
        "company": "江ノ島電鉄",
        "line": "江ノ島電鉄線",
        "passengers": 9276
      }
    },
    {
      "type": "Feature",
      "geometry": {
        "type": "Point",
        "coordinates": [
          139.48743,
          35.33772
        ]
      },
      "properties": {
        "name": "藤沢",
        "company": "江ノ島電鉄",
        "line": "江ノ島電鉄線",
        "passengers": 22968
      }
    },
    {
      "type": "Feature",
      "geometry": {
        "type": "Point",
        "coordinates": [
          139.49359,
          35.30823
        ]
      },
      "properties": {
        "name": "腰越",
        "company": "江ノ島電鉄",
        "line": "江ノ島電鉄線",
        "passengers": 2945
      }
    },
    {
      "type": "Feature",
      "geometry": {
        "type": "Point",
        "coordinates": [
          139.48787,
          35.31092
        ]
      },
      "properties": {
        "name": "江ノ島",
        "company": "江ノ島電鉄",
        "line": "江ノ島電鉄線",
        "passengers": 10097
      }
    },
    {
      "type": "Feature",
      "geometry": {
        "type": "Point",
        "coordinates": [
          139.2558,
          35.63108
        ]
      },
      "properties": {
        "name": "高尾山",
        "company": "高尾登山電鉄",
        "line": "高尾鋼索線",
        "passengers": 3295
      }
    },
    {
      "type": "Feature",
      "geometry": {
        "type": "Point",
        "coordinates": [
          139.26644,
          35.63107
        ]
      },
      "properties": {
        "name": "清滝",
        "company": "高尾登山電鉄",
        "line": "高尾鋼索線",
        "passengers": 3295
      }
    },
    {
      "type": "Feature",
      "geometry": {
        "type": "Point",
        "coordinates": [
          139.80481,
          35.74869
        ]
      },
      "properties": {
        "name": "北千住",
        "company": "首都圏新都市鉄道",
        "line": "常磐新線",
        "passengers": 105100
      }
    },
    {
      "type": "Feature",
      "geometry": {
        "type": "Point",
        "coordinates": [
          139.79261,
          35.71478
        ]
      },
      "properties": {
        "name": "浅草",
        "company": "首都圏新都市鉄道",
        "line": "常磐新線",
        "passengers": 23500
      }
    },
    {
      "type": "Feature",
      "geometry": {
        "type": "Point",
        "coordinates": [
          139.77395,
          35.6976
        ]
      },
      "properties": {
        "name": "秋葉原",
        "company": "首都圏新都市鉄道",
        "line": "常磐新線",
        "passengers": 138700
      }
    },
    {
      "type": "Feature",
      "geometry": {
        "type": "Point",
        "coordinates": [
          139.79844,
          35.73233
        ]
      },
      "properties": {
        "name": "南千住",
        "company": "首都圏新都市鉄道",
        "line": "常磐新線",
        "passengers": 12600
      }
    },
    {
      "type": "Feature",
      "geometry": {
        "type": "Point",
        "coordinates": [
          139.78118,
          35.70699
        ]
      },
      "properties": {
        "name": "新御徒町",
        "company": "首都圏新都市鉄道",
        "line": "常磐新線",
        "passengers": 46800
      }
    },
    {
      "type": "Feature",
      "geometry": {
        "type": "Point",
        "coordinates": [
          139.43698,
          35.53111
        ]
      },
      "properties": {
        "name": "相模大野",
        "company": "小田急電鉄",
        "line": "江ノ島線・小田原線",
        "passengers": 0
      }
    },
    {
      "type": "Feature",
      "geometry": {
        "type": "Point",
        "coordinates": [
          139.45098,
          35.48991
        ]
      },
      "properties": {
        "name": "鶴間",
        "company": "小田急電鉄",
        "line": "江ノ島線",
        "passengers": 30356
      }
    },
    {
      "type": "Feature",
      "geometry": {
        "type": "Point",
        "coordinates": [
          139.44412,
          35.50738
        ]
      },
      "properties": {
        "name": "中央林間",
        "company": "小田急電鉄",
        "line": "江ノ島線",
        "passengers": 99122
      }
    },
    {
      "type": "Feature",
      "geometry": {
        "type": "Point",
        "coordinates": [
          139.43948,
          35.51938
        ]
      },
      "properties": {
        "name": "東林間",
        "company": "小田急電鉄",
        "line": "江ノ島線",
        "passengers": 22006
      }
    },
    {
      "type": "Feature",
      "geometry": {
        "type": "Point",
        "coordinates": [
          139.44832,
          35.49499
        ]
      },
      "properties": {
        "name": "南林間",
        "company": "小田急電鉄",
        "line": "江ノ島線",
        "passengers": 34021
      }
    },
    {
      "type": "Feature",
      "geometry": {
        "type": "Point",
        "coordinates": [
          139.46632,
          35.39701
        ]
      },
      "properties": {
        "name": "湘南台",
        "company": "小田急電鉄",
        "line": "江ノ島線",
        "passengers": 92076
      }
    },
    {
      "type": "Feature",
      "geometry": {
        "type": "Point",
        "coordinates": [
          139.46538,
          35.4128
        ]
      },
      "properties": {
        "name": "長後",
        "company": "小田急電鉄",
        "line": "江ノ島線",
        "passengers": 34294
      }
    },
    {
      "type": "Feature",
      "geometry": {
        "type": "Point",
        "coordinates": [
          139.4864,
          35.33858
        ]
      },
      "properties": {
        "name": "藤沢",
        "company": "小田急電鉄",
        "line": "江ノ島線",
        "passengers": 165663
      }
    },
    {
      "type": "Feature",
      "geometry": {
        "type": "Point",
        "coordinates": [
          139.47144,
          35.3204
        ]
      },
      "properties": {
        "name": "鵠沼海岸",
        "company": "小田急電鉄",
        "line": "江ノ島線",
        "passengers": 19859
      }
    },
    {
      "type": "Feature",
      "geometry": {
        "type": "Point",
        "coordinates": [
          139.47561,
          35.33134
        ]
      },
      "properties": {
        "name": "本鵠沼",
        "company": "小田急電鉄",
        "line": "江ノ島線",
        "passengers": 13938
      }
    },
    {
      "type": "Feature",
      "geometry": {
        "type": "Point",
        "coordinates": [
          139.4657,
          35.45
        ]
      },
      "properties": {
        "name": "桜ヶ丘",
        "company": "小田急電鉄",
        "line": "江ノ島線",
        "passengers": 20242
      }
    },
    {
      "type": "Feature",
      "geometry": {
        "type": "Point",
        "coordinates": [
          139.46193,
          35.46895
        ]
      },
      "properties": {
        "name": "大和",
        "company": "小田急電鉄",
        "line": "江ノ島線",
        "passengers": 118918
      }
    },
    {
      "type": "Feature",
      "geometry": {
        "type": "Point",
        "coordinates": [
          139.47061,
          35.38412
        ]
      },
      "properties": {
        "name": "六会日大前",
        "company": "小田急電鉄",
        "line": "江ノ島線",
        "passengers": 29802
      }
    },
    {
      "type": "Feature",
      "geometry": {
        "type": "Point",
        "coordinates": [
          139.47566,
          35.34854
        ]
      },
      "properties": {
        "name": "藤沢本町",
        "company": "小田急電鉄",
        "line": "江ノ島線",
        "passengers": 21694
      }
    },
    {
      "type": "Feature",
      "geometry": {
        "type": "Point",
        "coordinates": [
          139.47324,
          35.36293
        ]
      },
      "properties": {
        "name": "善行",
        "company": "小田急電鉄",
        "line": "江ノ島線",
        "passengers": 27011
      }
    },
    {
      "type": "Feature",
      "geometry": {
        "type": "Point",
        "coordinates": [
          139.4835,
          35.30887
        ]
      },
      "properties": {
        "name": "片瀬江ノ島",
        "company": "小田急電鉄",
        "line": "江ノ島線",
        "passengers": 19828
      }
    },
    {
      "type": "Feature",
      "geometry": {
        "type": "Point",
        "coordinates": [
          139.4647,
          35.43159
        ]
      },
      "properties": {
        "name": "高座渋谷",
        "company": "小田急電鉄",
        "line": "江ノ島線",
        "passengers": 25520
      }
    },
    {
      "type": "Feature",
      "geometry": {
        "type": "Point",
        "coordinates": [
          139.68843,
          35.66945
        ]
      },
      "properties": {
        "name": "代々木八幡",
        "company": "小田急電鉄",
        "line": "小田原線",
        "passengers": 20580
      }
    },
    {
      "type": "Feature",
      "geometry": {
        "type": "Point",
        "coordinates": [
          139.58554,
          35.63613
        ]
      },
      "properties": {
        "name": "喜多見",
        "company": "小田急電鉄",
        "line": "小田原線",
        "passengers": 34207
      }
    },
    {
      "type": "Feature",
      "geometry": {
        "type": "Point",
        "coordinates": [
          139.6481,
          35.65411
        ]
      },
      "properties": {
        "name": "豪徳寺",
        "company": "小田急電鉄",
        "line": "小田原線",
        "passengers": 28656
      }
    },
    {
      "type": "Feature",
      "geometry": {
        "type": "Point",
        "coordinates": [
          139.66667,
          35.66095
        ]
      },
      "properties": {
        "name": "下北沢",
        "company": "小田急電鉄",
        "line": "小田原線",
        "passengers": 121739
      }
    },
    {
      "type": "Feature",
      "geometry": {
        "type": "Point",
        "coordinates": [
          139.69817,
          35.68316
        ]
      },
      "properties": {
        "name": "南新宿",
        "company": "小田急電鉄",
        "line": "小田原線",
        "passengers": 3977
      }
    },
    {
      "type": "Feature",
      "geometry": {
        "type": "Point",
        "coordinates": [
          139.62533,
          35.64791
        ]
      },
      "properties": {
        "name": "千歳船橋",
        "company": "小田急電鉄",
        "line": "小田原線",
        "passengers": 60683
      }
    },
    {
      "type": "Feature",
      "geometry": {
        "type": "Point",
        "coordinates": [
          139.69329,
          35.67813
        ]
      },
      "properties": {
        "name": "参宮橋",
        "company": "小田急電鉄",
        "line": "小田原線",
        "passengers": 14612
      }
    },
    {
      "type": "Feature",
      "geometry": {
        "type": "Point",
        "coordinates": [
          139.60895,
          35.64302
        ]
      },
      "properties": {
        "name": "祖師ヶ谷大蔵",
        "company": "小田急電鉄",
        "line": "小田原線",
        "passengers": 51085
      }
    },
    {
      "type": "Feature",
      "geometry": {
        "type": "Point",
        "coordinates": [
          139.65434,
          35.65624
        ]
      },
      "properties": {
        "name": "梅ヶ丘",
        "company": "小田急電鉄",
        "line": "小田原線",
        "passengers": 34064
      }
    },
    {
      "type": "Feature",
      "geometry": {
        "type": "Point",
        "coordinates": [
          139.69971,
          35.69189
        ]
      },
      "properties": {
        "name": "新宿",
        "company": "小田急電鉄",
        "line": "小田原線",
        "passengers": 516876
      }
    },
    {
      "type": "Feature",
      "geometry": {
        "type": "Point",
        "coordinates": [
          139.66076,
          35.65814
        ]
      },
      "properties": {
        "name": "世田谷代田",
        "company": "小田急電鉄",
        "line": "小田原線",
        "passengers": 9348
      }
    },
    {
      "type": "Feature",
      "geometry": {
        "type": "Point",
        "coordinates": [
          139.67254,
          35.66508
        ]
      },
      "properties": {
        "name": "東北沢",
        "company": "小田急電鉄",
        "line": "小田原線",
        "passengers": 7335
      }
    },
    {
      "type": "Feature",
      "geometry": {
        "type": "Point",
        "coordinates": [
          139.63778,
          35.65151
        ]
      },
      "properties": {
        "name": "経堂",
        "company": "小田急電鉄",
        "line": "小田原線",
        "passengers": 82540
      }
    },
    {
      "type": "Feature",
      "geometry": {
        "type": "Point",
        "coordinates": [
          139.59796,
          35.63981
        ]
      },
      "properties": {
        "name": "成城学園前",
        "company": "小田急電鉄",
        "line": "小田原線",
        "passengers": 88692
      }
    },
    {
      "type": "Feature",
      "geometry": {
        "type": "Point",
        "coordinates": [
          139.67877,
          35.66849
        ]
      },
      "properties": {
        "name": "代々木上原",
        "company": "小田急電鉄",
        "line": "小田原線",
        "passengers": 283238
      }
    },
    {
      "type": "Feature",
      "geometry": {
        "type": "Point",
        "coordinates": [
          139.44575,
          35.54471
        ]
      },
      "properties": {
        "name": "町田",
        "company": "小田急電鉄",
        "line": "小田原線",
        "passengers": 289419
      }
    },
    {
      "type": "Feature",
      "geometry": {
        "type": "Point",
        "coordinates": [
          139.57669,
          35.63162
        ]
      },
      "properties": {
        "name": "狛江",
        "company": "小田急電鉄",
        "line": "小田原線",
        "passengers": 48921
      }
    },
    {
      "type": "Feature",
      "geometry": {
        "type": "Point",
        "coordinates": [
          139.52706,
          35.61484
        ]
      },
      "properties": {
        "name": "読売ランド前",
        "company": "小田急電鉄",
        "line": "小田原線",
        "passengers": 36082
      }
    },
    {
      "type": "Feature",
      "geometry": {
        "type": "Point",
        "coordinates": [
          139.54065,
          35.61482
        ]
      },
      "properties": {
        "name": "生田",
        "company": "小田急電鉄",
        "line": "小田原線",
        "passengers": 46037
      }
    },
    {
      "type": "Feature",
      "geometry": {
        "type": "Point",
        "coordinates": [
          139.57331,
          35.6268
        ]
      },
      "properties": {
        "name": "和泉多摩川",
        "company": "小田急電鉄",
        "line": "小田原線",
        "passengers": 15751
      }
    },
    {
      "type": "Feature",
      "geometry": {
        "type": "Point",
        "coordinates": [
          139.51514,
          35.60866
        ]
      },
      "properties": {
        "name": "百合ヶ丘",
        "company": "小田急電鉄",
        "line": "小田原線",
        "passengers": 21681
      }
    },
    {
      "type": "Feature",
      "geometry": {
        "type": "Point",
        "coordinates": [
          139.49711,
          35.58891
        ]
      },
      "properties": {
        "name": "柿生",
        "company": "小田急電鉄",
        "line": "小田原線",
        "passengers": 37634
      }
    },
    {
      "type": "Feature",
      "geometry": {
        "type": "Point",
        "coordinates": [
          139.46393,
          35.56428
        ]
      },
      "properties": {
        "name": "玉川学園前",
        "company": "小田急電鉄",
        "line": "小田原線",
        "passengers": 46581
      }
    },
    {
      "type": "Feature",
      "geometry": {
        "type": "Point",
        "coordinates": [
          139.43879,
          35.53329
        ]
      },
      "properties": {
        "name": "相模大野",
        "company": "小田急電鉄",
        "line": "小田原線",
        "passengers": 127169
      }
    },
    {
      "type": "Feature",
      "geometry": {
        "type": "Point",
        "coordinates": [
          139.42363,
          35.51625
        ]
      },
      "properties": {
        "name": "小田急相模原",
        "company": "小田急電鉄",
        "line": "小田原線",
        "passengers": 57496
      }
    },
    {
      "type": "Feature",
      "geometry": {
        "type": "Point",
        "coordinates": [
          139.56878,
          35.62007
        ]
      },
      "properties": {
        "name": "登戸",
        "company": "小田急電鉄",
        "line": "小田原線",
        "passengers": 167685
      }
    },
    {
      "type": "Feature",
      "geometry": {
        "type": "Point",
        "coordinates": [
          139.40909,
          35.49995
        ]
      },
      "properties": {
        "name": "相武台前",
        "company": "小田急電鉄",
        "line": "小田原線",
        "passengers": 40324
      }
    },
    {
      "type": "Feature",
      "geometry": {
        "type": "Point",
        "coordinates": [
          139.56355,
          35.61683
        ]
      },
      "properties": {
        "name": "向ヶ丘遊園",
        "company": "小田急電鉄",
        "line": "小田原線",
        "passengers": 67384
      }
    },
    {
      "type": "Feature",
      "geometry": {
        "type": "Point",
        "coordinates": [
          139.48287,
          35.58332
        ]
      },
      "properties": {
        "name": "鶴川",
        "company": "小田急電鉄",
        "line": "小田原線",
        "passengers": 68992
      }
    },
    {
      "type": "Feature",
      "geometry": {
        "type": "Point",
        "coordinates": [
          139.50667,
          35.60306
        ]
      },
      "properties": {
        "name": "新百合ヶ丘",
        "company": "小田急電鉄",
        "line": "小田原線・多摩線",
        "passengers": 128155
      }
    },
    {
      "type": "Feature",
      "geometry": {
        "type": "Point",
        "coordinates": [
          139.15595,
          35.25707
        ]
      },
      "properties": {
        "name": "小田原",
        "company": "小田急電鉄",
        "line": "小田原線",
        "passengers": 62396
      }
    },
    {
      "type": "Feature",
      "geometry": {
        "type": "Point",
        "coordinates": [
          139.39182,
          35.45355
        ]
      },
      "properties": {
        "name": "海老名",
        "company": "小田急電鉄",
        "line": "小田原線",
        "passengers": 152370
      }
    },
    {
      "type": "Feature",
      "geometry": {
        "type": "Point",
        "coordinates": [
          139.34465,
          35.41817
        ]
      },
      "properties": {
        "name": "愛甲石田",
        "company": "小田急電鉄",
        "line": "小田原線",
        "passengers": 54602
      }
    },
    {
      "type": "Feature",
      "geometry": {
        "type": "Point",
        "coordinates": [
          139.13878,
          35.34432
        ]
      },
      "properties": {
        "name": "新松田",
        "company": "小田急電鉄",
        "line": "小田原線",
        "passengers": 22946
      }
    },
    {
      "type": "Feature",
      "geometry": {
        "type": "Point",
        "coordinates": [
          139.15447,
          35.27212
        ]
      },
      "properties": {
        "name": "足柄",
        "company": "小田急電鉄",
        "line": "小田原線",
        "passengers": 3893
      }
    },
    {
      "type": "Feature",
      "geometry": {
        "type": "Point",
        "coordinates": [
          139.39986,
          35.48173
        ]
      },
      "properties": {
        "name": "座間",
        "company": "小田急電鉄",
        "line": "小田原線",
        "passengers": 20833
      }
    },
    {
      "type": "Feature",
      "geometry": {
        "type": "Point",
        "coordinates": [
          139.14252,
          35.31096
        ]
      },
      "properties": {
        "name": "栢山",
        "company": "小田急電鉄",
        "line": "小田原線",
        "passengers": 8589
      }
    },
    {
      "type": "Feature",
      "geometry": {
        "type": "Point",
        "coordinates": [
          139.37752,
          35.44297
        ]
      },
      "properties": {
        "name": "厚木",
        "company": "小田急電鉄",
        "line": "小田原線",
        "passengers": 34015
      }
    },
    {
      "type": "Feature",
      "geometry": {
        "type": "Point",
        "coordinates": [
          139.36355,
          35.43856
        ]
      },
      "properties": {
        "name": "本厚木",
        "company": "小田急電鉄",
        "line": "小田原線",
        "passengers": 151791
      }
    },
    {
      "type": "Feature",
      "geometry": {
        "type": "Point",
        "coordinates": [
          139.22685,
          35.36956
        ]
      },
      "properties": {
        "name": "秦野",
        "company": "小田急電鉄",
        "line": "小田原線",
        "passengers": 42011
      }
    },
    {
      "type": "Feature",
      "geometry": {
        "type": "Point",
        "coordinates": [
          139.2779,
          35.38099
        ]
      },
      "properties": {
        "name": "鶴巻温泉",
        "company": "小田急電鉄",
        "line": "小田原線",
        "passengers": 14963
      }
    },
    {
      "type": "Feature",
      "geometry": {
        "type": "Point",
        "coordinates": [
          139.13567,
          35.32681
        ]
      },
      "properties": {
        "name": "開成",
        "company": "小田急電鉄",
        "line": "小田原線",
        "passengers": 12350
      }
    },
    {
      "type": "Feature",
      "geometry": {
        "type": "Point",
        "coordinates": [
          139.31439,
          35.39638
        ]
      },
      "properties": {
        "name": "伊勢原",
        "company": "小田急電鉄",
        "line": "小田原線",
        "passengers": 51705
      }
    },
    {
      "type": "Feature",
      "geometry": {
        "type": "Point",
        "coordinates": [
          139.14491,
          35.2974
        ]
      },
      "properties": {
        "name": "富水",
        "company": "小田急電鉄",
        "line": "小田原線",
        "passengers": 6796
      }
    },
    {
      "type": "Feature",
      "geometry": {
        "type": "Point",
        "coordinates": [
          139.1856,
          35.3739
        ]
      },
      "properties": {
        "name": "渋沢",
        "company": "小田急電鉄",
        "line": "小田原線",
        "passengers": 27175
      }
    },
    {
      "type": "Feature",
      "geometry": {
        "type": "Point",
        "coordinates": [
          139.27125,
          35.37317
        ]
      },
      "properties": {
        "name": "東海大学前",
        "company": "小田急電鉄",
        "line": "小田原線",
        "passengers": 38909
      }
    },
    {
      "type": "Feature",
      "geometry": {
        "type": "Point",
        "coordinates": [
          139.15154,
          35.28547
        ]
      },
      "properties": {
        "name": "螢田",
        "company": "小田急電鉄",
        "line": "小田原線",
        "passengers": 6059
      }
    },
    {
      "type": "Feature",
      "geometry": {
        "type": "Point",
        "coordinates": [
          139.49407,
          35.6
        ]
      },
      "properties": {
        "name": "五月台",
        "company": "小田急電鉄",
        "line": "多摩線",
        "passengers": 10192
      }
    },
    {
      "type": "Feature",
      "geometry": {
        "type": "Point",
        "coordinates": [
          139.41218,
          35.61732
        ]
      },
      "properties": {
        "name": "唐木田",
        "company": "小田急電鉄",
        "line": "多摩線",
        "passengers": 17207
      }
    },
    {
      "type": "Feature",
      "geometry": {
        "type": "Point",
        "coordinates": [
          139.42533,
          35.62527
        ]
      },
      "properties": {
        "name": "小田急多摩センター",
        "company": "小田急電鉄",
        "line": "多摩線",
        "passengers": 51315
      }
    },
    {
      "type": "Feature",
      "geometry": {
        "type": "Point",
        "coordinates": [
          139.47118,
          35.61275
        ]
      },
      "properties": {
        "name": "黒川",
        "company": "小田急電鉄",
        "line": "多摩線",
        "passengers": 8731
      }
    },
    {
      "type": "Feature",
      "geometry": {
        "type": "Point",
        "coordinates": [
          139.48185,
          35.60545
        ]
      },
      "properties": {
        "name": "栗平",
        "company": "小田急電鉄",
        "line": "多摩線",
        "passengers": 24606
      }
    },
    {
      "type": "Feature",
      "geometry": {
        "type": "Point",
        "coordinates": [
          139.46423,
          35.6191
        ]
      },
      "properties": {
        "name": "はるひ野",
        "company": "小田急電鉄",
        "line": "多摩線",
        "passengers": 10048
      }
    },
    {
      "type": "Feature",
      "geometry": {
        "type": "Point",
        "coordinates": [
          139.44916,
          35.62959
        ]
      },
      "properties": {
        "name": "小田急永山",
        "company": "小田急電鉄",
        "line": "多摩線",
        "passengers": 31056
      }
    },
    {
      "type": "Feature",
      "geometry": {
        "type": "Point",
        "coordinates": [
          139.50405,
          35.31926
        ]
      },
      "properties": {
        "name": "西鎌倉",
        "company": "湘南モノレール",
        "line": "江の島線",
        "passengers": 5289
      }
    },
    {
      "type": "Feature",
      "geometry": {
        "type": "Point",
        "coordinates": [
          139.49178,
          35.31422
        ]
      },
      "properties": {
        "name": "目白山下",
        "company": "湘南モノレール",
        "line": "江の島線",
        "passengers": 293
      }
    },
    {
      "type": "Feature",
      "geometry": {
        "type": "Point",
        "coordinates": [
          139.53155,
          35.3531
        ]
      },
      "properties": {
        "name": "大船",
        "company": "湘南モノレール",
        "line": "江の島線",
        "passengers": 27638
      }
    },
    {
      "type": "Feature",
      "geometry": {
        "type": "Point",
        "coordinates": [
          139.51871,
          35.33279
        ]
      },
      "properties": {
        "name": "湘南深沢",
        "company": "湘南モノレール",
        "line": "江の島線",
        "passengers": 5586
      }
    },
    {
      "type": "Feature",
      "geometry": {
        "type": "Point",
        "coordinates": [
          139.48801,
          35.31202
        ]
      },
      "properties": {
        "name": "湘南江の島",
        "company": "湘南モノレール",
        "line": "江の島線",
        "passengers": 4479
      }
    },
    {
      "type": "Feature",
      "geometry": {
        "type": "Point",
        "coordinates": [
          139.52957,
          35.34562
        ]
      },
      "properties": {
        "name": "富士見町",
        "company": "湘南モノレール",
        "line": "江の島線",
        "passengers": 4150
      }
    },
    {
      "type": "Feature",
      "geometry": {
        "type": "Point",
        "coordinates": [
          139.52275,
          35.33816
        ]
      },
      "properties": {
        "name": "湘南町屋",
        "company": "湘南モノレール",
        "line": "江の島線",
        "passengers": 6925
      }
    },
    {
      "type": "Feature",
      "geometry": {
        "type": "Point",
        "coordinates": [
          139.49654,
          35.31729
        ]
      },
      "properties": {
        "name": "片瀬山",
        "company": "湘南モノレール",
        "line": "江の島線",
        "passengers": 3883
      }
    },
    {
      "type": "Feature",
      "geometry": {
        "type": "Point",
        "coordinates": [
          139.4634,
          35.73699
        ]
      },
      "properties": {
        "name": "小川",
        "company": "西武鉄道",
        "line": "国分寺線・拝島線",
        "passengers": 29859
      }
    },
    {
      "type": "Feature",
      "geometry": {
        "type": "Point",
        "coordinates": [
          139.46099,
          35.72258
        ]
      },
      "properties": {
        "name": "鷹の台",
        "company": "西武鉄道",
        "line": "国分寺線",
        "passengers": 25914
      }
    },
    {
      "type": "Feature",
      "geometry": {
        "type": "Point",
        "coordinates": [
          139.48235,
          35.70018
        ]
      },
      "properties": {
        "name": "国分寺",
        "company": "西武鉄道",
        "line": "国分寺線",
        "passengers": 117796
      }
    },
    {
      "type": "Feature",
      "geometry": {
        "type": "Point",
        "coordinates": [
          139.4642,
          35.71096
        ]
      },
      "properties": {
        "name": "恋ヶ窪",
        "company": "西武鉄道",
        "line": "国分寺線",
        "passengers": 12851
      }
    },
    {
      "type": "Feature",
      "geometry": {
        "type": "Point",
        "coordinates": [
          139.62538,
          35.72379
        ]
      },
      "properties": {
        "name": "下井草",
        "company": "西武鉄道",
        "line": "新宿線",
        "passengers": 24921
      }
    },
    {
      "type": "Feature",
      "geometry": {
        "type": "Point",
        "coordinates": [
          139.69586,
          35.71573
        ]
      },
      "properties": {
        "name": "下落合",
        "company": "西武鉄道",
        "line": "新宿線",
        "passengers": 12435
      }
    },
    {
      "type": "Feature",
      "geometry": {
        "type": "Point",
        "coordinates": [
          139.7037,
          35.71176
        ]
      },
      "properties": {
        "name": "高田馬場",
        "company": "西武鉄道",
        "line": "新宿線",
        "passengers": 301862
      }
    },
    {
      "type": "Feature",
      "geometry": {
        "type": "Point",
        "coordinates": [
          139.65415,
          35.71939
        ]
      },
      "properties": {
        "name": "野方",
        "company": "西武鉄道",
        "line": "新宿線",
        "passengers": 25560
      }
    },
    {
      "type": "Feature",
      "geometry": {
        "type": "Point",
        "coordinates": [
          139.64064,
          35.72261
        ]
      },
      "properties": {
        "name": "鷺ノ宮",
        "company": "西武鉄道",
        "line": "新宿線",
        "passengers": 33147
      }
    },
    {
      "type": "Feature",
      "geometry": {
        "type": "Point",
        "coordinates": [
          139.60369,
          35.72521
        ]
      },
      "properties": {
        "name": "上井草",
        "company": "西武鉄道",
        "line": "新宿線",
        "passengers": 21302
      }
    },
    {
      "type": "Feature",
      "geometry": {
        "type": "Point",
        "coordinates": [
          139.68735,
          35.71513
        ]
      },
      "properties": {
        "name": "中井",
        "company": "西武鉄道",
        "line": "新宿線",
        "passengers": 29347
      }
    },
    {
      "type": "Feature",
      "geometry": {
        "type": "Point",
        "coordinates": [
          139.64604,
          35.72202
        ]
      },
      "properties": {
        "name": "都立家政",
        "company": "西武鉄道",
        "line": "新宿線",
        "passengers": 19236
      }
    },
    {
      "type": "Feature",
      "geometry": {
        "type": "Point",
        "coordinates": [
          139.67342,
          35.71555
        ]
      },
      "properties": {
        "name": "新井薬師前",
        "company": "西武鉄道",
        "line": "新宿線",
        "passengers": 22176
      }
    },
    {
      "type": "Feature",
      "geometry": {
        "type": "Point",
        "coordinates": [
          139.61658,
          35.72462
        ]
      },
      "properties": {
        "name": "井荻",
        "company": "西武鉄道",
        "line": "新宿線",
        "passengers": 19818
      }
    },
    {
      "type": "Feature",
      "geometry": {
        "type": "Point",
        "coordinates": [
          139.593,
          35.72611
        ]
      },
      "properties": {
        "name": "上石神井",
        "company": "西武鉄道",
        "line": "新宿線",
        "passengers": 44893
      }
    },
    {
      "type": "Feature",
      "geometry": {
        "type": "Point",
        "coordinates": [
          139.66561,
          35.71906
        ]
      },
      "properties": {
        "name": "沼袋",
        "company": "西武鉄道",
        "line": "新宿線",
        "passengers": 20290
      }
    },
    {
      "type": "Feature",
      "geometry": {
        "type": "Point",
        "coordinates": [
          139.70004,
          35.6953
        ]
      },
      "properties": {
        "name": "西武新宿",
        "company": "西武鉄道",
        "line": "新宿線",
        "passengers": 183666
      }
    },
    {
      "type": "Feature",
      "geometry": {
        "type": "Point",
        "coordinates": [
          139.48944,
          35.73648
        ]
      },
      "properties": {
        "name": "小平",
        "company": "西武鉄道",
        "line": "新宿線・拝島線",
        "passengers": 38780
      }
    },
    {
      "type": "Feature",
      "geometry": {
        "type": "Point",
        "coordinates": [
          139.4733,
          35.74902
        ]
      },
      "properties": {
        "name": "久米川",
        "company": "西武鉄道",
        "line": "新宿線",
        "passengers": 32638
      }
    },
    {
      "type": "Feature",
      "geometry": {
        "type": "Point",
        "coordinates": [
          139.57721,
          35.72754
        ]
      },
      "properties": {
        "name": "武蔵関",
        "company": "西武鉄道",
        "line": "新宿線",
        "passengers": 32351
      }
    },
    {
      "type": "Feature",
      "geometry": {
        "type": "Point",
        "coordinates": [
          139.53987,
          35.72729
        ]
      },
      "properties": {
        "name": "田無",
        "company": "西武鉄道",
        "line": "新宿線",
        "passengers": 75418
      }
    },
    {
      "type": "Feature",
      "geometry": {
        "type": "Point",
        "coordinates": [
          139.51394,
          35.72588
        ]
      },
      "properties": {
        "name": "花小金井",
        "company": "西武鉄道",
        "line": "新宿線",
        "passengers": 59220
      }
    },
    {
      "type": "Feature",
      "geometry": {
        "type": "Point",
        "coordinates": [
          139.55294,
          35.72863
        ]
      },
      "properties": {
        "name": "西武柳沢",
        "company": "西武鉄道",
        "line": "新宿線",
        "passengers": 16616
      }
    },
    {
      "type": "Feature",
      "geometry": {
        "type": "Point",
        "coordinates": [
          139.56435,
          35.72868
        ]
      },
      "properties": {
        "name": "東伏見",
        "company": "西武鉄道",
        "line": "新宿線",
        "passengers": 24951
      }
    },
    {
      "type": "Feature",
      "geometry": {
        "type": "Point",
        "coordinates": [
          139.6785,
          35.74388
        ]
      },
      "properties": {
        "name": "小竹向原",
        "company": "西武鉄道",
        "line": "西武有楽町線",
        "passengers": 187580
      }
    },
    {
      "type": "Feature",
      "geometry": {
        "type": "Point",
        "coordinates": [
          139.65557,
          35.73804
        ]
      },
      "properties": {
        "name": "練馬",
        "company": "西武鉄道",
        "line": "西武有楽町線・池袋線・豊島線",
        "passengers": 133700
      }
    },
    {
      "type": "Feature",
      "geometry": {
        "type": "Point",
        "coordinates": [
          139.66964,
          35.74167
        ]
      },
      "properties": {
        "name": "新桜台",
        "company": "西武鉄道",
        "line": "西武有楽町線",
        "passengers": 9923
      }
    },
    {
      "type": "Feature",
      "geometry": {
        "type": "Point",
        "coordinates": [
          139.46844,
          35.74459
        ]
      },
      "properties": {
        "name": "八坂",
        "company": "西武鉄道",
        "line": "多摩湖線",
        "passengers": 6171
      }
    },
    {
      "type": "Feature",
      "geometry": {
        "type": "Point",
        "coordinates": [
          139.47942,
          35.70085
        ]
      },
      "properties": {
        "name": "国分寺",
        "company": "西武鉄道",
        "line": "多摩湖線",
        "passengers": 0
      }
    },
    {
      "type": "Feature",
      "geometry": {
        "type": "Point",
        "coordinates": [
          139.4801,
          35.7217
        ]
      },
      "properties": {
        "name": "一橋学園",
        "company": "西武鉄道",
        "line": "多摩湖線",
        "passengers": 21189
      }
    },
    {
      "type": "Feature",
      "geometry": {
        "type": "Point",
        "coordinates": [
          139.47745,
          35.74031
        ]
      },
      "properties": {
        "name": "萩山",
        "company": "西武鉄道",
        "line": "多摩湖線・拝島線",
        "passengers": 10118
      }
    },
    {
      "type": "Feature",
      "geometry": {
        "type": "Point",
        "coordinates": [
          139.47654,
          35.73064
        ]
      },
      "properties": {
        "name": "青梅街道",
        "company": "西武鉄道",
        "line": "多摩湖線",
        "passengers": 8367
      }
    },
    {
      "type": "Feature",
      "geometry": {
        "type": "Point",
        "coordinates": [
          139.54474,
          35.70192
        ]
      },
      "properties": {
        "name": "武蔵境",
        "company": "西武鉄道",
        "line": "多摩川線",
        "passengers": 30854
      }
    },
    {
      "type": "Feature",
      "geometry": {
        "type": "Point",
        "coordinates": [
          139.52711,
          35.69623
        ]
      },
      "properties": {
        "name": "新小金井",
        "company": "西武鉄道",
        "line": "多摩川線",
        "passengers": 4041
      }
    },
    {
      "type": "Feature",
      "geometry": {
        "type": "Point",
        "coordinates": [
          139.49904,
          35.65607
        ]
      },
      "properties": {
        "name": "競艇場前",
        "company": "西武鉄道",
        "line": "多摩川線",
        "passengers": 2924
      }
    },
    {
      "type": "Feature",
      "geometry": {
        "type": "Point",
        "coordinates": [
          139.51738,
          35.67731
        ]
      },
      "properties": {
        "name": "多磨",
        "company": "西武鉄道",
        "line": "多摩川線",
        "passengers": 13757
      }
    },
    {
      "type": "Feature",
      "geometry": {
        "type": "Point",
        "coordinates": [
          139.50875,
          35.66579
        ]
      },
      "properties": {
        "name": "白糸台",
        "company": "西武鉄道",
        "line": "多摩川線",
        "passengers": 6439
      }
    },
    {
      "type": "Feature",
      "geometry": {
        "type": "Point",
        "coordinates": [
          139.48921,
          35.65616
        ]
      },
      "properties": {
        "name": "是政",
        "company": "西武鉄道",
        "line": "多摩川線",
        "passengers": 7838
      }
    },
    {
      "type": "Feature",
      "geometry": {
        "type": "Point",
        "coordinates": [
          139.71091,
          35.72783
        ]
      },
      "properties": {
        "name": "池袋",
        "company": "西武鉄道",
        "line": "池袋線",
        "passengers": 484665
      }
    },
    {
      "type": "Feature",
      "geometry": {
        "type": "Point",
        "coordinates": [
          139.6055,
          35.74389
        ]
      },
      "properties": {
        "name": "石神井公園",
        "company": "西武鉄道",
        "line": "池袋線",
        "passengers": 82902
      }
    },
    {
      "type": "Feature",
      "geometry": {
        "type": "Point",
        "coordinates": [
          139.67355,
          35.73723
        ]
      },
      "properties": {
        "name": "江古田",
        "company": "西武鉄道",
        "line": "池袋線",
        "passengers": 35267
      }
    },
    {
      "type": "Feature",
      "geometry": {
        "type": "Point",
        "coordinates": [
          139.63063,
          35.73593
        ]
      },
      "properties": {
        "name": "富士見台",
        "company": "西武鉄道",
        "line": "池袋線",
        "passengers": 27936
      }
    },
    {
      "type": "Feature",
      "geometry": {
        "type": "Point",
        "coordinates": [
          139.63801,
          35.73677
        ]
      },
      "properties": {
        "name": "中村橋",
        "company": "西武鉄道",
        "line": "池袋線",
        "passengers": 41021
      }
    },
    {
      "type": "Feature",
      "geometry": {
        "type": "Point",
        "coordinates": [
          139.66336,
          35.73884
        ]
      },
      "properties": {
        "name": "桜台",
        "company": "西武鉄道",
        "line": "池袋線",
        "passengers": 14889
      }
    },
    {
      "type": "Feature",
      "geometry": {
        "type": "Point",
        "coordinates": [
          139.68383,
          35.72947
        ]
      },
      "properties": {
        "name": "東長崎",
        "company": "西武鉄道",
        "line": "池袋線",
        "passengers": 27613
      }
    },
    {
      "type": "Feature",
      "geometry": {
        "type": "Point",
        "coordinates": [
          139.61599,
          35.74107
        ]
      },
      "properties": {
        "name": "練馬高野台",
        "company": "西武鉄道",
        "line": "池袋線",
        "passengers": 27327
      }
    },
    {
      "type": "Feature",
      "geometry": {
        "type": "Point",
        "coordinates": [
          139.69494,
          35.72637
        ]
      },
      "properties": {
        "name": "椎名町",
        "company": "西武鉄道",
        "line": "池袋線",
        "passengers": 20649
      }
    },
    {
      "type": "Feature",
      "geometry": {
        "type": "Point",
        "coordinates": [
          139.58598,
          35.74965
        ]
      },
      "properties": {
        "name": "大泉学園",
        "company": "西武鉄道",
        "line": "池袋線",
        "passengers": 87359
      }
    },
    {
      "type": "Feature",
      "geometry": {
        "type": "Point",
        "coordinates": [
          139.56712,
          35.74814
        ]
      },
      "properties": {
        "name": "保谷",
        "company": "西武鉄道",
        "line": "池袋線",
        "passengers": 63372
      }
    },
    {
      "type": "Feature",
      "geometry": {
        "type": "Point",
        "coordinates": [
          139.34398,
          35.72133
        ]
      },
      "properties": {
        "name": "拝島",
        "company": "西武鉄道",
        "line": "拝島線",
        "passengers": 36317
      }
    },
    {
      "type": "Feature",
      "geometry": {
        "type": "Point",
        "coordinates": [
          139.43496,
          35.73323
        ]
      },
      "properties": {
        "name": "東大和市",
        "company": "西武鉄道",
        "line": "拝島線",
        "passengers": 25177
      }
    },
    {
      "type": "Feature",
      "geometry": {
        "type": "Point",
        "coordinates": [
          139.37021,
          35.72625
        ]
      },
      "properties": {
        "name": "西武立川",
        "company": "西武鉄道",
        "line": "拝島線",
        "passengers": 11705
      }
    },
    {
      "type": "Feature",
      "geometry": {
        "type": "Point",
        "coordinates": [
          139.39298,
          35.7289
        ]
      },
      "properties": {
        "name": "武蔵砂川",
        "company": "西武鉄道",
        "line": "拝島線",
        "passengers": 12255
      }
    },
    {
      "type": "Feature",
      "geometry": {
        "type": "Point",
        "coordinates": [
          139.41945,
          35.73167
        ]
      },
      "properties": {
        "name": "玉川上水",
        "company": "西武鉄道",
        "line": "拝島線",
        "passengers": 42416
      }
    },
    {
      "type": "Feature",
      "geometry": {
        "type": "Point",
        "coordinates": [
          139.64804,
          35.74247
        ]
      },
      "properties": {
        "name": "豊島園",
        "company": "西武鉄道",
        "line": "豊島線",
        "passengers": 14261
      }
    },
    {
      "type": "Feature",
      "geometry": {
        "type": "Point",
        "coordinates": [
          139.5264,
          35.4522
        ]
      },
      "properties": {
        "name": "南万騎が原",
        "company": "相模鉄道",
        "line": "いずみ野線",
        "passengers": 11731
      }
    },
    {
      "type": "Feature",
      "geometry": {
        "type": "Point",
        "coordinates": [
          139.49405,
          35.42971
        ]
      },
      "properties": {
        "name": "いずみ野",
        "company": "相模鉄道",
        "line": "いずみ野線",
        "passengers": 13752
      }
    },
    {
      "type": "Feature",
      "geometry": {
        "type": "Point",
        "coordinates": [
          139.50586,
          35.42975
        ]
      },
      "properties": {
        "name": "弥生台",
        "company": "相模鉄道",
        "line": "いずみ野線",
        "passengers": 15055
      }
    },
    {
      "type": "Feature",
      "geometry": {
        "type": "Point",
        "coordinates": [
          139.52153,
          35.43881
        ]
      },
      "properties": {
        "name": "緑園都市",
        "company": "相模鉄道",
        "line": "いずみ野線",
        "passengers": 25276
      }
    },
    {
      "type": "Feature",
      "geometry": {
        "type": "Point",
        "coordinates": [
          139.48192,
          35.40516
        ]
      },
      "properties": {
        "name": "ゆめが丘",
        "company": "相模鉄道",
        "line": "いずみ野線",
        "passengers": 2207
      }
    },
    {
      "type": "Feature",
      "geometry": {
        "type": "Point",
        "coordinates": [
          139.53156,
          35.46278
        ]
      },
      "properties": {
        "name": "二俣川",
        "company": "相模鉄道",
        "line": "いずみ野線・本線",
        "passengers": 82602
      }
    },
    {
      "type": "Feature",
      "geometry": {
        "type": "Point",
        "coordinates": [
          139.4652,
          35.39602
        ]
      },
      "properties": {
        "name": "湘南台",
        "company": "相模鉄道",
        "line": "いずみ野線",
        "passengers": 28697
      }
    },
    {
      "type": "Feature",
      "geometry": {
        "type": "Point",
        "coordinates": [
          139.48707,
          35.41438
        ]
      },
      "properties": {
        "name": "いずみ中央",
        "company": "相模鉄道",
        "line": "いずみ野線",
        "passengers": 16257
      }
    },
    {
      "type": "Feature",
      "geometry": {
        "type": "Point",
        "coordinates": [
          139.60835,
          35.45325
        ]
      },
      "properties": {
        "name": "西横浜",
        "company": "相模鉄道",
        "line": "本線",
        "passengers": 14832
      }
    },
    {
      "type": "Feature",
      "geometry": {
        "type": "Point",
        "coordinates": [
          139.60185,
          35.45424
        ]
      },
      "properties": {
        "name": "天王町",
        "company": "相模鉄道",
        "line": "本線",
        "passengers": 27313
      }
    },
    {
      "type": "Feature",
      "geometry": {
        "type": "Point",
        "coordinates": [
          139.58594,
          35.46392
        ]
      },
      "properties": {
        "name": "和田町",
        "company": "相模鉄道",
        "line": "本線",
        "passengers": 18017
      }
    },
    {
      "type": "Feature",
      "geometry": {
        "type": "Point",
        "coordinates": [
          139.59467,
          35.45881
        ]
      },
      "properties": {
        "name": "星川",
        "company": "相模鉄道",
        "line": "本線",
        "passengers": 28302
      }
    },
    {
      "type": "Feature",
      "geometry": {
        "type": "Point",
        "coordinates": [
          139.61615,
          35.4595
        ]
      },
      "properties": {
        "name": "平沼橋",
        "company": "相模鉄道",
        "line": "本線",
        "passengers": 8926
      }
    },
    {
      "type": "Feature",
      "geometry": {
        "type": "Point",
        "coordinates": [
          139.62313,
          35.46693
        ]
      },
      "properties": {
        "name": "横浜",
        "company": "相模鉄道",
        "line": "本線",
        "passengers": 421910
      }
    },
    {
      "type": "Feature",
      "geometry": {
        "type": "Point",
        "coordinates": [
          139.57977,
          35.46785
        ]
      },
      "properties": {
        "name": "上星川",
        "company": "相模鉄道",
        "line": "本線",
        "passengers": 26006
      }
    },
    {
      "type": "Feature",
      "geometry": {
        "type": "Point",
        "coordinates": [
          139.50155,
          35.46818
        ]
      },
      "properties": {
        "name": "三ツ境",
        "company": "相模鉄道",
        "line": "本線",
        "passengers": 57806
      }
    },
    {
      "type": "Feature",
      "geometry": {
        "type": "Point",
        "coordinates": [
          139.44055,
          35.47065
        ]
      },
      "properties": {
        "name": "相模大塚",
        "company": "相模鉄道",
        "line": "本線",
        "passengers": 14284
      }
    },
    {
      "type": "Feature",
      "geometry": {
        "type": "Point",
        "coordinates": [
          139.54941,
          35.47493
        ]
      },
      "properties": {
        "name": "鶴ヶ峰",
        "company": "相模鉄道",
        "line": "本線",
        "passengers": 57070
      }
    },
    {
      "type": "Feature",
      "geometry": {
        "type": "Point",
        "coordinates": [
          139.56428,
          35.47805
        ]
      },
      "properties": {
        "name": "西谷",
        "company": "相模鉄道",
        "line": "本線",
        "passengers": 24551
      }
    },
    {
      "type": "Feature",
      "geometry": {
        "type": "Point",
        "coordinates": [
          139.48215,
          35.47037
        ]
      },
      "properties": {
        "name": "瀬谷",
        "company": "相模鉄道",
        "line": "本線",
        "passengers": 44085
      }
    },
    {
      "type": "Feature",
      "geometry": {
        "type": "Point",
        "coordinates": [
          139.41483,
          35.46646
        ]
      },
      "properties": {
        "name": "かしわ台",
        "company": "相模鉄道",
        "line": "本線",
        "passengers": 18665
      }
    },
    {
      "type": "Feature",
      "geometry": {
        "type": "Point",
        "coordinates": [
          139.46224,
          35.46989
        ]
      },
      "properties": {
        "name": "大和",
        "company": "相模鉄道",
        "line": "本線",
        "passengers": 115878
      }
    },
    {
      "type": "Feature",
      "geometry": {
        "type": "Point",
        "coordinates": [
          139.51255,
          35.46077
        ]
      },
      "properties": {
        "name": "希望ヶ丘",
        "company": "相模鉄道",
        "line": "本線",
        "passengers": 34405
      }
    },
    {
      "type": "Feature",
      "geometry": {
        "type": "Point",
        "coordinates": [
          139.4279,
          35.47153
        ]
      },
      "properties": {
        "name": "さがみ野",
        "company": "相模鉄道",
        "line": "本線",
        "passengers": 37399
      }
    },
    {
      "type": "Feature",
      "geometry": {
        "type": "Point",
        "coordinates": [
          139.39167,
          35.45296
        ]
      },
      "properties": {
        "name": "海老名",
        "company": "相模鉄道",
        "line": "本線",
        "passengers": 123213
      }
    },
    {
      "type": "Feature",
      "geometry": {
        "type": "Point",
        "coordinates": [
          139.41516,
          35.66095
        ]
      },
      "properties": {
        "name": "高幡不動",
        "company": "多摩都市モノレール",
        "line": "多摩都市モノレール線",
        "passengers": 26148
      }
    },
    {
      "type": "Feature",
      "geometry": {
        "type": "Point",
        "coordinates": [
          139.41264,
          35.69908
        ]
      },
      "properties": {
        "name": "立川北",
        "company": "多摩都市モノレール",
        "line": "多摩都市モノレール線",
        "passengers": 44151
      }
    },
    {
      "type": "Feature",
      "geometry": {
        "type": "Point",
        "coordinates": [
          139.42215,
          35.63147
        ]
      },
      "properties": {
        "name": "松が谷",
        "company": "多摩都市モノレール",
        "line": "多摩都市モノレール線",
        "passengers": 2713
      }
    },
    {
      "type": "Feature",
      "geometry": {
        "type": "Point",
        "coordinates": [
          139.41057,
          35.65492
        ]
      },
      "properties": {
        "name": "程久保",
        "company": "多摩都市モノレール",
        "line": "多摩都市モノレール線",
        "passengers": 1628
      }
    },
    {
      "type": "Feature",
      "geometry": {
        "type": "Point",
        "coordinates": [
          139.41661,
          35.73875
        ]
      },
      "properties": {
        "name": "桜街道",
        "company": "多摩都市モノレール",
        "line": "多摩都市モノレール線",
        "passengers": 7063
      }
    },
    {
      "type": "Feature",
      "geometry": {
        "type": "Point",
        "coordinates": [
          139.40372,
          35.64821
        ]
      },
      "properties": {
        "name": "多摩動物公園",
        "company": "多摩都市モノレール",
        "line": "多摩都市モノレール線",
        "passengers": 2308
      }
    },
    {
      "type": "Feature",
      "geometry": {
        "type": "Point",
        "coordinates": [
          139.41972,
          35.71856
        ]
      },
      "properties": {
        "name": "泉体育館",
        "company": "多摩都市モノレール",
        "line": "多摩都市モノレール線",
        "passengers": 6479
      }
    },
    {
      "type": "Feature",
      "geometry": {
        "type": "Point",
        "coordinates": [
          139.42267,
          35.62352
        ]
      },
      "properties": {
        "name": "多摩センター",
        "company": "多摩都市モノレール",
        "line": "多摩都市モノレール線",
        "passengers": 37449
      }
    },
    {
      "type": "Feature",
      "geometry": {
        "type": "Point",
        "coordinates": [
          139.41347,
          35.71025
        ]
      },
      "properties": {
        "name": "高松",
        "company": "多摩都市モノレール",
        "line": "多摩都市モノレール線",
        "passengers": 8236
      }
    },
    {
      "type": "Feature",
      "geometry": {
        "type": "Point",
        "coordinates": [
          139.41778,
          35.73189
        ]
      },
      "properties": {
        "name": "玉川上水",
        "company": "多摩都市モノレール",
        "line": "多摩都市モノレール線",
        "passengers": 24696
      }
    },
    {
      "type": "Feature",
      "geometry": {
        "type": "Point",
        "coordinates": [
          139.41586,
          35.74549
        ]
      },
      "properties": {
        "name": "上北台",
        "company": "多摩都市モノレール",
        "line": "多摩都市モノレール線",
        "passengers": 13031
      }
    },
    {
      "type": "Feature",
      "geometry": {
        "type": "Point",
        "coordinates": [
          139.40885,
          35.67843
        ]
      },
      "properties": {
        "name": "甲州街道",
        "company": "多摩都市モノレール",
        "line": "多摩都市モノレール線",
        "passengers": 9087
      }
    },
    {
      "type": "Feature",
      "geometry": {
        "type": "Point",
        "coordinates": [
          139.40908,
          35.64173
        ]
      },
      "properties": {
        "name": "中央大学・明星大学",
        "company": "多摩都市モノレール",
        "line": "多摩都市モノレール線",
        "passengers": 33675
      }
    },
    {
      "type": "Feature",
      "geometry": {
        "type": "Point",
        "coordinates": [
          139.41727,
          35.71449
        ]
      },
      "properties": {
        "name": "立飛",
        "company": "多摩都市モノレール",
        "line": "多摩都市モノレール線",
        "passengers": 12986
      }
    },
    {
      "type": "Feature",
      "geometry": {
        "type": "Point",
        "coordinates": [
          139.41274,
          35.69647
        ]
      },
      "properties": {
        "name": "立川南",
        "company": "多摩都市モノレール",
        "line": "多摩都市モノレール線",
        "passengers": 32366
      }
    },
    {
      "type": "Feature",
      "geometry": {
        "type": "Point",
        "coordinates": [
          139.41811,
          35.7231
        ]
      },
      "properties": {
        "name": "砂川七番",
        "company": "多摩都市モノレール",
        "line": "多摩都市モノレール線",
        "passengers": 4914
      }
    },
    {
      "type": "Feature",
      "geometry": {
        "type": "Point",
        "coordinates": [
          139.41962,
          35.67159
        ]
      },
      "properties": {
        "name": "万願寺",
        "company": "多摩都市モノレール",
        "line": "多摩都市モノレール線",
        "passengers": 8108
      }
    },
    {
      "type": "Feature",
      "geometry": {
        "type": "Point",
        "coordinates": [
          139.4094,
          35.69006
        ]
      },
      "properties": {
        "name": "柴崎体育館",
        "company": "多摩都市モノレール",
        "line": "多摩都市モノレール線",
        "passengers": 4361
      }
    },
    {
      "type": "Feature",
      "geometry": {
        "type": "Point",
        "coordinates": [
          139.41676,
          35.63666
        ]
      },
      "properties": {
        "name": "大塚・帝京大学",
        "company": "多摩都市モノレール",
        "line": "多摩都市モノレール線",
        "passengers": 7475
      }
    },
    {
      "type": "Feature",
      "geometry": {
        "type": "Point",
        "coordinates": [
          139.24127,
          35.42963
        ]
      },
      "properties": {
        "name": "大山寺",
        "company": "大山観光電鉄",
        "line": "大山鋼索線",
        "passengers": 532
      }
    },
    {
      "type": "Feature",
      "geometry": {
        "type": "Point",
        "coordinates": [
          139.24473,
          35.42782
        ]
      },
      "properties": {
        "name": "大山ケーブル",
        "company": "大山観光電鉄",
        "line": "大山鋼索線",
        "passengers": 551
      }
    },
    {
      "type": "Feature",
      "geometry": {
        "type": "Point",
        "coordinates": [
          139.2378,
          35.43167
        ]
      },
      "properties": {
        "name": "阿夫利神社",
        "company": "大山観光電鉄",
        "line": "大山鋼索線",
        "passengers": 568
      }
    },
    {
      "type": "Feature",
      "geometry": {
        "type": "Point",
        "coordinates": [
          139.2129,
          35.28106
        ]
      },
      "properties": {
        "name": "国府津",
        "company": "東海旅客鉄道",
        "line": "御殿場線",
        "passengers": 0
      }
    },
    {
      "type": "Feature",
      "geometry": {
        "type": "Point",
        "coordinates": [
          138.93498,
          35.30085
        ]
      },
      "properties": {
        "name": "御殿場",
        "company": "東海旅客鉄道",
        "line": "御殿場線",
        "passengers": 9896
      }
    },
    {
      "type": "Feature",
      "geometry": {
        "type": "Point",
        "coordinates": [
          139.079,
          35.36055
        ]
      },
      "properties": {
        "name": "山北",
        "company": "東海旅客鉄道",
        "line": "御殿場線",
        "passengers": 1115
      }
    },
    {
      "type": "Feature",
      "geometry": {
        "type": "Point",
        "coordinates": [
          138.92005,
          35.25599
        ]
      },
      "properties": {
        "name": "富士岡",
        "company": "東海旅客鉄道",
        "line": "御殿場線",
        "passengers": 2241
      }
    },
    {
      "type": "Feature",
      "geometry": {
        "type": "Point",
        "coordinates": [
          139.10733,
          35.35792
        ]
      },
      "properties": {
        "name": "東山北",
        "company": "東海旅客鉄道",
        "line": "御殿場線",
        "passengers": 1681
      }
    },
    {
      "type": "Feature",
      "geometry": {
        "type": "Point",
        "coordinates": [
          139.13852,
          35.34621
        ]
      },
      "properties": {
        "name": "松田",
        "company": "東海旅客鉄道",
        "line": "御殿場線",
        "passengers": 6470
      }
    },
    {
      "type": "Feature",
      "geometry": {
        "type": "Point",
        "coordinates": [
          139.16253,
          35.32282
        ]
      },
      "properties": {
        "name": "上大井",
        "company": "東海旅客鉄道",
        "line": "御殿場線",
        "passengers": 1049
      }
    },
    {
      "type": "Feature",
      "geometry": {
        "type": "Point",
        "coordinates": [
          139.14971,
          35.33454
        ]
      },
      "properties": {
        "name": "相模金子",
        "company": "東海旅客鉄道",
        "line": "御殿場線",
        "passengers": 1017
      }
    },
    {
      "type": "Feature",
      "geometry": {
        "type": "Point",
        "coordinates": [
          139.1824,
          35.3045
        ]
      },
      "properties": {
        "name": "下曽我",
        "company": "東海旅客鉄道",
        "line": "御殿場線",
        "passengers": 2627
      }
    },
    {
      "type": "Feature",
      "geometry": {
        "type": "Point",
        "coordinates": [
          138.99636,
          35.35958
        ]
      },
      "properties": {
        "name": "駿河小山",
        "company": "東海旅客鉄道",
        "line": "御殿場線",
        "passengers": 774
      }
    },
    {
      "type": "Feature",
      "geometry": {
        "type": "Point",
        "coordinates": [
          138.92609,
          35.27789
        ]
      },
      "properties": {
        "name": "南御殿場",
        "company": "東海旅客鉄道",
        "line": "御殿場線",
        "passengers": 654
      }
    },
    {
      "type": "Feature",
      "geometry": {
        "type": "Point",
        "coordinates": [
          138.91918,
          35.21395
        ]
      },
      "properties": {
        "name": "岩波",
        "company": "東海旅客鉄道",
        "line": "御殿場線",
        "passengers": 4189
      }
    },
    {
      "type": "Feature",
      "geometry": {
        "type": "Point",
        "coordinates": [
          138.90876,
          35.17036
        ]
      },
      "properties": {
        "name": "裾野",
        "company": "東海旅客鉄道",
        "line": "御殿場線",
        "passengers": 5015
      }
    },
    {
      "type": "Feature",
      "geometry": {
        "type": "Point",
        "coordinates": [
          139.03815,
          35.36694
        ]
      },
      "properties": {
        "name": "谷峨",
        "company": "東海旅客鉄道",
        "line": "御殿場線",
        "passengers": 218
      }
    },
    {
      "type": "Feature",
      "geometry": {
        "type": "Point",
        "coordinates": [
          138.98159,
          35.3332
        ]
      },
      "properties": {
        "name": "足柄",
        "company": "東海旅客鉄道",
        "line": "御殿場線",
        "passengers": 899
      }
    },
    {
      "type": "Feature",
      "geometry": {
        "type": "Point",
        "coordinates": [
          139.76807,
          35.68296
        ]
      },
      "properties": {
        "name": "東京",
        "company": "東海旅客鉄道",
        "line": "東海道新幹線",
        "passengers": 188476
      }
    },
    {
      "type": "Feature",
      "geometry": {
        "type": "Point",
        "coordinates": [
          139.7406,
          35.63128
        ]
      },
      "properties": {
        "name": "品川",
        "company": "東海旅客鉄道",
        "line": "東海道新幹線",
        "passengers": 79048
      }
    },
    {
      "type": "Feature",
      "geometry": {
        "type": "Point",
        "coordinates": [
          139.61585,
          35.50592
        ]
      },
      "properties": {
        "name": "新横浜",
        "company": "東海旅客鉄道",
        "line": "東海道新幹線",
        "passengers": 65617
      }
    },
    {
      "type": "Feature",
      "geometry": {
        "type": "Point",
        "coordinates": [
          138.90787,
          35.12618
        ]
      },
      "properties": {
        "name": "三島",
        "company": "東海旅客鉄道",
        "line": "東海道新幹線",
        "passengers": 0
      }
    },
    {
      "type": "Feature",
      "geometry": {
        "type": "Point",
        "coordinates": [
          139.15371,
          35.25501
        ]
      },
      "properties": {
        "name": "小田原",
        "company": "東海旅客鉄道",
        "line": "東海道新幹線",
        "passengers": 21634
      }
    },
    {
      "type": "Feature",
      "geometry": {
        "type": "Point",
        "coordinates": [
          139.07952,
          35.10548
        ]
      },
      "properties": {
        "name": "熱海",
        "company": "東海旅客鉄道",
        "line": "東海道新幹線・東海道線",
        "passengers": 9379
      }
    },
    {
      "type": "Feature",
      "geometry": {
        "type": "Point",
        "coordinates": [
          138.90887,
          35.12585
        ]
      },
      "properties": {
        "name": "三島",
        "company": "東海旅客鉄道",
        "line": "東海道線",
        "passengers": 61243
      }
    },
    {
      "type": "Feature",
      "geometry": {
        "type": "Point",
        "coordinates": [
          138.9699,
          35.10865
        ]
      },
      "properties": {
        "name": "函南",
        "company": "東海旅客鉄道",
        "line": "東海道線",
        "passengers": 3516
      }
    },
    {
      "type": "Feature",
      "geometry": {
        "type": "Point",
        "coordinates": [
          139.75065,
          35.62328
        ]
      },
      "properties": {
        "name": "天王洲アイル",
        "company": "東京モノレール",
        "line": "東京モノレール羽田線",
        "passengers": 34128
      }
    },
    {
      "type": "Feature",
      "geometry": {
        "type": "Point",
        "coordinates": [
          139.74716,
          35.59451
        ]
      },
      "properties": {
        "name": "大井競馬場前",
        "company": "東京モノレール",
        "line": "東京モノレール羽田線",
        "passengers": 11361
      }
    },
    {
      "type": "Feature",
      "geometry": {
        "type": "Point",
        "coordinates": [
          139.75661,
          35.65514
        ]
      },
      "properties": {
        "name": "モノレール浜松町",
        "company": "東京モノレール",
        "line": "東京モノレール羽田線",
        "passengers": 117370
      }
    },
    {
      "type": "Feature",
      "geometry": {
        "type": "Point",
        "coordinates": [
          139.78417,
          35.54977
        ]
      },
      "properties": {
        "name": "羽田空港第1ターミナル",
        "company": "東京モノレール",
        "line": "東京モノレール羽田線",
        "passengers": 27549
      }
    },
    {
      "type": "Feature",
      "geometry": {
        "type": "Point",
        "coordinates": [
          139.75491,
          35.54753
        ]
      },
      "properties": {
        "name": "天空橋",
        "company": "東京モノレール",
        "line": "東京モノレール羽田線",
        "passengers": 13075
      }
    },
    {
      "type": "Feature",
      "geometry": {
        "type": "Point",
        "coordinates": [
          139.75336,
          35.55466
        ]
      },
      "properties": {
        "name": "整備場",
        "company": "東京モノレール",
        "line": "東京モノレール羽田線",
        "passengers": 2336
      }
    },
    {
      "type": "Feature",
      "geometry": {
        "type": "Point",
        "coordinates": [
          139.78778,
          35.55143
        ]
      },
      "properties": {
        "name": "羽田空港第2ターミナル",
        "company": "東京モノレール",
        "line": "東京モノレール羽田線",
        "passengers": 29417
      }
    },
    {
      "type": "Feature",
      "geometry": {
        "type": "Point",
        "coordinates": [
          139.74937,
          35.58101
        ]
      },
      "properties": {
        "name": "流通センター",
        "company": "東京モノレール",
        "line": "東京モノレール羽田線",
        "passengers": 20525
      }
    },
    {
      "type": "Feature",
      "geometry": {
        "type": "Point",
        "coordinates": [
          139.74976,
          35.57002
        ]
      },
      "properties": {
        "name": "昭和島",
        "company": "東京モノレール",
        "line": "東京モノレール羽田線",
        "passengers": 6569
      }
    },
    {
      "type": "Feature",
      "geometry": {
        "type": "Point",
        "coordinates": [
          139.78714,
          35.54348
        ]
      },
      "properties": {
        "name": "新整備場",
        "company": "東京モノレール",
        "line": "東京モノレール羽田線",
        "passengers": 5248
      }
    },
    {
      "type": "Feature",
      "geometry": {
        "type": "Point",
        "coordinates": [
          139.48677,
          35.55761
        ]
      },
      "properties": {
        "name": "こどもの国",
        "company": "東急電鉄",
        "line": "こどもの国線",
        "passengers": 11458
      }
    },
    {
      "type": "Feature",
      "geometry": {
        "type": "Point",
        "coordinates": [
          139.49176,
          35.54596
        ]
      },
      "properties": {
        "name": "恩田",
        "company": "東急電鉄",
        "line": "こどもの国線",
        "passengers": 827
      }
    },
    {
      "type": "Feature",
      "geometry": {
        "type": "Point",
        "coordinates": [
          139.49536,
          35.53185
        ]
      },
      "properties": {
        "name": "長津田",
        "company": "東急電鉄",
        "line": "こどもの国線",
        "passengers": 12604
      }
    },
    {
      "type": "Feature",
      "geometry": {
        "type": "Point",
        "coordinates": [
          139.64116,
          35.66591
        ]
      },
      "properties": {
        "name": "下高井戸",
        "company": "東急電鉄",
        "line": "世田谷線",
        "passengers": 19898
      }
    },
    {
      "type": "Feature",
      "geometry": {
        "type": "Point",
        "coordinates": [
          139.6603,
          35.646
        ]
      },
      "properties": {
        "name": "若林",
        "company": "東急電鉄",
        "line": "世田谷線",
        "passengers": 9135
      }
    },
    {
      "type": "Feature",
      "geometry": {
        "type": "Point",
        "coordinates": [
          139.64481,
          35.64719
        ]
      },
      "properties": {
        "name": "宮の坂",
        "company": "東急電鉄",
        "line": "世田谷線",
        "passengers": 4807
      }
    },
    {
      "type": "Feature",
      "geometry": {
        "type": "Point",
        "coordinates": [
          139.64647,
          35.65385
        ]
      },
      "properties": {
        "name": "山下",
        "company": "東急電鉄",
        "line": "世田谷線",
        "passengers": 9349
      }
    },
    {
      "type": "Feature",
      "geometry": {
        "type": "Point",
        "coordinates": [
          139.65126,
          35.64353
        ]
      },
      "properties": {
        "name": "世田谷",
        "company": "東急電鉄",
        "line": "世田谷線",
        "passengers": 9119
      }
    },
    {
      "type": "Feature",
      "geometry": {
        "type": "Point",
        "coordinates": [
          139.6419,
          35.65984
        ]
      },
      "properties": {
        "name": "松原",
        "company": "東急電鉄",
        "line": "世田谷線",
        "passengers": 3740
      }
    },
    {
      "type": "Feature",
      "geometry": {
        "type": "Point",
        "coordinates": [
          139.65535,
          35.64395
        ]
      },
      "properties": {
        "name": "松陰神社前",
        "company": "東急電鉄",
        "line": "世田谷線",
        "passengers": 11448
      }
    },
    {
      "type": "Feature",
      "geometry": {
        "type": "Point",
        "coordinates": [
          139.66961,
          35.64413
        ]
      },
      "properties": {
        "name": "三軒茶屋",
        "company": "東急電鉄",
        "line": "世田谷線",
        "passengers": 37041
      }
    },
    {
      "type": "Feature",
      "geometry": {
        "type": "Point",
        "coordinates": [
          139.64667,
          35.64338
        ]
      },
      "properties": {
        "name": "上町",
        "company": "東急電鉄",
        "line": "世田谷線",
        "passengers": 10587
      }
    },
    {
      "type": "Feature",
      "geometry": {
        "type": "Point",
        "coordinates": [
          139.66672,
          35.64438
        ]
      },
      "properties": {
        "name": "西太子堂",
        "company": "東急電鉄",
        "line": "世田谷線",
        "passengers": 882
      }
    },
    {
      "type": "Feature",
      "geometry": {
        "type": "Point",
        "coordinates": [
          139.73506,
          35.60759
        ]
      },
      "properties": {
        "name": "大井町",
        "company": "東急電鉄",
        "line": "大井町線",
        "passengers": 143527
      }
    },
    {
      "type": "Feature",
      "geometry": {
        "type": "Point",
        "coordinates": [
          139.71798,
          35.60885
        ]
      },
      "properties": {
        "name": "戸越公園",
        "company": "東急電鉄",
        "line": "大井町線",
        "passengers": 13681
      }
    },
    {
      "type": "Feature",
      "geometry": {
        "type": "Point",
        "coordinates": [
          139.72594,
          35.60884
        ]
      },
      "properties": {
        "name": "下神明",
        "company": "東急電鉄",
        "line": "大井町線",
        "passengers": 8702
      }
    },
    {
      "type": "Feature",
      "geometry": {
        "type": "Point",
        "coordinates": [
          139.6255,
          35.61036
        ]
      },
      "properties": {
        "name": "二子玉川",
        "company": "東急電鉄",
        "line": "大井町線・田園都市線",
        "passengers": 163140
      }
    },
    {
      "type": "Feature",
      "geometry": {
        "type": "Point",
        "coordinates": [
          139.69366,
          35.60615
        ]
      },
      "properties": {
        "name": "北千束",
        "company": "東急電鉄",
        "line": "大井町線",
        "passengers": 7268
      }
    },
    {
      "type": "Feature",
      "geometry": {
        "type": "Point",
        "coordinates": [
          139.63945,
          35.61171
        ]
      },
      "properties": {
        "name": "上野毛",
        "company": "東急電鉄",
        "line": "大井町線",
        "passengers": 22572
      }
    },
    {
      "type": "Feature",
      "geometry": {
        "type": "Point",
        "coordinates": [
          139.70266,
          35.60485
        ]
      },
      "properties": {
        "name": "旗の台",
        "company": "東急電鉄",
        "line": "大井町線・池上線",
        "passengers": 40276
      }
    },
    {
      "type": "Feature",
      "geometry": {
        "type": "Point",
        "coordinates": [
          139.64849,
          35.60823
        ]
      },
      "properties": {
        "name": "等々力",
        "company": "東急電鉄",
        "line": "大井町線",
        "passengers": 29530
      }
    },
    {
      "type": "Feature",
      "geometry": {
        "type": "Point",
        "coordinates": [
          139.67955,
          35.60637
        ]
      },
      "properties": {
        "name": "緑が丘",
        "company": "東急電鉄",
        "line": "大井町線",
        "passengers": 10365
      }
    },
    {
      "type": "Feature",
      "geometry": {
        "type": "Point",
        "coordinates": [
          139.66144,
          35.60531
        ]
      },
      "properties": {
        "name": "九品仏",
        "company": "東急電鉄",
        "line": "大井町線",
        "passengers": 13337
      }
    },
    {
      "type": "Feature",
      "geometry": {
        "type": "Point",
        "coordinates": [
          139.68547,
          35.60724
        ]
      },
      "properties": {
        "name": "大岡山",
        "company": "東急電鉄",
        "line": "大井町線",
        "passengers": 0
      }
    },
    {
      "type": "Feature",
      "geometry": {
        "type": "Point",
        "coordinates": [
          139.66974,
          35.60767
        ]
      },
      "properties": {
        "name": "自由が丘",
        "company": "東急電鉄",
        "line": "大井町線",
        "passengers": 0
      }
    },
    {
      "type": "Feature",
      "geometry": {
        "type": "Point",
        "coordinates": [
          139.7122,
          35.60548
        ]
      },
      "properties": {
        "name": "中延",
        "company": "東急電鉄",
        "line": "大井町線",
        "passengers": 24503
      }
    },
    {
      "type": "Feature",
      "geometry": {
        "type": "Point",
        "coordinates": [
          139.65482,
          35.60678
        ]
      },
      "properties": {
        "name": "尾山台",
        "company": "東急電鉄",
        "line": "大井町線",
        "passengers": 30594
      }
    },
    {
      "type": "Feature",
      "geometry": {
        "type": "Point",
        "coordinates": [
          139.70713,
          35.60382
        ]
      },
      "properties": {
        "name": "荏原町",
        "company": "東急電鉄",
        "line": "大井町線",
        "passengers": 17976
      }
    },
    {
      "type": "Feature",
      "geometry": {
        "type": "Point",
        "coordinates": [
          139.72206,
          35.62202
        ]
      },
      "properties": {
        "name": "大崎広小路",
        "company": "東急電鉄",
        "line": "池上線",
        "passengers": 8633
      }
    },
    {
      "type": "Feature",
      "geometry": {
        "type": "Point",
        "coordinates": [
          139.72385,
          35.62457
        ]
      },
      "properties": {
        "name": "五反田",
        "company": "東急電鉄",
        "line": "池上線",
        "passengers": 114900
      }
    },
    {
      "type": "Feature",
      "geometry": {
        "type": "Point",
        "coordinates": [
          139.71485,
          35.61569
        ]
      },
      "properties": {
        "name": "戸越銀座",
        "company": "東急電鉄",
        "line": "池上線",
        "passengers": 20468
      }
    },
    {
      "type": "Feature",
      "geometry": {
        "type": "Point",
        "coordinates": [
          139.71191,
          35.60979
        ]
      },
      "properties": {
        "name": "荏原中延",
        "company": "東急電鉄",
        "line": "池上線",
        "passengers": 13910
      }
    },
    {
      "type": "Feature",
      "geometry": {
        "type": "Point",
        "coordinates": [
          139.6809,
          35.59162
        ]
      },
      "properties": {
        "name": "雪が谷大塚",
        "company": "東急電鉄",
        "line": "池上線",
        "passengers": 25644
      }
    },
    {
      "type": "Feature",
      "geometry": {
        "type": "Point",
        "coordinates": [
          139.68475,
          35.59664
        ]
      },
      "properties": {
        "name": "石川台",
        "company": "東急電鉄",
        "line": "池上線",
        "passengers": 15474
      }
    },
    {
      "type": "Feature",
      "geometry": {
        "type": "Point",
        "coordinates": [
          139.68255,
          35.58491
        ]
      },
      "properties": {
        "name": "御嶽山",
        "company": "東急電鉄",
        "line": "池上線",
        "passengers": 27248
      }
    },
    {
      "type": "Feature",
      "geometry": {
        "type": "Point",
        "coordinates": [
          139.69763,
          35.60205
        ]
      },
      "properties": {
        "name": "長原",
        "company": "東急電鉄",
        "line": "池上線",
        "passengers": 16083
      }
    },
    {
      "type": "Feature",
      "geometry": {
        "type": "Point",
        "coordinates": [
          139.69051,
          35.59955
        ]
      },
      "properties": {
        "name": "洗足池",
        "company": "東急電鉄",
        "line": "池上線",
        "passengers": 19124
      }
    },
    {
      "type": "Feature",
      "geometry": {
        "type": "Point",
        "coordinates": [
          139.70876,
          35.56366
        ]
      },
      "properties": {
        "name": "蓮沼",
        "company": "東急電鉄",
        "line": "池上線",
        "passengers": 8577
      }
    },
    {
      "type": "Feature",
      "geometry": {
        "type": "Point",
        "coordinates": [
          139.68589,
          35.57915
        ]
      },
      "properties": {
        "name": "久が原",
        "company": "東急電鉄",
        "line": "池上線",
        "passengers": 16512
      }
    },
    {
      "type": "Feature",
      "geometry": {
        "type": "Point",
        "coordinates": [
          139.70326,
          35.57191
        ]
      },
      "properties": {
        "name": "池上",
        "company": "東急電鉄",
        "line": "池上線",
        "passengers": 36564
      }
    },
    {
      "type": "Feature",
      "geometry": {
        "type": "Point",
        "coordinates": [
          139.71501,
          35.56179
        ]
      },
      "properties": {
        "name": "蒲田",
        "company": "東急電鉄",
        "line": "池上線",
        "passengers": 168836
      }
    },
    {
      "type": "Feature",
      "geometry": {
        "type": "Point",
        "coordinates": [
          139.6917,
          35.57275
        ]
      },
      "properties": {
        "name": "千鳥町",
        "company": "東急電鉄",
        "line": "池上線",
        "passengers": 16646
      }
    },
    {
      "type": "Feature",
      "geometry": {
        "type": "Point",
        "coordinates": [
          139.7021,
          35.65945
        ]
      },
      "properties": {
        "name": "渋谷",
        "company": "東急電鉄",
        "line": "田園都市線",
        "passengers": 641781
      }
    },
    {
      "type": "Feature",
      "geometry": {
        "type": "Point",
        "coordinates": [
          139.6704,
          35.64267
        ]
      },
      "properties": {
        "name": "三軒茶屋",
        "company": "東急電鉄",
        "line": "田園都市線",
        "passengers": 142028
      }
    },
    {
      "type": "Feature",
      "geometry": {
        "type": "Point",
        "coordinates": [
          139.62212,
          35.60671
        ]
      },
      "properties": {
        "name": "二子新地",
        "company": "東急電鉄",
        "line": "田園都市線",
        "passengers": 21734
      }
    },
    {
      "type": "Feature",
      "geometry": {
        "type": "Point",
        "coordinates": [
          139.66177,
          35.63351
        ]
      },
      "properties": {
        "name": "駒沢大学",
        "company": "東急電鉄",
        "line": "田園都市線",
        "passengers": 80468
      }
    },
    {
      "type": "Feature",
      "geometry": {
        "type": "Point",
        "coordinates": [
          139.60513,
          35.59322
        ]
      },
      "properties": {
        "name": "梶が谷",
        "company": "東急電鉄",
        "line": "田園都市線",
        "passengers": 39850
      }
    },
    {
      "type": "Feature",
      "geometry": {
        "type": "Point",
        "coordinates": [
          139.61681,
          35.60303
        ]
      },
      "properties": {
        "name": "高津",
        "company": "東急電鉄",
        "line": "田園都市線",
        "passengers": 32388
      }
    },
    {
      "type": "Feature",
      "geometry": {
        "type": "Point",
        "coordinates": [
          139.63507,
          35.62721
        ]
      },
      "properties": {
        "name": "用賀",
        "company": "東急電鉄",
        "line": "田園都市線",
        "passengers": 67550
      }
    },
    {
      "type": "Feature",
      "geometry": {
        "type": "Point",
        "coordinates": [
          139.58993,
          35.58668
        ]
      },
      "properties": {
        "name": "宮崎台",
        "company": "東急電鉄",
        "line": "田園都市線",
        "passengers": 50176
      }
    },
    {
      "type": "Feature",
      "geometry": {
        "type": "Point",
        "coordinates": [
          139.68555,
          35.65116
        ]
      },
      "properties": {
        "name": "池尻大橋",
        "company": "東急電鉄",
        "line": "田園都市線",
        "passengers": 63364
      }
    },
    {
      "type": "Feature",
      "geometry": {
        "type": "Point",
        "coordinates": [
          139.58347,
          35.5851
        ]
      },
      "properties": {
        "name": "宮前平",
        "company": "東急電鉄",
        "line": "田園都市線",
        "passengers": 51907
      }
    },
    {
      "type": "Feature",
      "geometry": {
        "type": "Point",
        "coordinates": [
          139.64658,
          35.63176
        ]
      },
      "properties": {
        "name": "桜新町",
        "company": "東急電鉄",
        "line": "田園都市線",
        "passengers": 73288
      }
    },
    {
      "type": "Feature",
      "geometry": {
        "type": "Point",
        "coordinates": [
          139.60978,
          35.59929
        ]
      },
      "properties": {
        "name": "溝の口",
        "company": "東急電鉄",
        "line": "田園都市線",
        "passengers": 213508
      }
    },
    {
      "type": "Feature",
      "geometry": {
        "type": "Point",
        "coordinates": [
          139.51795,
          35.54289
        ]
      },
      "properties": {
        "name": "青葉台",
        "company": "東急電鉄",
        "line": "田園都市線",
        "passengers": 110999
      }
    },
    {
      "type": "Feature",
      "geometry": {
        "type": "Point",
        "coordinates": [
          139.45788,
          35.51036
        ]
      },
      "properties": {
        "name": "つきみ野",
        "company": "東急電鉄",
        "line": "田園都市線",
        "passengers": 10537
      }
    },
    {
      "type": "Feature",
      "geometry": {
        "type": "Point",
        "coordinates": [
          139.5417,
          35.55172
        ]
      },
      "properties": {
        "name": "市が尾",
        "company": "東急電鉄",
        "line": "田園都市線",
        "passengers": 43403
      }
    },
    {
      "type": "Feature",
      "geometry": {
        "type": "Point",
        "coordinates": [
          139.44429,
          35.50774
        ]
      },
      "properties": {
        "name": "中央林間",
        "company": "東急電鉄",
        "line": "田園都市線",
        "passengers": 107086
      }
    },
    {
      "type": "Feature",
      "geometry": {
        "type": "Point",
        "coordinates": [
          139.49313,
          35.53181
        ]
      },
      "properties": {
        "name": "長津田",
        "company": "東急電鉄",
        "line": "田園都市線",
        "passengers": 140869
      }
    },
    {
      "type": "Feature",
      "geometry": {
        "type": "Point",
        "coordinates": [
          139.55955,
          35.57763
        ]
      },
      "properties": {
        "name": "たまプラーザ",
        "company": "東急電鉄",
        "line": "田園都市線",
        "passengers": 83136
      }
    },
    {
      "type": "Feature",
      "geometry": {
        "type": "Point",
        "coordinates": [
          139.55362,
          35.56914
        ]
      },
      "properties": {
        "name": "あざみ野",
        "company": "東急電鉄",
        "line": "田園都市線",
        "passengers": 136108
      }
    },
    {
      "type": "Feature",
      "geometry": {
        "type": "Point",
        "coordinates": [
          139.4813,
          35.51649
        ]
      },
      "properties": {
        "name": "すずかけ台",
        "company": "東急電鉄",
        "line": "田園都市線",
        "passengers": 11623
      }
    },
    {
      "type": "Feature",
      "geometry": {
        "type": "Point",
        "coordinates": [
          139.50506,
          35.53633
        ]
      },
      "properties": {
        "name": "田奈",
        "company": "東急電鉄",
        "line": "田園都市線",
        "passengers": 11038
      }
    },
    {
      "type": "Feature",
      "geometry": {
        "type": "Point",
        "coordinates": [
          139.52805,
          35.54347
        ]
      },
      "properties": {
        "name": "藤が丘",
        "company": "東急電鉄",
        "line": "田園都市線",
        "passengers": 26769
      }
    },
    {
      "type": "Feature",
      "geometry": {
        "type": "Point",
        "coordinates": [
          139.57255,
          35.57921
        ]
      },
      "properties": {
        "name": "鷺沼",
        "company": "東急電鉄",
        "line": "田園都市線",
        "passengers": 63155
      }
    },
    {
      "type": "Feature",
      "geometry": {
        "type": "Point",
        "coordinates": [
          139.55163,
          35.55889
        ]
      },
      "properties": {
        "name": "江田",
        "company": "東急電鉄",
        "line": "田園都市線",
        "passengers": 37417
      }
    },
    {
      "type": "Feature",
      "geometry": {
        "type": "Point",
        "coordinates": [
          139.48472,
          35.52621
        ]
      },
      "properties": {
        "name": "つくし野",
        "company": "東急電鉄",
        "line": "田園都市線",
        "passengers": 11544
      }
    },
    {
      "type": "Feature",
      "geometry": {
        "type": "Point",
        "coordinates": [
          139.46939,
          35.51144
        ]
      },
      "properties": {
        "name": "南町田グランベリーパーク",
        "company": "東急電鉄",
        "line": "田園都市線",
        "passengers": 40084
      }
    },
    {
      "type": "Feature",
      "geometry": {
        "type": "Point",
        "coordinates": [
          139.6685,
          35.59037
        ]
      },
      "properties": {
        "name": "多摩川",
        "company": "東急電鉄",
        "line": "東横線・東急多摩川線",
        "passengers": 17935
      }
    },
    {
      "type": "Feature",
      "geometry": {
        "type": "Point",
        "coordinates": [
          139.70316,
          35.64805
        ]
      },
      "properties": {
        "name": "代官山",
        "company": "東急電鉄",
        "line": "東横線",
        "passengers": 31241
      }
    },
    {
      "type": "Feature",
      "geometry": {
        "type": "Point",
        "coordinates": [
          139.69815,
          35.64352
        ]
      },
      "properties": {
        "name": "中目黒",
        "company": "東急電鉄",
        "line": "東横線",
        "passengers": 196777
      }
    },
    {
      "type": "Feature",
      "geometry": {
        "type": "Point",
        "coordinates": [
          139.69035,
          35.63668
        ]
      },
      "properties": {
        "name": "祐天寺",
        "company": "東急電鉄",
        "line": "東横線",
        "passengers": 32013
      }
    },
    {
      "type": "Feature",
      "geometry": {
        "type": "Point",
        "coordinates": [
          139.66838,
          35.60665
        ]
      },
      "properties": {
        "name": "自由が丘",
        "company": "東急電鉄",
        "line": "東横線",
        "passengers": 156160
      }
    },
    {
      "type": "Feature",
      "geometry": {
        "type": "Point",
        "coordinates": [
          139.68487,
          35.62816
        ]
      },
      "properties": {
        "name": "学芸大学",
        "company": "東急電鉄",
        "line": "東横線",
        "passengers": 77850
      }
    },
    {
      "type": "Feature",
      "geometry": {
        "type": "Point",
        "coordinates": [
          139.66888,
          35.58892
        ]
      },
      "properties": {
        "name": "多摩川",
        "company": "東急電鉄",
        "line": "東横線",
        "passengers": 0
      }
    },
    {
      "type": "Feature",
      "geometry": {
        "type": "Point",
        "coordinates": [
          139.67596,
          35.61734
        ]
      },
      "properties": {
        "name": "都立大学",
        "company": "東急電鉄",
        "line": "東横線",
        "passengers": 49045
      }
    },
    {
      "type": "Feature",
      "geometry": {
        "type": "Point",
        "coordinates": [
          139.702926,
          35.658263
        ]
      },
      "properties": {
        "name": "渋谷",
        "company": "東急電鉄",
        "line": "東横線",
        "passengers": 1381618
      }
    },
    {
      "type": "Feature",
      "geometry": {
        "type": "Point",
        "coordinates": [
          139.66726,
          35.59795
        ]
      },
      "properties": {
        "name": "田園調布",
        "company": "東急電鉄",
        "line": "東横線・目黒線",
        "passengers": 35914
      }
    },
    {
      "type": "Feature",
      "geometry": {
        "type": "Point",
        "coordinates": [
          139.6254,
          35.47491
        ]
      },
      "properties": {
        "name": "反町",
        "company": "東急電鉄",
        "line": "東横線",
        "passengers": 13562
      }
    },
    {
      "type": "Feature",
      "geometry": {
        "type": "Point",
        "coordinates": [
          139.6351,
          35.53717
        ]
      },
      "properties": {
        "name": "綱島",
        "company": "東急電鉄",
        "line": "東横線",
        "passengers": 103630
      }
    },
    {
      "type": "Feature",
      "geometry": {
        "type": "Point",
        "coordinates": [
          139.655,
          35.5663
        ]
      },
      "properties": {
        "name": "元住吉",
        "company": "東急電鉄",
        "line": "東横線",
        "passengers": 67853
      }
    },
    {
      "type": "Feature",
      "geometry": {
        "type": "Point",
        "coordinates": [
          139.62983,
          35.52295
        ]
      },
      "properties": {
        "name": "大倉山",
        "company": "東急電鉄",
        "line": "東横線",
        "passengers": 55464
      }
    },
    {
      "type": "Feature",
      "geometry": {
        "type": "Point",
        "coordinates": [
          139.66006,
          35.57663
        ]
      },
      "properties": {
        "name": "武蔵小杉",
        "company": "東急電鉄",
        "line": "東横線",
        "passengers": 223256
      }
    },
    {
      "type": "Feature",
      "geometry": {
        "type": "Point",
        "coordinates": [
          139.62275,
          35.46687
        ]
      },
      "properties": {
        "name": "横浜",
        "company": "東急電鉄",
        "line": "東横線",
        "passengers": 364270
      }
    },
    {
      "type": "Feature",
      "geometry": {
        "type": "Point",
        "coordinates": [
          139.64737,
          35.55516
        ]
      },
      "properties": {
        "name": "日吉",
        "company": "東急電鉄",
        "line": "東横線",
        "passengers": 206301
      }
    },
    {
      "type": "Feature",
      "geometry": {
        "type": "Point",
        "coordinates": [
          139.63118,
          35.51127
        ]
      },
      "properties": {
        "name": "菊名",
        "company": "東急電鉄",
        "line": "東横線",
        "passengers": 136992
      }
    },
    {
      "type": "Feature",
      "geometry": {
        "type": "Point",
        "coordinates": [
          139.6622,
          35.581
        ]
      },
      "properties": {
        "name": "新丸子",
        "company": "東急電鉄",
        "line": "東横線",
        "passengers": 27539
      }
    },
    {
      "type": "Feature",
      "geometry": {
        "type": "Point",
        "coordinates": [
          139.62963,
          35.4831
        ]
      },
      "properties": {
        "name": "東白楽",
        "company": "東急電鉄",
        "line": "東横線",
        "passengers": 15031
      }
    },
    {
      "type": "Feature",
      "geometry": {
        "type": "Point",
        "coordinates": [
          139.62779,
          35.48912
        ]
      },
      "properties": {
        "name": "白楽",
        "company": "東急電鉄",
        "line": "東横線",
        "passengers": 44323
      }
    },
    {
      "type": "Feature",
      "geometry": {
        "type": "Point",
        "coordinates": [
          139.63327,
          35.49842
        ]
      },
      "properties": {
        "name": "妙蓮寺",
        "company": "東急電鉄",
        "line": "東横線",
        "passengers": 26102
      }
    },
    {
      "type": "Feature",
      "geometry": {
        "type": "Point",
        "coordinates": [
          139.6729,
          35.58275
        ]
      },
      "properties": {
        "name": "沼部",
        "company": "東急電鉄",
        "line": "東急多摩川線",
        "passengers": 10877
      }
    },
    {
      "type": "Feature",
      "geometry": {
        "type": "Point",
        "coordinates": [
          139.69212,
          35.56797
        ]
      },
      "properties": {
        "name": "武蔵新田",
        "company": "東急電鉄",
        "line": "東急多摩川線",
        "passengers": 27182
      }
    },
    {
      "type": "Feature",
      "geometry": {
        "type": "Point",
        "coordinates": [
          139.69994,
          35.5626
        ]
      },
      "properties": {
        "name": "矢口渡",
        "company": "東急電鉄",
        "line": "東急多摩川線",
        "passengers": 25588
      }
    },
    {
      "type": "Feature",
      "geometry": {
        "type": "Point",
        "coordinates": [
          139.68031,
          35.57563
        ]
      },
      "properties": {
        "name": "鵜の木",
        "company": "東急電鉄",
        "line": "東急多摩川線",
        "passengers": 19820
      }
    },
    {
      "type": "Feature",
      "geometry": {
        "type": "Point",
        "coordinates": [
          139.71419,
          35.56162
        ]
      },
      "properties": {
        "name": "蒲田",
        "company": "東急電鉄",
        "line": "東急多摩川線",
        "passengers": 0
      }
    },
    {
      "type": "Feature",
      "geometry": {
        "type": "Point",
        "coordinates": [
          139.68514,
          35.57149
        ]
      },
      "properties": {
        "name": "下丸子",
        "company": "東急電鉄",
        "line": "東急多摩川線",
        "passengers": 36829
      }
    },
    {
      "type": "Feature",
      "geometry": {
        "type": "Point",
        "coordinates": [
          139.71542,
          35.6332
        ]
      },
      "properties": {
        "name": "目黒",
        "company": "東急電鉄",
        "line": "目黒線",
        "passengers": 286145
      }
    },
    {
      "type": "Feature",
      "geometry": {
        "type": "Point",
        "coordinates": [
          139.71279,
          35.62522
        ]
      },
      "properties": {
        "name": "不動前",
        "company": "東急電鉄",
        "line": "目黒線",
        "passengers": 31573
      }
    },
    {
      "type": "Feature",
      "geometry": {
        "type": "Point",
        "coordinates": [
          139.69377,
          35.60975
        ]
      },
      "properties": {
        "name": "洗足",
        "company": "東急電鉄",
        "line": "目黒線",
        "passengers": 14898
      }
    },
    {
      "type": "Feature",
      "geometry": {
        "type": "Point",
        "coordinates": [
          139.67197,
          35.60383
        ]
      },
      "properties": {
        "name": "奥沢",
        "company": "東急電鉄",
        "line": "目黒線",
        "passengers": 14010
      }
    },
    {
      "type": "Feature",
      "geometry": {
        "type": "Point",
        "coordinates": [
          139.69845,
          35.61513
        ]
      },
      "properties": {
        "name": "西小山",
        "company": "東急電鉄",
        "line": "目黒線",
        "passengers": 37342
      }
    },
    {
      "type": "Feature",
      "geometry": {
        "type": "Point",
        "coordinates": [
          139.70392,
          35.6202
        ]
      },
      "properties": {
        "name": "武蔵小山",
        "company": "東急電鉄",
        "line": "目黒線",
        "passengers": 53193
      }
    },
    {
      "type": "Feature",
      "geometry": {
        "type": "Point",
        "coordinates": [
          139.68404,
          35.60699
        ]
      },
      "properties": {
        "name": "大岡山",
        "company": "東急電鉄",
        "line": "目黒線",
        "passengers": 51126
      }
    },
    {
      "type": "Feature",
      "geometry": {
        "type": "Point",
        "coordinates": [
          139.77626,
          35.7074
        ]
      },
      "properties": {
        "name": "仲御徒町",
        "company": "東京地下鉄",
        "line": "2号線日比谷線",
        "passengers": 43271
      }
    },
    {
      "type": "Feature",
      "geometry": {
        "type": "Point",
        "coordinates": [
          139.78504,
          35.72131
        ]
      },
      "properties": {
        "name": "入谷",
        "company": "東京地下鉄",
        "line": "2号線日比谷線",
        "passengers": 36129
      }
    },
    {
      "type": "Feature",
      "geometry": {
        "type": "Point",
        "coordinates": [
          139.79924,
          35.73288
        ]
      },
      "properties": {
        "name": "南千住",
        "company": "東京地下鉄",
        "line": "2号線日比谷線",
        "passengers": 31245
      }
    },
    {
      "type": "Feature",
      "geometry": {
        "type": "Point",
        "coordinates": [
          139.77764,
          35.71199
        ]
      },
      "properties": {
        "name": "上野",
        "company": "東京地下鉄",
        "line": "2号線日比谷線",
        "passengers": 210272
      }
    },
    {
      "type": "Feature",
      "geometry": {
        "type": "Point",
        "coordinates": [
          139.79182,
          35.7299
        ]
      },
      "properties": {
        "name": "三ノ輪",
        "company": "東京地下鉄",
        "line": "2号線日比谷線",
        "passengers": 43601
      }
    },
    {
      "type": "Feature",
      "geometry": {
        "type": "Point",
        "coordinates": [
          139.7755,
          35.69719
        ]
      },
      "properties": {
        "name": "秋葉原",
        "company": "東京地下鉄",
        "line": "2号線日比谷線",
        "passengers": 124428
      }
    },
    {
      "type": "Feature",
      "geometry": {
        "type": "Point",
        "coordinates": [
          139.80518,
          35.74855
        ]
      },
      "properties": {
        "name": "北千住",
        "company": "東京地下鉄",
        "line": "2号線日比谷線",
        "passengers": 0
      }
    },
    {
      "type": "Feature",
      "geometry": {
        "type": "Point",
        "coordinates": [
          139.74419,
          35.66206
        ]
      },
      "properties": {
        "name": "神谷町",
        "company": "東京地下鉄",
        "line": "2号線日比谷線",
        "passengers": 106952
      }
    },
    {
      "type": "Feature",
      "geometry": {
        "type": "Point",
        "coordinates": [
          139.76464,
          35.67155
        ]
      },
      "properties": {
        "name": "銀座",
        "company": "東京地下鉄",
        "line": "2号線日比谷線",
        "passengers": 257440
      }
    },
    {
      "type": "Feature",
      "geometry": {
        "type": "Point",
        "coordinates": [
          139.72226,
          35.6506
        ]
      },
      "properties": {
        "name": "広尾",
        "company": "東京地下鉄",
        "line": "2号線日比谷線",
        "passengers": 62588
      }
    },
    {
      "type": "Feature",
      "geometry": {
        "type": "Point",
        "coordinates": [
          139.76691,
          35.66977
        ]
      },
      "properties": {
        "name": "東銀座",
        "company": "東京地下鉄",
        "line": "2号線日比谷線",
        "passengers": 91855
      }
    },
    {
      "type": "Feature",
      "geometry": {
        "type": "Point",
        "coordinates": [
          139.75144,
          35.67452
        ]
      },
      "properties": {
        "name": "霞ヶ関",
        "company": "東京地下鉄",
        "line": "2号線日比谷線",
        "passengers": 151977
      }
    },
    {
      "type": "Feature",
      "geometry": {
        "type": "Point",
        "coordinates": [
          139.78179,
          35.6869
        ]
      },
      "properties": {
        "name": "人形町",
        "company": "東京地下鉄",
        "line": "2号線日比谷線",
        "passengers": 80099
      }
    },
    {
      "type": "Feature",
      "geometry": {
        "type": "Point",
        "coordinates": [
          139.78005,
          35.67976
        ]
      },
      "properties": {
        "name": "茅場町",
        "company": "東京地下鉄",
        "line": "2号線日比谷線",
        "passengers": 0
      }
    },
    {
      "type": "Feature",
      "geometry": {
        "type": "Point",
        "coordinates": [
          139.73025,
          35.66235
        ]
      },
      "properties": {
        "name": "六本木",
        "company": "東京地下鉄",
        "line": "2号線日比谷線",
        "passengers": 133164
      }
    },
    {
      "type": "Feature",
      "geometry": {
        "type": "Point",
        "coordinates": [
          139.77817,
          35.69112
        ]
      },
      "properties": {
        "name": "小伝馬町",
        "company": "東京地下鉄",
        "line": "2号線日比谷線",
        "passengers": 41132
      }
    },
    {
      "type": "Feature",
      "geometry": {
        "type": "Point",
        "coordinates": [
          139.77775,
          35.67606
        ]
      },
      "properties": {
        "name": "八丁堀",
        "company": "東京地下鉄",
        "line": "2号線日比谷線",
        "passengers": 117546
      }
    },
    {
      "type": "Feature",
      "geometry": {
        "type": "Point",
        "coordinates": [
          139.77326,
          35.66854
        ]
      },
      "properties": {
        "name": "築地",
        "company": "東京地下鉄",
        "line": "2号線日比谷線",
        "passengers": 71205
      }
    },
    {
      "type": "Feature",
      "geometry": {
        "type": "Point",
        "coordinates": [
          139.75989,
          35.67476
        ]
      },
      "properties": {
        "name": "日比谷",
        "company": "東京地下鉄",
        "line": "2号線日比谷線・9号線千代田線",
        "passengers": 116808
      }
    },
    {
      "type": "Feature",
      "geometry": {
        "type": "Point",
        "coordinates": [
          139.70808,
          35.64646
        ]
      },
      "properties": {
        "name": "恵比寿",
        "company": "東京地下鉄",
        "line": "2号線日比谷線",
        "passengers": 117796
      }
    },
    {
      "type": "Feature",
      "geometry": {
        "type": "Point",
        "coordinates": [
          139.69815,
          35.64352
        ]
      },
      "properties": {
        "name": "中目黒",
        "company": "東京地下鉄",
        "line": "2号線日比谷線",
        "passengers": 0
      }
    },
    {
      "type": "Feature",
      "geometry": {
        "type": "Point",
        "coordinates": [
          139.77455,
          35.71154
        ]
      },
      "properties": {
        "name": "上野",
        "company": "東京地下鉄",
        "line": "3号線銀座線",
        "passengers": 0
      }
    },
    {
      "type": "Feature",
      "geometry": {
        "type": "Point",
        "coordinates": [
          139.79803,
          35.71107
        ]
      },
      "properties": {
        "name": "浅草",
        "company": "東京地下鉄",
        "line": "3号線銀座線",
        "passengers": 108434
      }
    },
    {
      "type": "Feature",
      "geometry": {
        "type": "Point",
        "coordinates": [
          139.77181,
          35.70319
        ]
      },
      "properties": {
        "name": "末広町",
        "company": "東京地下鉄",
        "line": "3号線銀座線",
        "passengers": 26689
      }
    },
    {
      "type": "Feature",
      "geometry": {
        "type": "Point",
        "coordinates": [
          139.78291,
          35.71126
        ]
      },
      "properties": {
        "name": "稲荷町",
        "company": "東京地下鉄",
        "line": "3号線銀座線",
        "passengers": 18410
      }
    },
    {
      "type": "Feature",
      "geometry": {
        "type": "Point",
        "coordinates": [
          139.79081,
          35.70981
        ]
      },
      "properties": {
        "name": "田原町",
        "company": "東京地下鉄",
        "line": "3号線銀座線",
        "passengers": 34372
      }
    },
    {
      "type": "Feature",
      "geometry": {
        "type": "Point",
        "coordinates": [
          139.77315,
          35.70838
        ]
      },
      "properties": {
        "name": "上野広小路",
        "company": "東京地下鉄",
        "line": "3号線銀座線",
        "passengers": 24123
      }
    },
    {
      "type": "Feature",
      "geometry": {
        "type": "Point",
        "coordinates": [
          139.75056,
          35.67
        ]
      },
      "properties": {
        "name": "虎ノ門",
        "company": "東京地下鉄",
        "line": "3号線銀座線",
        "passengers": 110008
      }
    },
    {
      "type": "Feature",
      "geometry": {
        "type": "Point",
        "coordinates": [
          139.71725,
          35.67016
        ]
      },
      "properties": {
        "name": "外苑前",
        "company": "東京地下鉄",
        "line": "3号線銀座線",
        "passengers": 82336
      }
    },
    {
      "type": "Feature",
      "geometry": {
        "type": "Point",
        "coordinates": [
          139.77313,
          35.68156
        ]
      },
      "properties": {
        "name": "日本橋",
        "company": "東京地下鉄",
        "line": "3号線銀座線",
        "passengers": 0
      }
    },
    {
      "type": "Feature",
      "geometry": {
        "type": "Point",
        "coordinates": [
          139.74139,
          35.67187
        ]
      },
      "properties": {
        "name": "溜池山王",
        "company": "東京地下鉄",
        "line": "3号線銀座線",
        "passengers": 116255
      }
    },
    {
      "type": "Feature",
      "geometry": {
        "type": "Point",
        "coordinates": [
          139.76583,
          35.67195
        ]
      },
      "properties": {
        "name": "銀座",
        "company": "東京地下鉄",
        "line": "3号線銀座線",
        "passengers": 0
      }
    },
    {
      "type": "Feature",
      "geometry": {
        "type": "Point",
        "coordinates": [
          139.72318,
          35.67247
        ]
      },
      "properties": {
        "name": "青山一丁目",
        "company": "東京地下鉄",
        "line": "3号線銀座線",
        "passengers": 116962
      }
    },
    {
      "type": "Feature",
      "geometry": {
        "type": "Point",
        "coordinates": [
          139.7698,
          35.67619
        ]
      },
      "properties": {
        "name": "京橋",
        "company": "東京地下鉄",
        "line": "3号線銀座線",
        "passengers": 63693
      }
    },
    {
      "type": "Feature",
      "geometry": {
        "type": "Point",
        "coordinates": [
          139.75935,
          35.66709
        ]
      },
      "properties": {
        "name": "新橋",
        "company": "東京地下鉄",
        "line": "3号線銀座線",
        "passengers": 247103
      }
    },
    {
      "type": "Feature",
      "geometry": {
        "type": "Point",
        "coordinates": [
          139.77107,
          35.69329
        ]
      },
      "properties": {
        "name": "神田",
        "company": "東京地下鉄",
        "line": "3号線銀座線",
        "passengers": 62320
      }
    },
    {
      "type": "Feature",
      "geometry": {
        "type": "Point",
        "coordinates": [
          139.73773,
          35.67621
        ]
      },
      "properties": {
        "name": "赤坂見附",
        "company": "東京地下鉄",
        "line": "3号線銀座線・4号線丸ノ内線",
        "passengers": 121665
      }
    },
    {
      "type": "Feature",
      "geometry": {
        "type": "Point",
        "coordinates": [
          139.77378,
          35.68671
        ]
      },
      "properties": {
        "name": "三越前",
        "company": "東京地下鉄",
        "line": "3号線銀座線",
        "passengers": 0
      }
    },
    {
      "type": "Feature",
      "geometry": {
        "type": "Point",
        "coordinates": [
          139.7118,
          35.66431
        ]
      },
      "properties": {
        "name": "表参道",
        "company": "東京地下鉄",
        "line": "3号線銀座線・11号線半蔵門線",
        "passengers": 183989
      }
    },
    {
      "type": "Feature",
      "geometry": {
        "type": "Point",
        "coordinates": [
          139.701968,
          35.658869
        ]
      },
      "properties": {
        "name": "渋谷",
        "company": "東京地下鉄",
        "line": "3号線銀座線・11号線半蔵門線",
        "passengers": 220399
      }
    },
    {
      "type": "Feature",
      "geometry": {
        "type": "Point",
        "coordinates": [
          139.75164,
          35.70734
        ]
      },
      "properties": {
        "name": "後楽園",
        "company": "東京地下鉄",
        "line": "4号線丸ノ内線",
        "passengers": 106481
      }
    },
    {
      "type": "Feature",
      "geometry": {
        "type": "Point",
        "coordinates": [
          139.76355,
          35.70069
        ]
      },
      "properties": {
        "name": "御茶ノ水",
        "company": "東京地下鉄",
        "line": "4号線丸ノ内線",
        "passengers": 59281
      }
    },
    {
      "type": "Feature",
      "geometry": {
        "type": "Point",
        "coordinates": [
          139.7595,
          35.70728
        ]
      },
      "properties": {
        "name": "本郷三丁目",
        "company": "東京地下鉄",
        "line": "4号線丸ノ内線",
        "passengers": 56671
      }
    },
    {
      "type": "Feature",
      "geometry": {
        "type": "Point",
        "coordinates": [
          139.64926,
          35.69788
        ]
      },
      "properties": {
        "name": "新高円寺",
        "company": "東京地下鉄",
        "line": "4号線丸ノ内線",
        "passengers": 38044
      }
    },
    {
      "type": "Feature",
      "geometry": {
        "type": "Point",
        "coordinates": [
          139.63624,
          35.69918
        ]
      },
      "properties": {
        "name": "南阿佐ヶ谷",
        "company": "東京地下鉄",
        "line": "4号線丸ノ内線",
        "passengers": 28144
      }
    },
    {
      "type": "Feature",
      "geometry": {
        "type": "Point",
        "coordinates": [
          139.62077,
          35.70419
        ]
      },
      "properties": {
        "name": "荻窪",
        "company": "東京地下鉄",
        "line": "4号線丸ノ内線",
        "passengers": 93426
      }
    },
    {
      "type": "Feature",
      "geometry": {
        "type": "Point",
        "coordinates": [
          139.73649,
          35.71758
        ]
      },
      "properties": {
        "name": "茗荷谷",
        "company": "東京地下鉄",
        "line": "4号線丸ノ内線",
        "passengers": 78179
      }
    },
    {
      "type": "Feature",
      "geometry": {
        "type": "Point",
        "coordinates": [
          139.67029,
          35.6975
        ]
      },
      "properties": {
        "name": "新中野",
        "company": "東京地下鉄",
        "line": "4号線丸ノ内線",
        "passengers": 36488
      }
    },
    {
      "type": "Feature",
      "geometry": {
        "type": "Point",
        "coordinates": [
          139.659,
          35.69787
        ]
      },
      "properties": {
        "name": "東高円寺",
        "company": "東京地下鉄",
        "line": "4号線丸ノ内線",
        "passengers": 35987
      }
    },
    {
      "type": "Feature",
      "geometry": {
        "type": "Point",
        "coordinates": [
          139.71034,
          35.73061
        ]
      },
      "properties": {
        "name": "池袋",
        "company": "東京地下鉄",
        "line": "4号線丸ノ内線",
        "passengers": 567703
      }
    },
    {
      "type": "Feature",
      "geometry": {
        "type": "Point",
        "coordinates": [
          139.7288,
          35.72652
        ]
      },
      "properties": {
        "name": "新大塚",
        "company": "東京地下鉄",
        "line": "4号線丸ノ内線",
        "passengers": 25868
      }
    },
    {
      "type": "Feature",
      "geometry": {
        "type": "Point",
        "coordinates": [
          139.68284,
          35.69701
        ]
      },
      "properties": {
        "name": "中野坂上",
        "company": "東京地下鉄",
        "line": "4号線丸ノ内線・4号線丸ノ内線分岐線",
        "passengers": 77763
      }
    },
    {
      "type": "Feature",
      "geometry": {
        "type": "Point",
        "coordinates": [
          139.765,
          35.68273
        ]
      },
      "properties": {
        "name": "東京",
        "company": "東京地下鉄",
        "line": "4号線丸ノ内線",
        "passengers": 216749
      }
    },
    {
      "type": "Feature",
      "geometry": {
        "type": "Point",
        "coordinates": [
          139.74455,
          35.67429
        ]
      },
      "properties": {
        "name": "国会議事堂前",
        "company": "東京地下鉄",
        "line": "4号線丸ノ内線・9号線千代田線",
        "passengers": 43239
      }
    },
    {
      "type": "Feature",
      "geometry": {
        "type": "Point",
        "coordinates": [
          139.76746,
          35.69535
        ]
      },
      "properties": {
        "name": "淡路町",
        "company": "東京地下鉄",
        "line": "4号線丸ノ内線",
        "passengers": 61863
      }
    },
    {
      "type": "Feature",
      "geometry": {
        "type": "Point",
        "coordinates": [
          139.72037,
          35.68793
        ]
      },
      "properties": {
        "name": "四谷三丁目",
        "company": "東京地下鉄",
        "line": "4号線丸ノ内線",
        "passengers": 47014
      }
    },
    {
      "type": "Feature",
      "geometry": {
        "type": "Point",
        "coordinates": [
          139.76443,
          35.67358
        ]
      },
      "properties": {
        "name": "銀座",
        "company": "東京地下鉄",
        "line": "4号線丸ノ内線",
        "passengers": 0
      }
    },
    {
      "type": "Feature",
      "geometry": {
        "type": "Point",
        "coordinates": [
          139.75346,
          35.67391
        ]
      },
      "properties": {
        "name": "霞ヶ関",
        "company": "東京地下鉄",
        "line": "4号線丸ノ内線",
        "passengers": 0
      }
    },
    {
      "type": "Feature",
      "geometry": {
        "type": "Point",
        "coordinates": [
          139.73009,
          35.68326
        ]
      },
      "properties": {
        "name": "四ツ谷",
        "company": "東京地下鉄",
        "line": "4号線丸ノ内線",
        "passengers": 127408
      }
    },
    {
      "type": "Feature",
      "geometry": {
        "type": "Point",
        "coordinates": [
          139.76633,
          35.68736
        ]
      },
      "properties": {
        "name": "大手町",
        "company": "東京地下鉄",
        "line": "4号線丸ノ内線",
        "passengers": 365972
      }
    },
    {
      "type": "Feature",
      "geometry": {
        "type": "Point",
        "coordinates": [
          139.6932,
          35.69428
        ]
      },
      "properties": {
        "name": "西新宿",
        "company": "東京地下鉄",
        "line": "4号線丸ノ内線",
        "passengers": 91457
      }
    },
    {
      "type": "Feature",
      "geometry": {
        "type": "Point",
        "coordinates": [
          139.70489,
          35.69087
        ]
      },
      "properties": {
        "name": "新宿三丁目",
        "company": "東京地下鉄",
        "line": "4号線丸ノ内線",
        "passengers": 165247
      }
    },
    {
      "type": "Feature",
      "geometry": {
        "type": "Point",
        "coordinates": [
          139.71185,
          35.68834
        ]
      },
      "properties": {
        "name": "新宿御苑前",
        "company": "東京地下鉄",
        "line": "4号線丸ノ内線",
        "passengers": 54912
      }
    },
    {
      "type": "Feature",
      "geometry": {
        "type": "Point",
        "coordinates": [
          139.7013,
          35.69235
        ]
      },
      "properties": {
        "name": "新宿",
        "company": "東京地下鉄",
        "line": "4号線丸ノ内線",
        "passengers": 237552
      }
    },
    {
      "type": "Feature",
      "geometry": {
        "type": "Point",
        "coordinates": [
          139.67448,
          35.69207
        ]
      },
      "properties": {
        "name": "中野新橋",
        "company": "東京地下鉄",
        "line": "4号線丸ノ内線分岐線",
        "passengers": 20884
      }
    },
    {
      "type": "Feature",
      "geometry": {
        "type": "Point",
        "coordinates": [
          139.65867,
          35.68367
        ]
      },
      "properties": {
        "name": "方南町",
        "company": "東京地下鉄",
        "line": "4号線丸ノ内線分岐線",
        "passengers": 39769
      }
    },
    {
      "type": "Feature",
      "geometry": {
        "type": "Point",
        "coordinates": [
          139.6689,
          35.69089
        ]
      },
      "properties": {
        "name": "中野富士見町",
        "company": "東京地下鉄",
        "line": "4号線丸ノ内線分岐線",
        "passengers": 20202
      }
    },
    {
      "type": "Feature",
      "geometry": {
        "type": "Point",
        "coordinates": [
          139.74579,
          35.70182
        ]
      },
      "properties": {
        "name": "飯田橋",
        "company": "東京地下鉄",
        "line": "5号線東西線",
        "passengers": 194569
      }
    },
    {
      "type": "Feature",
      "geometry": {
        "type": "Point",
        "coordinates": [
          139.66688,
          35.70579
        ]
      },
      "properties": {
        "name": "中野",
        "company": "東京地下鉄",
        "line": "5号線東西線",
        "passengers": 0
      }
    },
    {
      "type": "Feature",
      "geometry": {
        "type": "Point",
        "coordinates": [
          139.68706,
          35.7109
        ]
      },
      "properties": {
        "name": "落合",
        "company": "東京地下鉄",
        "line": "5号線東西線",
        "passengers": 27490
      }
    },
    {
      "type": "Feature",
      "geometry": {
        "type": "Point",
        "coordinates": [
          139.73566,
          35.70367
        ]
      },
      "properties": {
        "name": "神楽坂",
        "company": "東京地下鉄",
        "line": "5号線東西線",
        "passengers": 42168
      }
    },
    {
      "type": "Feature",
      "geometry": {
        "type": "Point",
        "coordinates": [
          139.70603,
          35.7128
        ]
      },
      "properties": {
        "name": "高田馬場",
        "company": "東京地下鉄",
        "line": "5号線東西線",
        "passengers": 200250
      }
    },
    {
      "type": "Feature",
      "geometry": {
        "type": "Point",
        "coordinates": [
          139.72333,
          35.70558
        ]
      },
      "properties": {
        "name": "早稲田",
        "company": "東京地下鉄",
        "line": "5号線東西線",
        "passengers": 81284
      }
    },
    {
      "type": "Feature",
      "geometry": {
        "type": "Point",
        "coordinates": [
          139.76473,
          35.68498
        ]
      },
      "properties": {
        "name": "大手町",
        "company": "東京地下鉄",
        "line": "5号線東西線",
        "passengers": 0
      }
    },
    {
      "type": "Feature",
      "geometry": {
        "type": "Point",
        "coordinates": [
          139.77858,
          35.68061
        ]
      },
      "properties": {
        "name": "茅場町",
        "company": "東京地下鉄",
        "line": "5号線東西線",
        "passengers": 129424
      }
    },
    {
      "type": "Feature",
      "geometry": {
        "type": "Point",
        "coordinates": [
          139.7971,
          35.67146
        ]
      },
      "properties": {
        "name": "門前仲町",
        "company": "東京地下鉄",
        "line": "5号線東西線",
        "passengers": 117845
      }
    },
    {
      "type": "Feature",
      "geometry": {
        "type": "Point",
        "coordinates": [
          139.80591,
          35.66938
        ]
      },
      "properties": {
        "name": "木場",
        "company": "東京地下鉄",
        "line": "5号線東西線",
        "passengers": 77866
      }
    },
    {
      "type": "Feature",
      "geometry": {
        "type": "Point",
        "coordinates": [
          139.75101,
          35.69698
        ]
      },
      "properties": {
        "name": "九段下",
        "company": "東京地下鉄",
        "line": "5号線東西線",
        "passengers": 177402
      }
    },
    {
      "type": "Feature",
      "geometry": {
        "type": "Point",
        "coordinates": [
          139.75852,
          35.69028
        ]
      },
      "properties": {
        "name": "竹橋",
        "company": "東京地下鉄",
        "line": "5号線東西線",
        "passengers": 49315
      }
    },
    {
      "type": "Feature",
      "geometry": {
        "type": "Point",
        "coordinates": [
          139.83048,
          35.66881
        ]
      },
      "properties": {
        "name": "南砂町",
        "company": "東京地下鉄",
        "line": "5号線東西線",
        "passengers": 60969
      }
    },
    {
      "type": "Feature",
      "geometry": {
        "type": "Point",
        "coordinates": [
          139.77309,
          35.68277
        ]
      },
      "properties": {
        "name": "日本橋",
        "company": "東京地下鉄",
        "line": "5号線東西線",
        "passengers": 199797
      }
    },
    {
      "type": "Feature",
      "geometry": {
        "type": "Point",
        "coordinates": [
          139.81892,
          35.66966
        ]
      },
      "properties": {
        "name": "東陽町",
        "company": "東京地下鉄",
        "line": "5号線東西線",
        "passengers": 122629
      }
    },
    {
      "type": "Feature",
      "geometry": {
        "type": "Point",
        "coordinates": [
          139.75366,
          35.72517
        ]
      },
      "properties": {
        "name": "本駒込",
        "company": "東京地下鉄",
        "line": "7号線南北線",
        "passengers": 22933
      }
    },
    {
      "type": "Feature",
      "geometry": {
        "type": "Point",
        "coordinates": [
          139.74454,
          35.70262
        ]
      },
      "properties": {
        "name": "飯田橋",
        "company": "東京地下鉄",
        "line": "7号線南北線",
        "passengers": 0
      }
    },
    {
      "type": "Feature",
      "geometry": {
        "type": "Point",
        "coordinates": [
          139.7518,
          35.70928
        ]
      },
      "properties": {
        "name": "後楽園",
        "company": "東京地下鉄",
        "line": "7号線南北線",
        "passengers": 0
      }
    },
    {
      "type": "Feature",
      "geometry": {
        "type": "Point",
        "coordinates": [
          139.74263,
          35.74557
        ]
      },
      "properties": {
        "name": "西ヶ原",
        "company": "東京地下鉄",
        "line": "7号線南北線",
        "passengers": 8845
      }
    },
    {
      "type": "Feature",
      "geometry": {
        "type": "Point",
        "coordinates": [
          139.7466,
          35.73648
        ]
      },
      "properties": {
        "name": "駒込",
        "company": "東京地下鉄",
        "line": "7号線南北線",
        "passengers": 41685
      }
    },
    {
      "type": "Feature",
      "geometry": {
        "type": "Point",
        "coordinates": [
          139.7574,
          35.71893
        ]
      },
      "properties": {
        "name": "東大前",
        "company": "東京地下鉄",
        "line": "7号線南北線",
        "passengers": 29051
      }
    },
    {
      "type": "Feature",
      "geometry": {
        "type": "Point",
        "coordinates": [
          139.73822,
          35.67878
        ]
      },
      "properties": {
        "name": "永田町",
        "company": "東京地下鉄",
        "line": "7号線南北線",
        "passengers": 91240
      }
    },
    {
      "type": "Feature",
      "geometry": {
        "type": "Point",
        "coordinates": [
          139.72999,
          35.68712
        ]
      },
      "properties": {
        "name": "四ツ谷",
        "company": "東京地下鉄",
        "line": "7号線南北線",
        "passengers": 0
      }
    },
    {
      "type": "Feature",
      "geometry": {
        "type": "Point",
        "coordinates": [
          139.73715,
          35.65554
        ]
      },
      "properties": {
        "name": "麻布十番",
        "company": "東京地下鉄",
        "line": "7号線南北線",
        "passengers": 49267
      }
    },
    {
      "type": "Feature",
      "geometry": {
        "type": "Point",
        "coordinates": [
          139.74133,
          35.67443
        ]
      },
      "properties": {
        "name": "溜池山王",
        "company": "東京地下鉄",
        "line": "7号線南北線",
        "passengers": 0
      }
    },
    {
      "type": "Feature",
      "geometry": {
        "type": "Point",
        "coordinates": [
          139.73766,
          35.69417
        ]
      },
      "properties": {
        "name": "市ヶ谷",
        "company": "東京地下鉄",
        "line": "7号線南北線・8号線有楽町線",
        "passengers": 150922
      }
    },
    {
      "type": "Feature",
      "geometry": {
        "type": "Point",
        "coordinates": [
          139.73902,
          35.66579
        ]
      },
      "properties": {
        "name": "六本木一丁目",
        "company": "東京地下鉄",
        "line": "7号線南北線",
        "passengers": 88958
      }
    },
    {
      "type": "Feature",
      "geometry": {
        "type": "Point",
        "coordinates": [
          139.73469,
          35.64385
        ]
      },
      "properties": {
        "name": "白金高輪",
        "company": "東京地下鉄",
        "line": "7号線南北線",
        "passengers": 42763
      }
    },
    {
      "type": "Feature",
      "geometry": {
        "type": "Point",
        "coordinates": [
          139.74389,
          35.70231
        ]
      },
      "properties": {
        "name": "飯田橋",
        "company": "東京地下鉄",
        "line": "8号線有楽町線",
        "passengers": 0
      }
    },
    {
      "type": "Feature",
      "geometry": {
        "type": "Point",
        "coordinates": [
          139.70655,
          35.73178
        ]
      },
      "properties": {
        "name": "池袋",
        "company": "東京地下鉄",
        "line": "13号線副都心線",
        "passengers": 0
      }
    },
    {
      "type": "Feature",
      "geometry": {
        "type": "Point",
        "coordinates": [
          139.68851,
          35.73884
        ]
      },
      "properties": {
        "name": "千川",
        "company": "東京地下鉄",
        "line": "8号線有楽町線",
        "passengers": 40617
      }
    },
    {
      "type": "Feature",
      "geometry": {
        "type": "Point",
        "coordinates": [
          139.71787,
          35.72659
        ]
      },
      "properties": {
        "name": "東池袋",
        "company": "東京地下鉄",
        "line": "8号線有楽町線",
        "passengers": 44120
      }
    },
    {
      "type": "Feature",
      "geometry": {
        "type": "Point",
        "coordinates": [
          139.7098,
          35.72954
        ]
      },
      "properties": {
        "name": "池袋",
        "company": "東京地下鉄",
        "line": "8号線有楽町線",
        "passengers": 0
      }
    },
    {
      "type": "Feature",
      "geometry": {
        "type": "Point",
        "coordinates": [
          139.73315,
          35.70964
        ]
      },
      "properties": {
        "name": "江戸川橋",
        "company": "東京地下鉄",
        "line": "8号線有楽町線",
        "passengers": 53897
      }
    },
    {
      "type": "Feature",
      "geometry": {
        "type": "Point",
        "coordinates": [
          139.6785,
          35.74388
        ]
      },
      "properties": {
        "name": "小竹向原",
        "company": "東京地下鉄",
        "line": "8号線有楽町線",
        "passengers": 339614
      }
    },
    {
      "type": "Feature",
      "geometry": {
        "type": "Point",
        "coordinates": [
          139.72705,
          35.72003
        ]
      },
      "properties": {
        "name": "護国寺",
        "company": "東京地下鉄",
        "line": "8号線有楽町線",
        "passengers": 43428
      }
    },
    {
      "type": "Feature",
      "geometry": {
        "type": "Point",
        "coordinates": [
          139.69736,
          35.73342
        ]
      },
      "properties": {
        "name": "要町",
        "company": "東京地下鉄",
        "line": "8号線有楽町線",
        "passengers": 41969
      }
    },
    {
      "type": "Feature",
      "geometry": {
        "type": "Point",
        "coordinates": [
          139.77451,
          35.67016
        ]
      },
      "properties": {
        "name": "新富町",
        "company": "東京地下鉄",
        "line": "8号線有楽町線",
        "passengers": 43838
      }
    },
    {
      "type": "Feature",
      "geometry": {
        "type": "Point",
        "coordinates": [
          139.73699,
          35.6856
        ]
      },
      "properties": {
        "name": "麹町",
        "company": "東京地下鉄",
        "line": "8号線有楽町線",
        "passengers": 65607
      }
    },
    {
      "type": "Feature",
      "geometry": {
        "type": "Point",
        "coordinates": [
          139.79672,
          35.65438
        ]
      },
      "properties": {
        "name": "豊洲",
        "company": "東京地下鉄",
        "line": "8号線有楽町線",
        "passengers": 227843
      }
    },
    {
      "type": "Feature",
      "geometry": {
        "type": "Point",
        "coordinates": [
          139.76108,
          35.67623
        ]
      },
      "properties": {
        "name": "有楽町",
        "company": "東京地下鉄",
        "line": "8号線有楽町線",
        "passengers": 176997
      }
    },
    {
      "type": "Feature",
      "geometry": {
        "type": "Point",
        "coordinates": [
          139.78386,
          35.66522
        ]
      },
      "properties": {
        "name": "月島",
        "company": "東京地下鉄",
        "line": "8号線有楽町線",
        "passengers": 77166
      }
    },
    {
      "type": "Feature",
      "geometry": {
        "type": "Point",
        "coordinates": [
          139.75296,
          35.67772
        ]
      },
      "properties": {
        "name": "桜田門",
        "company": "東京地下鉄",
        "line": "8号線有楽町線",
        "passengers": 13456
      }
    },
    {
      "type": "Feature",
      "geometry": {
        "type": "Point",
        "coordinates": [
          139.76591,
          35.67508
        ]
      },
      "properties": {
        "name": "銀座一丁目",
        "company": "東京地下鉄",
        "line": "8号線有楽町線",
        "passengers": 39562
      }
    },
    {
      "type": "Feature",
      "geometry": {
        "type": "Point",
        "coordinates": [
          139.81103,
          35.64531
        ]
      },
      "properties": {
        "name": "辰巳",
        "company": "東京地下鉄",
        "line": "8号線有楽町線",
        "passengers": 30603
      }
    },
    {
      "type": "Feature",
      "geometry": {
        "type": "Point",
        "coordinates": [
          139.82535,
          35.64564
        ]
      },
      "properties": {
        "name": "新木場",
        "company": "東京地下鉄",
        "line": "8号線有楽町線",
        "passengers": 110126
      }
    },
    {
      "type": "Feature",
      "geometry": {
        "type": "Point",
        "coordinates": [
          139.74068,
          35.67845
        ]
      },
      "properties": {
        "name": "永田町",
        "company": "東京地下鉄",
        "line": "8号線有楽町線",
        "passengers": 0
      }
    },
    {
      "type": "Feature",
      "geometry": {
        "type": "Point",
        "coordinates": [
          139.76785,
          35.73281
        ]
      },
      "properties": {
        "name": "西日暮里",
        "company": "東京地下鉄",
        "line": "9号線千代田線",
        "passengers": 168478
      }
    },
    {
      "type": "Feature",
      "geometry": {
        "type": "Point",
        "coordinates": [
          139.76356,
          35.7266
        ]
      },
      "properties": {
        "name": "千駄木",
        "company": "東京地下鉄",
        "line": "9号線千代田線",
        "passengers": 29659
      }
    },
    {
      "type": "Feature",
      "geometry": {
        "type": "Point",
        "coordinates": [
          139.76576,
          35.69759
        ]
      },
      "properties": {
        "name": "新御茶ノ水",
        "company": "東京地下鉄",
        "line": "9号線千代田線",
        "passengers": 96949
      }
    },
    {
      "type": "Feature",
      "geometry": {
        "type": "Point",
        "coordinates": [
          139.77946,
          35.74118
        ]
      },
      "properties": {
        "name": "町屋",
        "company": "東京地下鉄",
        "line": "9号線千代田線",
        "passengers": 62882
      }
    },
    {
      "type": "Feature",
      "geometry": {
        "type": "Point",
        "coordinates": [
          139.77002,
          35.70779
        ]
      },
      "properties": {
        "name": "湯島",
        "company": "東京地下鉄",
        "line": "9号線千代田線",
        "passengers": 37549
      }
    },
    {
      "type": "Feature",
      "geometry": {
        "type": "Point",
        "coordinates": [
          139.76517,
          35.7179
        ]
      },
      "properties": {
        "name": "根津",
        "company": "東京地下鉄",
        "line": "9号線千代田線",
        "passengers": 29579
      }
    },
    {
      "type": "Feature",
      "geometry": {
        "type": "Point",
        "coordinates": [
          139.7621,
          35.68145
        ]
      },
      "properties": {
        "name": "二重橋前",
        "company": "東京地下鉄",
        "line": "9号線千代田線",
        "passengers": 41352
      }
    },
    {
      "type": "Feature",
      "geometry": {
        "type": "Point",
        "coordinates": [
          139.72701,
          35.6673
        ]
      },
      "properties": {
        "name": "乃木坂",
        "company": "東京地下鉄",
        "line": "9号線千代田線",
        "passengers": 42374
      }
    },
    {
      "type": "Feature",
      "geometry": {
        "type": "Point",
        "coordinates": [
          139.73711,
          35.67267
        ]
      },
      "properties": {
        "name": "赤坂",
        "company": "東京地下鉄",
        "line": "9号線千代田線",
        "passengers": 96839
      }
    },
    {
      "type": "Feature",
      "geometry": {
        "type": "Point",
        "coordinates": [
          139.76355,
          35.68613
        ]
      },
      "properties": {
        "name": "大手町",
        "company": "東京地下鉄",
        "line": "9号線千代田線",
        "passengers": 0
      }
    },
    {
      "type": "Feature",
      "geometry": {
        "type": "Point",
        "coordinates": [
          139.7526,
          35.67223
        ]
      },
      "properties": {
        "name": "霞ヶ関",
        "company": "東京地下鉄",
        "line": "9号線千代田線",
        "passengers": 0
      }
    },
    {
      "type": "Feature",
      "geometry": {
        "type": "Point",
        "coordinates": [
          139.68868,
          35.66926
        ]
      },
      "properties": {
        "name": "代々木公園",
        "company": "東京地下鉄",
        "line": "9号線千代田線",
        "passengers": 29250
      }
    },
    {
      "type": "Feature",
      "geometry": {
        "type": "Point",
        "coordinates": [
          139.7105,
          35.66606
        ]
      },
      "properties": {
        "name": "表参道",
        "company": "東京地下鉄",
        "line": "9号線千代田線",
        "passengers": 0
      }
    },
    {
      "type": "Feature",
      "geometry": {
        "type": "Point",
        "coordinates": [
          139.67877,
          35.66849
        ]
      },
      "properties": {
        "name": "代々木上原",
        "company": "東京地下鉄",
        "line": "9号線千代田線",
        "passengers": 0
      }
    },
    {
      "type": "Feature",
      "geometry": {
        "type": "Point",
        "coordinates": [
          139.70307,
          35.66949
        ]
      },
      "properties": {
        "name": "明治神宮前",
        "company": "東京地下鉄",
        "line": "9号線千代田線",
        "passengers": 111354
      }
    },
    {
      "type": "Feature",
      "geometry": {
        "type": "Point",
        "coordinates": [
          139.75821,
          35.69604
        ]
      },
      "properties": {
        "name": "神保町",
        "company": "東京地下鉄",
        "line": "11号線半蔵門線",
        "passengers": 0
      }
    },
    {
      "type": "Feature",
      "geometry": {
        "type": "Point",
        "coordinates": [
          139.81415,
          35.70668
        ]
      },
      "properties": {
        "name": "押上（スカイツリー前）",
        "company": "東京地下鉄",
        "line": "11号線半蔵門線",
        "passengers": 186555
      }
    },
    {
      "type": "Feature",
      "geometry": {
        "type": "Point",
        "coordinates": [
          139.81487,
          35.69861
        ]
      },
      "properties": {
        "name": "錦糸町",
        "company": "東京地下鉄",
        "line": "11号線半蔵門線",
        "passengers": 110136
      }
    },
    {
      "type": "Feature",
      "geometry": {
        "type": "Point",
        "coordinates": [
          139.75691,
          35.696
        ]
      },
      "properties": {
        "name": "神保町",
        "company": "東京地下鉄",
        "line": "11号線半蔵門線",
        "passengers": 97510
      }
    },
    {
      "type": "Feature",
      "geometry": {
        "type": "Point",
        "coordinates": [
          139.78576,
          35.68231
        ]
      },
      "properties": {
        "name": "水天宮前",
        "company": "東京地下鉄",
        "line": "11号線半蔵門線",
        "passengers": 84016
      }
    },
    {
      "type": "Feature",
      "geometry": {
        "type": "Point",
        "coordinates": [
          139.75215,
          35.69569
        ]
      },
      "properties": {
        "name": "九段下",
        "company": "東京地下鉄",
        "line": "11号線半蔵門線",
        "passengers": 0
      }
    },
    {
      "type": "Feature",
      "geometry": {
        "type": "Point",
        "coordinates": [
          139.81576,
          35.6879
        ]
      },
      "properties": {
        "name": "住吉",
        "company": "東京地下鉄",
        "line": "11号線半蔵門線",
        "passengers": 60041
      }
    },
    {
      "type": "Feature",
      "geometry": {
        "type": "Point",
        "coordinates": [
          139.73774,
          35.6783
        ]
      },
      "properties": {
        "name": "永田町",
        "company": "東京地下鉄",
        "line": "11号線半蔵門線",
        "passengers": 0
      }
    },
    {
      "type": "Feature",
      "geometry": {
        "type": "Point",
        "coordinates": [
          139.74158,
          35.68445
        ]
      },
      "properties": {
        "name": "半蔵門",
        "company": "東京地下鉄",
        "line": "11号線半蔵門線",
        "passengers": 91881
      }
    },
    {
      "type": "Feature",
      "geometry": {
        "type": "Point",
        "coordinates": [
          139.77145,
          35.68523
        ]
      },
      "properties": {
        "name": "三越前",
        "company": "東京地下鉄",
        "line": "11号線半蔵門線",
        "passengers": 133564
      }
    },
    {
      "type": "Feature",
      "geometry": {
        "type": "Point",
        "coordinates": [
          139.76377,
          35.68692
        ]
      },
      "properties": {
        "name": "大手町",
        "company": "東京地下鉄",
        "line": "11号線半蔵門線",
        "passengers": 0
      }
    },
    {
      "type": "Feature",
      "geometry": {
        "type": "Point",
        "coordinates": [
          139.80141,
          35.6822
        ]
      },
      "properties": {
        "name": "清澄白河",
        "company": "東京地下鉄",
        "line": "11号線半蔵門線",
        "passengers": 58961
      }
    },
    {
      "type": "Feature",
      "geometry": {
        "type": "Point",
        "coordinates": [
          139.72311,
          35.67264
        ]
      },
      "properties": {
        "name": "青山一丁目",
        "company": "東京地下鉄",
        "line": "11号線半蔵門線",
        "passengers": 0
      }
    },
    {
      "type": "Feature",
      "geometry": {
        "type": "Point",
        "coordinates": [
          139.79725,
          35.70949
        ]
      },
      "properties": {
        "name": "浅草",
        "company": "東京都",
        "line": "1号線浅草線",
        "passengers": 55671
      }
    },
    {
      "type": "Feature",
      "geometry": {
        "type": "Point",
        "coordinates": [
          139.7903,
          35.70268
        ]
      },
      "properties": {
        "name": "蔵前",
        "company": "東京都",
        "line": "1号線浅草線",
        "passengers": 37943
      }
    },
    {
      "type": "Feature",
      "geometry": {
        "type": "Point",
        "coordinates": [
          139.80368,
          35.70854
        ]
      },
      "properties": {
        "name": "本所吾妻橋",
        "company": "東京都",
        "line": "1号線浅草線",
        "passengers": 19630
      }
    },
    {
      "type": "Feature",
      "geometry": {
        "type": "Point",
        "coordinates": [
          139.78598,
          35.69687
        ]
      },
      "properties": {
        "name": "浅草橋",
        "company": "東京都",
        "line": "1号線浅草線",
        "passengers": 60380
      }
    },
    {
      "type": "Feature",
      "geometry": {
        "type": "Point",
        "coordinates": [
          139.81158,
          35.70972
        ]
      },
      "properties": {
        "name": "押上（スカイツリー前）",
        "company": "東京都",
        "line": "1号線浅草線",
        "passengers": 223535
      }
    },
    {
      "type": "Feature",
      "geometry": {
        "type": "Point",
        "coordinates": [
          139.74881,
          35.6476
        ]
      },
      "properties": {
        "name": "三田",
        "company": "東京都",
        "line": "1号線浅草線・6号線三田線",
        "passengers": 0
      }
    },
    {
      "type": "Feature",
      "geometry": {
        "type": "Point",
        "coordinates": [
          139.72975,
          35.63122
        ]
      },
      "properties": {
        "name": "高輪台",
        "company": "東京都",
        "line": "1号線浅草線",
        "passengers": 14863
      }
    },
    {
      "type": "Feature",
      "geometry": {
        "type": "Point",
        "coordinates": [
          139.75015,
          35.64815
        ]
      },
      "properties": {
        "name": "三田",
        "company": "東京都",
        "line": "1号線浅草線",
        "passengers": 225304
      }
    },
    {
      "type": "Feature",
      "geometry": {
        "type": "Point",
        "coordinates": [
          139.71611,
          35.61374
        ]
      },
      "properties": {
        "name": "戸越",
        "company": "東京都",
        "line": "1号線浅草線",
        "passengers": 22712
      }
    },
    {
      "type": "Feature",
      "geometry": {
        "type": "Point",
        "coordinates": [
          139.77607,
          35.68209
        ]
      },
      "properties": {
        "name": "日本橋",
        "company": "東京都",
        "line": "1号線浅草線",
        "passengers": 101779
      }
    },
    {
      "type": "Feature",
      "geometry": {
        "type": "Point",
        "coordinates": [
          139.75852,
          35.66432
        ]
      },
      "properties": {
        "name": "新橋",
        "company": "東京都",
        "line": "1号線浅草線",
        "passengers": 100183
      }
    },
    {
      "type": "Feature",
      "geometry": {
        "type": "Point",
        "coordinates": [
          139.72357,
          35.6267
        ]
      },
      "properties": {
        "name": "五反田",
        "company": "東京都",
        "line": "1号線浅草線",
        "passengers": 71027
      }
    },
    {
      "type": "Feature",
      "geometry": {
        "type": "Point",
        "coordinates": [
          139.77242,
          35.67617
        ]
      },
      "properties": {
        "name": "宝町",
        "company": "東京都",
        "line": "1号線浅草線",
        "passengers": 32982
      }
    },
    {
      "type": "Feature",
      "geometry": {
        "type": "Point",
        "coordinates": [
          139.73938,
          35.63746
        ]
      },
      "properties": {
        "name": "泉岳寺",
        "company": "東京都",
        "line": "1号線浅草線",
        "passengers": 223574
      }
    },
    {
      "type": "Feature",
      "geometry": {
        "type": "Point",
        "coordinates": [
          139.76645,
          35.66901
        ]
      },
      "properties": {
        "name": "東銀座",
        "company": "東京都",
        "line": "1号線浅草線",
        "passengers": 86726
      }
    },
    {
      "type": "Feature",
      "geometry": {
        "type": "Point",
        "coordinates": [
          139.78497,
          35.69304
        ]
      },
      "properties": {
        "name": "東日本橋",
        "company": "東京都",
        "line": "1号線浅草線",
        "passengers": 84888
      }
    },
    {
      "type": "Feature",
      "geometry": {
        "type": "Point",
        "coordinates": [
          139.75477,
          35.65738
        ]
      },
      "properties": {
        "name": "大門",
        "company": "東京都",
        "line": "1号線浅草線・12号線大江戸線",
        "passengers": 251030
      }
    },
    {
      "type": "Feature",
      "geometry": {
        "type": "Point",
        "coordinates": [
          139.78263,
          35.68662
        ]
      },
      "properties": {
        "name": "人形町",
        "company": "東京都",
        "line": "1号線浅草線",
        "passengers": 56210
      }
    },
    {
      "type": "Feature",
      "geometry": {
        "type": "Point",
        "coordinates": [
          139.71344,
          35.60442
        ]
      },
      "properties": {
        "name": "中延",
        "company": "東京都",
        "line": "1号線浅草線",
        "passengers": 31947
      }
    },
    {
      "type": "Feature",
      "geometry": {
        "type": "Point",
        "coordinates": [
          139.70585,
          35.58668
        ]
      },
      "properties": {
        "name": "西馬込",
        "company": "東京都",
        "line": "1号線浅草線",
        "passengers": 49538
      }
    },
    {
      "type": "Feature",
      "geometry": {
        "type": "Point",
        "coordinates": [
          139.71171,
          35.59575
        ]
      },
      "properties": {
        "name": "馬込",
        "company": "東京都",
        "line": "1号線浅草線",
        "passengers": 29491
      }
    },
    {
      "type": "Feature",
      "geometry": {
        "type": "Point",
        "coordinates": [
          139.75541,
          35.70269
        ]
      },
      "properties": {
        "name": "水道橋",
        "company": "東京都",
        "line": "6号線三田線",
        "passengers": 47746
      }
    },
    {
      "type": "Feature",
      "geometry": {
        "type": "Point",
        "coordinates": [
          139.75249,
          35.72204
        ]
      },
      "properties": {
        "name": "白山",
        "company": "東京都",
        "line": "6号線三田線",
        "passengers": 51183
      }
    },
    {
      "type": "Feature",
      "geometry": {
        "type": "Point",
        "coordinates": [
          139.74409,
          35.72845
        ]
      },
      "properties": {
        "name": "千石",
        "company": "東京都",
        "line": "6号線三田線",
        "passengers": 30729
      }
    },
    {
      "type": "Feature",
      "geometry": {
        "type": "Point",
        "coordinates": [
          139.75347,
          35.70913
        ]
      },
      "properties": {
        "name": "春日",
        "company": "東京都",
        "line": "6号線三田線",
        "passengers": 131857
      }
    },
    {
      "type": "Feature",
      "geometry": {
        "type": "Point",
        "coordinates": [
          139.73742,
          35.73426
        ]
      },
      "properties": {
        "name": "巣鴨",
        "company": "東京都",
        "line": "6号線三田線",
        "passengers": 94567
      }
    },
    {
      "type": "Feature",
      "geometry": {
        "type": "Point",
        "coordinates": [
          139.71848,
          35.74893
        ]
      },
      "properties": {
        "name": "新板橋",
        "company": "東京都",
        "line": "6号線三田線",
        "passengers": 30233
      }
    },
    {
      "type": "Feature",
      "geometry": {
        "type": "Point",
        "coordinates": [
          139.72814,
          35.74404
        ]
      },
      "properties": {
        "name": "西巣鴨",
        "company": "東京都",
        "line": "6号線三田線",
        "passengers": 30335
      }
    },
    {
      "type": "Feature",
      "geometry": {
        "type": "Point",
        "coordinates": [
          139.71542,
          35.6332
        ]
      },
      "properties": {
        "name": "目黒",
        "company": "東京都",
        "line": "6号線三田線",
        "passengers": 0
      }
    },
    {
      "type": "Feature",
      "geometry": {
        "type": "Point",
        "coordinates": [
          139.75989,
          35.67589
        ]
      },
      "properties": {
        "name": "日比谷",
        "company": "東京都",
        "line": "6号線三田線",
        "passengers": 95622
      }
    },
    {
      "type": "Feature",
      "geometry": {
        "type": "Point",
        "coordinates": [
          139.75567,
          35.66983
        ]
      },
      "properties": {
        "name": "内幸町",
        "company": "東京都",
        "line": "6号線三田線",
        "passengers": 44741
      }
    },
    {
      "type": "Feature",
      "geometry": {
        "type": "Point",
        "coordinates": [
          139.73469,
          35.64385
        ]
      },
      "properties": {
        "name": "白金高輪",
        "company": "東京都",
        "line": "6号線三田線",
        "passengers": 0
      }
    },
    {
      "type": "Feature",
      "geometry": {
        "type": "Point",
        "coordinates": [
          139.72671,
          35.63814
        ]
      },
      "properties": {
        "name": "白金台",
        "company": "東京都",
        "line": "6号線三田線",
        "passengers": 0
      }
    },
    {
      "type": "Feature",
      "geometry": {
        "type": "Point",
        "coordinates": [
          139.75857,
          35.69411
        ]
      },
      "properties": {
        "name": "神保町",
        "company": "東京都",
        "line": "6号線三田線",
        "passengers": 287091
      }
    },
    {
      "type": "Feature",
      "geometry": {
        "type": "Point",
        "coordinates": [
          139.76236,
          35.68324
        ]
      },
      "properties": {
        "name": "大手町",
        "company": "東京都",
        "line": "6号線三田線",
        "passengers": 110710
      }
    },
    {
      "type": "Feature",
      "geometry": {
        "type": "Point",
        "coordinates": [
          139.75183,
          35.66169
        ]
      },
      "properties": {
        "name": "御成門",
        "company": "東京都",
        "line": "6号線三田線",
        "passengers": 52228
      }
    },
    {
      "type": "Feature",
      "geometry": {
        "type": "Point",
        "coordinates": [
          139.74983,
          35.65416
        ]
      },
      "properties": {
        "name": "芝公園",
        "company": "東京都",
        "line": "6号線三田線",
        "passengers": 33271
      }
    },
    {
      "type": "Feature",
      "geometry": {
        "type": "Point",
        "coordinates": [
          139.74897,
          35.64869
        ]
      },
      "properties": {
        "name": "三田",
        "company": "東京都",
        "line": "6号線三田線",
        "passengers": 0
      }
    },
    {
      "type": "Feature",
      "geometry": {
        "type": "Point",
        "coordinates": [
          139.75691,
          35.696
        ]
      },
      "properties": {
        "name": "神保町",
        "company": "東京都",
        "line": "10号線新宿線",
        "passengers": 0
      }
    },
    {
      "type": "Feature",
      "geometry": {
        "type": "Point",
        "coordinates": [
          139.75821,
          35.69604
        ]
      },
      "properties": {
        "name": "神保町",
        "company": "東京都",
        "line": "10号線新宿線",
        "passengers": 0
      }
    },
    {
      "type": "Feature",
      "geometry": {
        "type": "Point",
        "coordinates": [
          139.75215,
          35.69569
        ]
      },
      "properties": {
        "name": "九段下",
        "company": "東京都",
        "line": "10号線新宿線",
        "passengers": 115034
      }
    },
    {
      "type": "Feature",
      "geometry": {
        "type": "Point",
        "coordinates": [
          139.82728,
          35.68933
        ]
      },
      "properties": {
        "name": "西大島",
        "company": "東京都",
        "line": "10号線新宿線",
        "passengers": 29561
      }
    },
    {
      "type": "Feature",
      "geometry": {
        "type": "Point",
        "coordinates": [
          139.72357,
          35.6923
        ]
      },
      "properties": {
        "name": "曙橋",
        "company": "東京都",
        "line": "10号線新宿線",
        "passengers": 39245
      }
    },
    {
      "type": "Feature",
      "geometry": {
        "type": "Point",
        "coordinates": [
          139.84892,
          35.68926
        ]
      },
      "properties": {
        "name": "東大島",
        "company": "東京都",
        "line": "10号線新宿線",
        "passengers": 32240
      }
    },
    {
      "type": "Feature",
      "geometry": {
        "type": "Point",
        "coordinates": [
          139.77626,
          35.69553
        ]
      },
      "properties": {
        "name": "岩本町",
        "company": "東京都",
        "line": "10号線新宿線",
        "passengers": 55446
      }
    },
    {
      "type": "Feature",
      "geometry": {
        "type": "Point",
        "coordinates": [
          139.80708,
          35.68848
        ]
      },
      "properties": {
        "name": "菊川",
        "company": "東京都",
        "line": "10号線新宿線",
        "passengers": 25887
      }
    },
    {
      "type": "Feature",
      "geometry": {
        "type": "Point",
        "coordinates": [
          139.83522,
          35.68985
        ]
      },
      "properties": {
        "name": "大島",
        "company": "東京都",
        "line": "10号線新宿線",
        "passengers": 34111
      }
    },
    {
      "type": "Feature",
      "geometry": {
        "type": "Point",
        "coordinates": [
          139.76788,
          35.69561
        ]
      },
      "properties": {
        "name": "小川町",
        "company": "東京都",
        "line": "10号線新宿線",
        "passengers": 74725
      }
    },
    {
      "type": "Feature",
      "geometry": {
        "type": "Point",
        "coordinates": [
          139.73828,
          35.69171
        ]
      },
      "properties": {
        "name": "市ヶ谷",
        "company": "東京都",
        "line": "10号線新宿線",
        "passengers": 101093
      }
    },
    {
      "type": "Feature",
      "geometry": {
        "type": "Point",
        "coordinates": [
          139.78369,
          35.69134
        ]
      },
      "properties": {
        "name": "馬喰横山",
        "company": "東京都",
        "line": "10号線新宿線",
        "passengers": 118024
      }
    },
    {
      "type": "Feature",
      "geometry": {
        "type": "Point",
        "coordinates": [
          139.78898,
          35.68839
        ]
      },
      "properties": {
        "name": "浜町",
        "company": "東京都",
        "line": "10号線新宿線",
        "passengers": 23188
      }
    },
    {
      "type": "Feature",
      "geometry": {
        "type": "Point",
        "coordinates": [
          139.79919,
          35.68807
        ]
      },
      "properties": {
        "name": "森下",
        "company": "東京都",
        "line": "10号線新宿線",
        "passengers": 151356
      }
    },
    {
      "type": "Feature",
      "geometry": {
        "type": "Point",
        "coordinates": [
          139.81666,
          35.689
        ]
      },
      "properties": {
        "name": "住吉",
        "company": "東京都",
        "line": "10号線新宿線",
        "passengers": 44974
      }
    },
    {
      "type": "Feature",
      "geometry": {
        "type": "Point",
        "coordinates": [
          139.69932,
          35.68871
        ]
      },
      "properties": {
        "name": "新宿",
        "company": "東京都",
        "line": "10号線新宿線",
        "passengers": 942712
      }
    },
    {
      "type": "Feature",
      "geometry": {
        "type": "Point",
        "coordinates": [
          139.70749,
          35.69114
        ]
      },
      "properties": {
        "name": "新宿三丁目",
        "company": "東京都",
        "line": "10号線新宿線",
        "passengers": 74576
      }
    },
    {
      "type": "Feature",
      "geometry": {
        "type": "Point",
        "coordinates": [
          139.7598,
          35.70754
        ]
      },
      "properties": {
        "name": "本郷三丁目",
        "company": "東京都",
        "line": "12号線大江戸線",
        "passengers": 22270
      }
    },
    {
      "type": "Feature",
      "geometry": {
        "type": "Point",
        "coordinates": [
          139.75136,
          35.7085
        ]
      },
      "properties": {
        "name": "春日",
        "company": "東京都",
        "line": "12号線大江戸線",
        "passengers": 0
      }
    },
    {
      "type": "Feature",
      "geometry": {
        "type": "Point",
        "coordinates": [
          139.79737,
          35.69751
        ]
      },
      "properties": {
        "name": "両国",
        "company": "東京都",
        "line": "12号線大江戸線",
        "passengers": 36066
      }
    },
    {
      "type": "Feature",
      "geometry": {
        "type": "Point",
        "coordinates": [
          139.77226,
          35.70804
        ]
      },
      "properties": {
        "name": "上野御徒町",
        "company": "東京都",
        "line": "12号線大江戸線",
        "passengers": 59753
      }
    },
    {
      "type": "Feature",
      "geometry": {
        "type": "Point",
        "coordinates": [
          139.793,
          35.70522
        ]
      },
      "properties": {
        "name": "蔵前",
        "company": "東京都",
        "line": "12号線大江戸線",
        "passengers": 35663
      }
    },
    {
      "type": "Feature",
      "geometry": {
        "type": "Point",
        "coordinates": [
          139.78272,
          35.70692
        ]
      },
      "properties": {
        "name": "新御徒町",
        "company": "東京都",
        "line": "12号線大江戸線",
        "passengers": 57712
      }
    },
    {
      "type": "Feature",
      "geometry": {
        "type": "Point",
        "coordinates": [
          139.74646,
          35.70335
        ]
      },
      "properties": {
        "name": "飯田橋",
        "company": "東京都",
        "line": "12号線大江戸線",
        "passengers": 34055
      }
    },
    {
      "type": "Feature",
      "geometry": {
        "type": "Point",
        "coordinates": [
          139.70852,
          35.69779
        ]
      },
      "properties": {
        "name": "東新宿",
        "company": "東京都",
        "line": "12号線大江戸線",
        "passengers": 42014
      }
    },
    {
      "type": "Feature",
      "geometry": {
        "type": "Point",
        "coordinates": [
          139.72599,
          35.6994
        ]
      },
      "properties": {
        "name": "牛込柳町",
        "company": "東京都",
        "line": "12号線大江戸線",
        "passengers": 21251
      }
    },
    {
      "type": "Feature",
      "geometry": {
        "type": "Point",
        "coordinates": [
          139.67133,
          35.73221
        ]
      },
      "properties": {
        "name": "新江古田",
        "company": "東京都",
        "line": "12号線大江戸線",
        "passengers": 30008
      }
    },
    {
      "type": "Feature",
      "geometry": {
        "type": "Point",
        "coordinates": [
          139.65551,
          35.73748
        ]
      },
      "properties": {
        "name": "練馬",
        "company": "東京都",
        "line": "12号線大江戸線",
        "passengers": 82576
      }
    },
    {
      "type": "Feature",
      "geometry": {
        "type": "Point",
        "coordinates": [
          139.68387,
          35.72282
        ]
      },
      "properties": {
        "name": "落合南長崎",
        "company": "東京都",
        "line": "12号線大江戸線",
        "passengers": 28212
      }
    },
    {
      "type": "Feature",
      "geometry": {
        "type": "Point",
        "coordinates": [
          139.73677,
          35.70121
        ]
      },
      "properties": {
        "name": "牛込神楽坂",
        "company": "東京都",
        "line": "12号線大江戸線",
        "passengers": 15243
      }
    },
    {
      "type": "Feature",
      "geometry": {
        "type": "Point",
        "coordinates": [
          139.64918,
          35.74074
        ]
      },
      "properties": {
        "name": "豊島園",
        "company": "東京都",
        "line": "12号線大江戸線",
        "passengers": 12410
      }
    },
    {
      "type": "Feature",
      "geometry": {
        "type": "Point",
        "coordinates": [
          139.68296,
          35.70672
        ]
      },
      "properties": {
        "name": "東中野",
        "company": "東京都",
        "line": "12号線大江戸線",
        "passengers": 27654
      }
    },
    {
      "type": "Feature",
      "geometry": {
        "type": "Point",
        "coordinates": [
          139.71894,
          35.6994
        ]
      },
      "properties": {
        "name": "若松河田",
        "company": "東京都",
        "line": "12号線大江戸線",
        "passengers": 32326
      }
    },
    {
      "type": "Feature",
      "geometry": {
        "type": "Point",
        "coordinates": [
          139.686,
          35.71321
        ]
      },
      "properties": {
        "name": "中井",
        "company": "東京都",
        "line": "12号線大江戸線",
        "passengers": 25767
      }
    },
    {
      "type": "Feature",
      "geometry": {
        "type": "Point",
        "coordinates": [
          139.68293,
          35.69717
        ]
      },
      "properties": {
        "name": "中野坂上",
        "company": "東京都",
        "line": "12号線大江戸線",
        "passengers": 41990
      }
    },
    {
      "type": "Feature",
      "geometry": {
        "type": "Point",
        "coordinates": [
          139.73076,
          35.66448
        ]
      },
      "properties": {
        "name": "六本木",
        "company": "東京都",
        "line": "12号線大江戸線",
        "passengers": 98539
      }
    },
    {
      "type": "Feature",
      "geometry": {
        "type": "Point",
        "coordinates": [
          139.76245,
          35.66625
        ]
      },
      "properties": {
        "name": "汐留",
        "company": "東京都",
        "line": "12号線大江戸線",
        "passengers": 53734
      }
    },
    {
      "type": "Feature",
      "geometry": {
        "type": "Point",
        "coordinates": [
          139.79542,
          35.67324
        ]
      },
      "properties": {
        "name": "門前仲町",
        "company": "東京都",
        "line": "12号線大江戸線",
        "passengers": 88879
      }
    },
    {
      "type": "Feature",
      "geometry": {
        "type": "Point",
        "coordinates": [
          139.79826,
          35.68726
        ]
      },
      "properties": {
        "name": "森下",
        "company": "東京都",
        "line": "12号線大江戸線",
        "passengers": 0
      }
    },
    {
      "type": "Feature",
      "geometry": {
        "type": "Point",
        "coordinates": [
          139.76718,
          35.66462
        ]
      },
      "properties": {
        "name": "築地市場",
        "company": "東京都",
        "line": "12号線大江戸線",
        "passengers": 26265
      }
    },
    {
      "type": "Feature",
      "geometry": {
        "type": "Point",
        "coordinates": [
          139.72434,
          35.67216
        ]
      },
      "properties": {
        "name": "青山一丁目",
        "company": "東京都",
        "line": "12号線大江戸線",
        "passengers": 77984
      }
    },
    {
      "type": "Feature",
      "geometry": {
        "type": "Point",
        "coordinates": [
          139.73539,
          35.65665
        ]
      },
      "properties": {
        "name": "麻布十番",
        "company": "東京都",
        "line": "12号線大江戸線",
        "passengers": 37018
      }
    },
    {
      "type": "Feature",
      "geometry": {
        "type": "Point",
        "coordinates": [
          139.77778,
          35.65938
        ]
      },
      "properties": {
        "name": "勝どき",
        "company": "東京都",
        "line": "12号線大江戸線",
        "passengers": 108147
      }
    },
    {
      "type": "Feature",
      "geometry": {
        "type": "Point",
        "coordinates": [
          139.79875,
          35.68222
        ]
      },
      "properties": {
        "name": "清澄白河",
        "company": "東京都",
        "line": "12号線大江戸線",
        "passengers": 43537
      }
    },
    {
      "type": "Feature",
      "geometry": {
        "type": "Point",
        "coordinates": [
          139.78479,
          35.66441
        ]
      },
      "properties": {
        "name": "月島",
        "company": "東京都",
        "line": "12号線大江戸線",
        "passengers": 75411
      }
    },
    {
      "type": "Feature",
      "geometry": {
        "type": "Point",
        "coordinates": [
          139.74342,
          35.65505
        ]
      },
      "properties": {
        "name": "赤羽橋",
        "company": "東京都",
        "line": "12号線大江戸線",
        "passengers": 42784
      }
    },
    {
      "type": "Feature",
      "geometry": {
        "type": "Point",
        "coordinates": [
          139.69952,
          35.68716
        ]
      },
      "properties": {
        "name": "新宿",
        "company": "東京都",
        "line": "12号線大江戸線",
        "passengers": 0
      }
    },
    {
      "type": "Feature",
      "geometry": {
        "type": "Point",
        "coordinates": [
          139.68535,
          35.6902
        ]
      },
      "properties": {
        "name": "西新宿五丁目",
        "company": "東京都",
        "line": "12号線大江戸線",
        "passengers": 36022
      }
    },
    {
      "type": "Feature",
      "geometry": {
        "type": "Point",
        "coordinates": [
          139.69345,
          35.69073
        ]
      },
      "properties": {
        "name": "都庁前",
        "company": "東京都",
        "line": "12号線大江戸線",
        "passengers": 51967
      }
    },
    {
      "type": "Feature",
      "geometry": {
        "type": "Point",
        "coordinates": [
          139.69901,
          35.69382
        ]
      },
      "properties": {
        "name": "新宿西口",
        "company": "東京都",
        "line": "12号線大江戸線",
        "passengers": 61649
      }
    },
    {
      "type": "Feature",
      "geometry": {
        "type": "Point",
        "coordinates": [
          139.71583,
          35.67963
        ]
      },
      "properties": {
        "name": "国立競技場",
        "company": "東京都",
        "line": "12号線大江戸線",
        "passengers": 10764
      }
    },
    {
      "type": "Feature",
      "geometry": {
        "type": "Point",
        "coordinates": [
          139.70174,
          35.683
        ]
      },
      "properties": {
        "name": "代々木",
        "company": "東京都",
        "line": "12号線大江戸線",
        "passengers": 38284
      }
    },
    {
      "type": "Feature",
      "geometry": {
        "type": "Point",
        "coordinates": [
          139.78392,
          35.74205
        ]
      },
      "properties": {
        "name": "荒川七丁目",
        "company": "東京都",
        "line": "荒川線",
        "passengers": 473
      }
    },
    {
      "type": "Feature",
      "geometry": {
        "type": "Point",
        "coordinates": [
          139.76955,
          35.74914
        ]
      },
      "properties": {
        "name": "熊野前",
        "company": "東京都",
        "line": "荒川線",
        "passengers": 3923
      }
    },
    {
      "type": "Feature",
      "geometry": {
        "type": "Point",
        "coordinates": [
          139.79174,
          35.73209
        ]
      },
      "properties": {
        "name": "三ノ輪橋",
        "company": "東京都",
        "line": "荒川線",
        "passengers": 3266
      }
    },
    {
      "type": "Feature",
      "geometry": {
        "type": "Point",
        "coordinates": [
          139.78469,
          35.73837
        ]
      },
      "properties": {
        "name": "荒川二丁目",
        "company": "東京都",
        "line": "荒川線",
        "passengers": 845
      }
    },
    {
      "type": "Feature",
      "geometry": {
        "type": "Point",
        "coordinates": [
          139.77665,
          35.74375
        ]
      },
      "properties": {
        "name": "町屋二丁目",
        "company": "東京都",
        "line": "荒川線",
        "passengers": 775
      }
    },
    {
      "type": "Feature",
      "geometry": {
        "type": "Point",
        "coordinates": [
          139.76564,
          35.74991
        ]
      },
      "properties": {
        "name": "宮ノ前",
        "company": "東京都",
        "line": "荒川線",
        "passengers": 3101
      }
    },
    {
      "type": "Feature",
      "geometry": {
        "type": "Point",
        "coordinates": [
          139.78617,
          35.73519
        ]
      },
      "properties": {
        "name": "荒川区役所前",
        "company": "東京都",
        "line": "荒川線",
        "passengers": 1689
      }
    },
    {
      "type": "Feature",
      "geometry": {
        "type": "Point",
        "coordinates": [
          139.77405,
          35.74549
        ]
      },
      "properties": {
        "name": "東尾久三丁目",
        "company": "東京都",
        "line": "荒川線",
        "passengers": 1563
      }
    },
    {
      "type": "Feature",
      "geometry": {
        "type": "Point",
        "coordinates": [
          139.78067,
          35.7428
        ]
      },
      "properties": {
        "name": "町屋駅前",
        "company": "東京都",
        "line": "荒川線",
        "passengers": 8555
      }
    },
    {
      "type": "Feature",
      "geometry": {
        "type": "Point",
        "coordinates": [
          139.78868,
          35.73376
        ]
      },
      "properties": {
        "name": "荒川一中前",
        "company": "東京都",
        "line": "荒川線",
        "passengers": 699
      }
    },
    {
      "type": "Feature",
      "geometry": {
        "type": "Point",
        "coordinates": [
          139.71929,
          35.71181
        ]
      },
      "properties": {
        "name": "早稲田",
        "company": "東京都",
        "line": "荒川線",
        "passengers": 3179
      }
    },
    {
      "type": "Feature",
      "geometry": {
        "type": "Point",
        "coordinates": [
          139.72947,
          35.73892
        ]
      },
      "properties": {
        "name": "庚申塚",
        "company": "東京都",
        "line": "荒川線",
        "passengers": 2450
      }
    },
    {
      "type": "Feature",
      "geometry": {
        "type": "Point",
        "coordinates": [
          139.7355,
          35.74742
        ]
      },
      "properties": {
        "name": "滝野川一丁目",
        "company": "東京都",
        "line": "荒川線",
        "passengers": 1610
      }
    },
    {
      "type": "Feature",
      "geometry": {
        "type": "Point",
        "coordinates": [
          139.71492,
          35.71281
        ]
      },
      "properties": {
        "name": "面影橋",
        "company": "東京都",
        "line": "荒川線",
        "passengers": 822
      }
    },
    {
      "type": "Feature",
      "geometry": {
        "type": "Point",
        "coordinates": [
          139.73254,
          35.74404
        ]
      },
      "properties": {
        "name": "西ヶ原四丁目",
        "company": "東京都",
        "line": "荒川線",
        "passengers": 2515
      }
    },
    {
      "type": "Feature",
      "geometry": {
        "type": "Point",
        "coordinates": [
          139.71221,
          35.71554
        ]
      },
      "properties": {
        "name": "学習院下",
        "company": "東京都",
        "line": "荒川線",
        "passengers": 1716
      }
    },
    {
      "type": "Feature",
      "geometry": {
        "type": "Point",
        "coordinates": [
          139.73024,
          35.74092
        ]
      },
      "properties": {
        "name": "新庚申塚",
        "company": "東京都",
        "line": "荒川線",
        "passengers": 2649
      }
    },
    {
      "type": "Feature",
      "geometry": {
        "type": "Point",
        "coordinates": [
          139.7205,
          35.7254
        ]
      },
      "properties": {
        "name": "東池袋四丁目",
        "company": "東京都",
        "line": "荒川線",
        "passengers": 3743
      }
    },
    {
      "type": "Feature",
      "geometry": {
        "type": "Point",
        "coordinates": [
          139.72463,
          35.7286
        ]
      },
      "properties": {
        "name": "向原",
        "company": "東京都",
        "line": "荒川線",
        "passengers": 1460
      }
    },
    {
      "type": "Feature",
      "geometry": {
        "type": "Point",
        "coordinates": [
          139.73721,
          35.74989
        ]
      },
      "properties": {
        "name": "飛鳥山",
        "company": "東京都",
        "line": "荒川線",
        "passengers": 993
      }
    },
    {
      "type": "Feature",
      "geometry": {
        "type": "Point",
        "coordinates": [
          139.7294,
          35.73145
        ]
      },
      "properties": {
        "name": "大塚駅前",
        "company": "東京都",
        "line": "荒川線",
        "passengers": 7990
      }
    },
    {
      "type": "Feature",
      "geometry": {
        "type": "Point",
        "coordinates": [
          139.72804,
          35.73496
        ]
      },
      "properties": {
        "name": "巣鴨新田",
        "company": "東京都",
        "line": "荒川線",
        "passengers": 1180
      }
    },
    {
      "type": "Feature",
      "geometry": {
        "type": "Point",
        "coordinates": [
          139.7181,
          35.72433
        ]
      },
      "properties": {
        "name": "都電雑司ヶ谷",
        "company": "東京都",
        "line": "荒川線",
        "passengers": 1067
      }
    },
    {
      "type": "Feature",
      "geometry": {
        "type": "Point",
        "coordinates": [
          139.71502,
          35.7204
        ]
      },
      "properties": {
        "name": "鬼子母神前",
        "company": "東京都",
        "line": "荒川線",
        "passengers": 2564
      }
    },
    {
      "type": "Feature",
      "geometry": {
        "type": "Point",
        "coordinates": [
          139.76947,
          35.71444
        ]
      },
      "properties": {
        "name": "上野動物園西園",
        "company": "東京都",
        "line": "上野懸垂線",
        "passengers": 7102
      }
    },
    {
      "type": "Feature",
      "geometry": {
        "type": "Point",
        "coordinates": [
          139.77002,
          35.71606
        ]
      },
      "properties": {
        "name": "上野動物園東園",
        "company": "東京都",
        "line": "上野懸垂線",
        "passengers": 7102
      }
    },
    {
      "type": "Feature",
      "geometry": {
        "type": "Point",
        "coordinates": [
          139.75095,
          35.62171
        ]
      },
      "properties": {
        "name": "天王洲アイル",
        "company": "東京臨海高速鉄道",
        "line": "りんかい線",
        "passengers": 42205
      }
    },
    {
      "type": "Feature",
      "geometry": {
        "type": "Point",
        "coordinates": [
          139.77844,
          35.62728
        ]
      },
      "properties": {
        "name": "東京テレポート",
        "company": "東京臨海高速鉄道",
        "line": "りんかい線",
        "passengers": 67379
      }
    },
    {
      "type": "Feature",
      "geometry": {
        "type": "Point",
        "coordinates": [
          139.72743,
          35.62041
        ]
      },
      "properties": {
        "name": "大崎",
        "company": "東京臨海高速鉄道",
        "line": "りんかい線",
        "passengers": 0
      }
    },
    {
      "type": "Feature",
      "geometry": {
        "type": "Point",
        "coordinates": [
          139.80533,
          35.64117
        ]
      },
      "properties": {
        "name": "東雲",
        "company": "東京臨海高速鉄道",
        "line": "りんかい線",
        "passengers": 14673
      }
    },
    {
      "type": "Feature",
      "geometry": {
        "type": "Point",
        "coordinates": [
          139.82786,
          35.64592
        ]
      },
      "properties": {
        "name": "新木場",
        "company": "東京臨海高速鉄道",
        "line": "りんかい線",
        "passengers": 67065
      }
    },
    {
      "type": "Feature",
      "geometry": {
        "type": "Point",
        "coordinates": [
          139.73291,
          35.60761
        ]
      },
      "properties": {
        "name": "大井町",
        "company": "東京臨海高速鉄道",
        "line": "りんかい線",
        "passengers": 88092
      }
    },
    {
      "type": "Feature",
      "geometry": {
        "type": "Point",
        "coordinates": [
          139.79104,
          35.63406
        ]
      },
      "properties": {
        "name": "国際展示場",
        "company": "東京臨海高速鉄道",
        "line": "りんかい線",
        "passengers": 59392
      }
    },
    {
      "type": "Feature",
      "geometry": {
        "type": "Point",
        "coordinates": [
          139.74996,
          35.61068
        ]
      },
      "properties": {
        "name": "品川シーサイド",
        "company": "東京臨海高速鉄道",
        "line": "りんかい線",
        "passengers": 48462
      }
    },
    {
      "type": "Feature",
      "geometry": {
        "type": "Point",
        "coordinates": [
          139.06428,
          35.09857
        ]
      },
      "properties": {
        "name": "来宮",
        "company": "東日本旅客鉄道",
        "line": "伊東線",
        "passengers": 2280
      }
    },
    {
      "type": "Feature",
      "geometry": {
        "type": "Point",
        "coordinates": [
          139.06709,
          35.06033
        ]
      },
      "properties": {
        "name": "伊豆多賀",
        "company": "東日本旅客鉄道",
        "line": "伊東線",
        "passengers": 1296
      }
    },
    {
      "type": "Feature",
      "geometry": {
        "type": "Point",
        "coordinates": [
          139.07912,
          35.10445
        ]
      },
      "properties": {
        "name": "熱海",
        "company": "東日本旅客鉄道",
        "line": "伊東線・東海道線",
        "passengers": 0
      }
    },
    {
      "type": "Feature",
      "geometry": {
        "type": "Point",
        "coordinates": [
          139.65974,
          35.2575
        ]
      },
      "properties": {
        "name": "衣笠",
        "company": "東日本旅客鉄道",
        "line": "横須賀線",
        "passengers": 17136
      }
    },
    {
      "type": "Feature",
      "geometry": {
        "type": "Point",
        "coordinates": [
          139.70134,
          35.23215
        ]
      },
      "properties": {
        "name": "久里浜",
        "company": "東日本旅客鉄道",
        "line": "横須賀線",
        "passengers": 12910
      }
    },
    {
      "type": "Feature",
      "geometry": {
        "type": "Point",
        "coordinates": [
          139.65382,
          35.28448
        ]
      },
      "properties": {
        "name": "横須賀",
        "company": "東日本旅客鉄道",
        "line": "横須賀線",
        "passengers": 10480
      }
    },
    {
      "type": "Feature",
      "geometry": {
        "type": "Point",
        "coordinates": [
          139.63816,
          35.29276
        ]
      },
      "properties": {
        "name": "田浦",
        "company": "東日本旅客鉄道",
        "line": "横須賀線",
        "passengers": 4556
      }
    },
    {
      "type": "Feature",
      "geometry": {
        "type": "Point",
        "coordinates": [
          139.60243,
          35.29869
        ]
      },
      "properties": {
        "name": "東逗子",
        "company": "東日本旅客鉄道",
        "line": "横須賀線",
        "passengers": 10140
      }
    },
    {
      "type": "Feature",
      "geometry": {
        "type": "Point",
        "coordinates": [
          139.57965,
          35.29759
        ]
      },
      "properties": {
        "name": "逗子",
        "company": "東日本旅客鉄道",
        "line": "横須賀線",
        "passengers": 58532
      }
    },
    {
      "type": "Feature",
      "geometry": {
        "type": "Point",
        "coordinates": [
          139.53123,
          35.3532
        ]
      },
      "properties": {
        "name": "大船",
        "company": "東日本旅客鉄道",
        "line": "横須賀線・根岸線",
        "passengers": 0
      }
    },
    {
      "type": "Feature",
      "geometry": {
        "type": "Point",
        "coordinates": [
          139.54536,
          35.33721
        ]
      },
      "properties": {
        "name": "北鎌倉",
        "company": "東日本旅客鉄道",
        "line": "横須賀線",
        "passengers": 18030
      }
    },
    {
      "type": "Feature",
      "geometry": {
        "type": "Point",
        "coordinates": [
          139.55039,
          35.31826
        ]
      },
      "properties": {
        "name": "鎌倉",
        "company": "東日本旅客鉄道",
        "line": "横須賀線",
        "passengers": 89676
      }
    },
    {
      "type": "Feature",
      "geometry": {
        "type": "Point",
        "coordinates": [
          139.61849,
          35.50687
        ]
      },
      "properties": {
        "name": "新横浜",
        "company": "東日本旅客鉄道",
        "line": "横浜線",
        "passengers": 131536
      }
    },
    {
      "type": "Feature",
      "geometry": {
        "type": "Point",
        "coordinates": [
          139.6324,
          35.47706
        ]
      },
      "properties": {
        "name": "東神奈川",
        "company": "東日本旅客鉄道",
        "line": "横浜線",
        "passengers": 74756
      }
    },
    {
      "type": "Feature",
      "geometry": {
        "type": "Point",
        "coordinates": [
          139.60046,
          35.50824
        ]
      },
      "properties": {
        "name": "小机",
        "company": "東日本旅客鉄道",
        "line": "横浜線",
        "passengers": 20776
      }
    },
    {
      "type": "Feature",
      "geometry": {
        "type": "Point",
        "coordinates": [
          139.64643,
          35.4918
        ]
      },
      "properties": {
        "name": "大口",
        "company": "東日本旅客鉄道",
        "line": "横浜線",
        "passengers": 37634
      }
    },
    {
      "type": "Feature",
      "geometry": {
        "type": "Point",
        "coordinates": [
          139.62893,
          35.50968
        ]
      },
      "properties": {
        "name": "菊名",
        "company": "東日本旅客鉄道",
        "line": "横浜線",
        "passengers": 108116
      }
    },
    {
      "type": "Feature",
      "geometry": {
        "type": "Point",
        "coordinates": [
          139.34418,
          35.59532
        ]
      },
      "properties": {
        "name": "橋本",
        "company": "東日本旅客鉄道",
        "line": "横浜線・相模線",
        "passengers": 132272
      }
    },
    {
      "type": "Feature",
      "geometry": {
        "type": "Point",
        "coordinates": [
          139.54001,
          35.51435
        ]
      },
      "properties": {
        "name": "中山",
        "company": "東日本旅客鉄道",
        "line": "横浜線",
        "passengers": 84602
      }
    },
    {
      "type": "Feature",
      "geometry": {
        "type": "Point",
        "coordinates": [
          139.47217,
          35.53584
        ]
      },
      "properties": {
        "name": "成瀬",
        "company": "東日本旅客鉄道",
        "line": "横浜線",
        "passengers": 38366
      }
    },
    {
      "type": "Feature",
      "geometry": {
        "type": "Point",
        "coordinates": [
          139.37162,
          35.58097
        ]
      },
      "properties": {
        "name": "相模原",
        "company": "東日本旅客鉄道",
        "line": "横浜線",
        "passengers": 58504
      }
    },
    {
      "type": "Feature",
      "geometry": {
        "type": "Point",
        "coordinates": [
          139.44568,
          35.54203
        ]
      },
      "properties": {
        "name": "町田",
        "company": "東日本旅客鉄道",
        "line": "横浜線",
        "passengers": 225080
      }
    },
    {
      "type": "Feature",
      "geometry": {
        "type": "Point",
        "coordinates": [
          139.39439,
          35.56897
        ]
      },
      "properties": {
        "name": "淵野辺",
        "company": "東日本旅客鉄道",
        "line": "横浜線",
        "passengers": 77846
      }
    },
    {
      "type": "Feature",
      "geometry": {
        "type": "Point",
        "coordinates": [
          139.33162,
          35.60751
        ]
      },
      "properties": {
        "name": "相原",
        "company": "東日本旅客鉄道",
        "line": "横浜線",
        "passengers": 21234
      }
    },
    {
      "type": "Feature",
      "geometry": {
        "type": "Point",
        "coordinates": [
          139.33131,
          35.63201
        ]
      },
      "properties": {
        "name": "八王子みなみ野",
        "company": "東日本旅客鉄道",
        "line": "横浜線",
        "passengers": 37442
      }
    },
    {
      "type": "Feature",
      "geometry": {
        "type": "Point",
        "coordinates": [
          139.51723,
          35.52604
        ]
      },
      "properties": {
        "name": "十日市場",
        "company": "東日本旅客鉄道",
        "line": "横浜線",
        "passengers": 41608
      }
    },
    {
      "type": "Feature",
      "geometry": {
        "type": "Point",
        "coordinates": [
          139.49429,
          35.53159
        ]
      },
      "properties": {
        "name": "長津田",
        "company": "東日本旅客鉄道",
        "line": "横浜線",
        "passengers": 122334
      }
    },
    {
      "type": "Feature",
      "geometry": {
        "type": "Point",
        "coordinates": [
          139.38577,
          35.5735
        ]
      },
      "properties": {
        "name": "矢部",
        "company": "東日本旅客鉄道",
        "line": "横浜線",
        "passengers": 24790
      }
    },
    {
      "type": "Feature",
      "geometry": {
        "type": "Point",
        "coordinates": [
          139.56781,
          35.51099
        ]
      },
      "properties": {
        "name": "鴨居",
        "company": "東日本旅客鉄道",
        "line": "横浜線",
        "passengers": 79370
      }
    },
    {
      "type": "Feature",
      "geometry": {
        "type": "Point",
        "coordinates": [
          139.34192,
          35.64007
        ]
      },
      "properties": {
        "name": "片倉",
        "company": "東日本旅客鉄道",
        "line": "横浜線",
        "passengers": 10442
      }
    },
    {
      "type": "Feature",
      "geometry": {
        "type": "Point",
        "coordinates": [
          139.41905,
          35.55608
        ]
      },
      "properties": {
        "name": "古淵",
        "company": "東日本旅客鉄道",
        "line": "横浜線",
        "passengers": 46036
      }
    },
    {
      "type": "Feature",
      "geometry": {
        "type": "Point",
        "coordinates": [
          139.33939,
          35.65519
        ]
      },
      "properties": {
        "name": "八王子",
        "company": "東日本旅客鉄道",
        "line": "横浜線",
        "passengers": 0
      }
    },
    {
      "type": "Feature",
      "geometry": {
        "type": "Point",
        "coordinates": [
          139.76414,
          35.67791
        ]
      },
      "properties": {
        "name": "東京",
        "company": "東日本旅客鉄道",
        "line": "京葉線",
        "passengers": 0
      }
    },
    {
      "type": "Feature",
      "geometry": {
        "type": "Point",
        "coordinates": [
          139.79331,
          35.66732
        ]
      },
      "properties": {
        "name": "越中島",
        "company": "東日本旅客鉄道",
        "line": "京葉線",
        "passengers": 11470
      }
    },
    {
      "type": "Feature",
      "geometry": {
        "type": "Point",
        "coordinates": [
          139.77885,
          35.67462
        ]
      },
      "properties": {
        "name": "八丁堀",
        "company": "東日本旅客鉄道",
        "line": "京葉線",
        "passengers": 71528
      }
    },
    {
      "type": "Feature",
      "geometry": {
        "type": "Point",
        "coordinates": [
          139.82584,
          35.6459
        ]
      },
      "properties": {
        "name": "新木場",
        "company": "東日本旅客鉄道",
        "line": "京葉線",
        "passengers": 158322
      }
    },
    {
      "type": "Feature",
      "geometry": {
        "type": "Point",
        "coordinates": [
          139.81653,
          35.6595
        ]
      },
      "properties": {
        "name": "潮見",
        "company": "東日本旅客鉄道",
        "line": "京葉線",
        "passengers": 27130
      }
    },
    {
      "type": "Feature",
      "geometry": {
        "type": "Point",
        "coordinates": [
          139.27072,
          35.72962
        ]
      },
      "properties": {
        "name": "武蔵引田",
        "company": "東日本旅客鉄道",
        "line": "五日市線",
        "passengers": 6204
      }
    },
    {
      "type": "Feature",
      "geometry": {
        "type": "Point",
        "coordinates": [
          139.22876,
          35.73271
        ]
      },
      "properties": {
        "name": "武蔵五日市",
        "company": "東日本旅客鉄道",
        "line": "五日市線",
        "passengers": 8752
      }
    },
    {
      "type": "Feature",
      "geometry": {
        "type": "Point",
        "coordinates": [
          139.25704,
          35.73089
        ]
      },
      "properties": {
        "name": "武蔵増戸",
        "company": "東日本旅客鉄道",
        "line": "五日市線",
        "passengers": 5168
      }
    },
    {
      "type": "Feature",
      "geometry": {
        "type": "Point",
        "coordinates": [
          139.33609,
          35.72813
        ]
      },
      "properties": {
        "name": "熊川",
        "company": "東日本旅客鉄道",
        "line": "五日市線",
        "passengers": 2850
      }
    },
    {
      "type": "Feature",
      "geometry": {
        "type": "Point",
        "coordinates": [
          139.28745,
          35.72795
        ]
      },
      "properties": {
        "name": "秋川",
        "company": "東日本旅客鉄道",
        "line": "五日市線",
        "passengers": 13380
      }
    },
    {
      "type": "Feature",
      "geometry": {
        "type": "Point",
        "coordinates": [
          139.34285,
          35.72202
        ]
      },
      "properties": {
        "name": "拝島",
        "company": "東日本旅客鉄道",
        "line": "五日市線・青梅線",
        "passengers": 60860
      }
    },
    {
      "type": "Feature",
      "geometry": {
        "type": "Point",
        "coordinates": [
          139.3124,
          35.72594
        ]
      },
      "properties": {
        "name": "東秋留",
        "company": "東日本旅客鉄道",
        "line": "五日市線",
        "passengers": 9438
      }
    },
    {
      "type": "Feature",
      "geometry": {
        "type": "Point",
        "coordinates": [
          139.64685,
          35.42591
        ]
      },
      "properties": {
        "name": "山手",
        "company": "東日本旅客鉄道",
        "line": "根岸線",
        "passengers": 35184
      }
    },
    {
      "type": "Feature",
      "geometry": {
        "type": "Point",
        "coordinates": [
          139.6217,
          35.46467
        ]
      },
      "properties": {
        "name": "横浜",
        "company": "東日本旅客鉄道",
        "line": "根岸線・東海道線",
        "passengers": 847302
      }
    },
    {
      "type": "Feature",
      "geometry": {
        "type": "Point",
        "coordinates": [
          139.64263,
          35.43952
        ]
      },
      "properties": {
        "name": "石川町",
        "company": "東日本旅客鉄道",
        "line": "根岸線",
        "passengers": 65404
      }
    },
    {
      "type": "Feature",
      "geometry": {
        "type": "Point",
        "coordinates": [
          139.59747,
          35.37897
        ]
      },
      "properties": {
        "name": "洋光台",
        "company": "東日本旅客鉄道",
        "line": "根岸線",
        "passengers": 40690
      }
    },
    {
      "type": "Feature",
      "geometry": {
        "type": "Point",
        "coordinates": [
          139.63686,
          35.44357
        ]
      },
      "properties": {
        "name": "関内",
        "company": "東日本旅客鉄道",
        "line": "根岸線",
        "passengers": 111184
      }
    },
    {
      "type": "Feature",
      "geometry": {
        "type": "Point",
        "coordinates": [
          139.61884,
          35.38754
        ]
      },
      "properties": {
        "name": "新杉田",
        "company": "東日本旅客鉄道",
        "line": "根岸線",
        "passengers": 75564
      }
    },
    {
      "type": "Feature",
      "geometry": {
        "type": "Point",
        "coordinates": [
          139.63725,
          35.41615
        ]
      },
      "properties": {
        "name": "根岸",
        "company": "東日本旅客鉄道",
        "line": "根岸線",
        "passengers": 43896
      }
    },
    {
      "type": "Feature",
      "geometry": {
        "type": "Point",
        "coordinates": [
          139.61909,
          35.40149
        ]
      },
      "properties": {
        "name": "磯子",
        "company": "東日本旅客鉄道",
        "line": "根岸線",
        "passengers": 40564
      }
    },
    {
      "type": "Feature",
      "geometry": {
        "type": "Point",
        "coordinates": [
          139.63005,
          35.45186
        ]
      },
      "properties": {
        "name": "桜木町",
        "company": "東日本旅客鉄道",
        "line": "根岸線",
        "passengers": 142320
      }
    },
    {
      "type": "Feature",
      "geometry": {
        "type": "Point",
        "coordinates": [
          139.5512,
          35.36811
        ]
      },
      "properties": {
        "name": "本郷台",
        "company": "東日本旅客鉄道",
        "line": "根岸線",
        "passengers": 37546
      }
    },
    {
      "type": "Feature",
      "geometry": {
        "type": "Point",
        "coordinates": [
          139.532,
          35.35561
        ]
      },
      "properties": {
        "name": "大船",
        "company": "東日本旅客鉄道",
        "line": "根岸線",
        "passengers": 0
      }
    },
    {
      "type": "Feature",
      "geometry": {
        "type": "Point",
        "coordinates": [
          139.5771,
          35.37534
        ]
      },
      "properties": {
        "name": "港南台",
        "company": "東日本旅客鉄道",
        "line": "根岸線",
        "passengers": 64196
      }
    },
    {
      "type": "Feature",
      "geometry": {
        "type": "Point",
        "coordinates": [
          139.76067,
          35.73826
        ]
      },
      "properties": {
        "name": "田端",
        "company": "東日本旅客鉄道",
        "line": "山手線・東北線",
        "passengers": 94880
      }
    },
    {
      "type": "Feature",
      "geometry": {
        "type": "Point",
        "coordinates": [
          139.74144,
          35.73419
        ]
      },
      "properties": {
        "name": "巣鴨",
        "company": "東日本旅客鉄道",
        "line": "山手線",
        "passengers": 154398
      }
    },
    {
      "type": "Feature",
      "geometry": {
        "type": "Point",
        "coordinates": [
          139.74697,
          35.73634
        ]
      },
      "properties": {
        "name": "駒込",
        "company": "東日本旅客鉄道",
        "line": "山手線",
        "passengers": 99082
      }
    },
    {
      "type": "Feature",
      "geometry": {
        "type": "Point",
        "coordinates": [
          139.71167,
          35.73152
        ]
      },
      "properties": {
        "name": "池袋",
        "company": "東日本旅客鉄道",
        "line": "山手線",
        "passengers": 1133988
      }
    },
    {
      "type": "Feature",
      "geometry": {
        "type": "Point",
        "coordinates": [
          139.70423,
          35.7141
        ]
      },
      "properties": {
        "name": "高田馬場",
        "company": "東日本旅客鉄道",
        "line": "山手線",
        "passengers": 423374
      }
    },
    {
      "type": "Feature",
      "geometry": {
        "type": "Point",
        "coordinates": [
          139.7066,
          35.72145
        ]
      },
      "properties": {
        "name": "目白",
        "company": "東日本旅客鉄道",
        "line": "山手線",
        "passengers": 76380
      }
    },
    {
      "type": "Feature",
      "geometry": {
        "type": "Point",
        "coordinates": [
          139.70032,
          35.70175
        ]
      },
      "properties": {
        "name": "新大久保",
        "company": "東日本旅客鉄道",
        "line": "山手線",
        "passengers": 102876
      }
    },
    {
      "type": "Feature",
      "geometry": {
        "type": "Point",
        "coordinates": [
          139.72893,
          35.73154
        ]
      },
      "properties": {
        "name": "大塚",
        "company": "東日本旅客鉄道",
        "line": "山手線",
        "passengers": 117852
      }
    },
    {
      "type": "Feature",
      "geometry": {
        "type": "Point",
        "coordinates": [
          139.72888,
          35.61912
        ]
      },
      "properties": {
        "name": "大崎",
        "company": "東日本旅客鉄道",
        "line": "山手線",
        "passengers": 346272
      }
    },
    {
      "type": "Feature",
      "geometry": {
        "type": "Point",
        "coordinates": [
          139.72436,
          35.62526
        ]
      },
      "properties": {
        "name": "五反田",
        "company": "東日本旅客鉄道",
        "line": "山手線",
        "passengers": 282702
      }
    },
    {
      "type": "Feature",
      "geometry": {
        "type": "Point",
        "coordinates": [
          139.73863,
          35.627
        ]
      },
      "properties": {
        "name": "品川",
        "company": "東日本旅客鉄道",
        "line": "山手線・東海道線",
        "passengers": 766884
      }
    },
    {
      "type": "Feature",
      "geometry": {
        "type": "Point",
        "coordinates": [
          139.71636,
          35.63136
        ]
      },
      "properties": {
        "name": "目黒",
        "company": "東日本旅客鉄道",
        "line": "山手線",
        "passengers": 231120
      }
    },
    {
      "type": "Feature",
      "geometry": {
        "type": "Point",
        "coordinates": [
          139.71054,
          35.64593
        ]
      },
      "properties": {
        "name": "恵比寿",
        "company": "東日本旅客鉄道",
        "line": "山手線",
        "passengers": 295398
      }
    },
    {
      "type": "Feature",
      "geometry": {
        "type": "Point",
        "coordinates": [
          139.70221,
          35.65723
        ]
      },
      "properties": {
        "name": "渋谷",
        "company": "東日本旅客鉄道",
        "line": "山手線",
        "passengers": 741712
      }
    },
    {
      "type": "Feature",
      "geometry": {
        "type": "Point",
        "coordinates": [
          139.70004,
          35.69167
        ]
      },
      "properties": {
        "name": "新宿",
        "company": "東日本旅客鉄道",
        "line": "山手線",
        "passengers": 0
      }
    },
    {
      "type": "Feature",
      "geometry": {
        "type": "Point",
        "coordinates": [
          139.7006,
          35.68995
        ]
      },
      "properties": {
        "name": "新宿",
        "company": "東日本旅客鉄道",
        "line": "山手線",
        "passengers": 0
      }
    },
    {
      "type": "Feature",
      "geometry": {
        "type": "Point",
        "coordinates": [
          139.70125,
          35.6879
        ]
      },
      "properties": {
        "name": "新宿",
        "company": "東日本旅客鉄道",
        "line": "山手線",
        "passengers": 0
      }
    },
    {
      "type": "Feature",
      "geometry": {
        "type": "Point",
        "coordinates": [
          139.70203,
          35.6845
        ]
      },
      "properties": {
        "name": "代々木",
        "company": "東日本旅客鉄道",
        "line": "山手線・中央線",
        "passengers": 140958
      }
    },
    {
      "type": "Feature",
      "geometry": {
        "type": "Point",
        "coordinates": [
          139.70251,
          35.67042
        ]
      },
      "properties": {
        "name": "原宿",
        "company": "東日本旅客鉄道",
        "line": "山手線",
        "passengers": 150682
      }
    },
    {
      "type": "Feature",
      "geometry": {
        "type": "Point",
        "coordinates": [
          139.70068,
          35.69107
        ]
      },
      "properties": {
        "name": "新宿",
        "company": "東日本旅客鉄道",
        "line": "山手線",
        "passengers": 0
      }
    },
    {
      "type": "Feature",
      "geometry": {
        "type": "Point",
        "coordinates": [
          139.77196,
          35.72734
        ]
      },
      "properties": {
        "name": "日暮里",
        "company": "東日本旅客鉄道",
        "line": "常磐線・東北線",
        "passengers": 230184
      }
    },
    {
      "type": "Feature",
      "geometry": {
        "type": "Point",
        "coordinates": [
          139.79925,
          35.73366
        ]
      },
      "properties": {
        "name": "南千住",
        "company": "東日本旅客鉄道",
        "line": "常磐線",
        "passengers": 34440
      }
    },
    {
      "type": "Feature",
      "geometry": {
        "type": "Point",
        "coordinates": [
          139.80449,
          35.74835
        ]
      },
      "properties": {
        "name": "北千住",
        "company": "東日本旅客鉄道",
        "line": "常磐線",
        "passengers": 441806
      }
    },
    {
      "type": "Feature",
      "geometry": {
        "type": "Point",
        "coordinates": [
          139.77598,
          35.73354
        ]
      },
      "properties": {
        "name": "三河島",
        "company": "東日本旅客鉄道",
        "line": "常磐線",
        "passengers": 23016
      }
    },
    {
      "type": "Feature",
      "geometry": {
        "type": "Point",
        "coordinates": [
          139.41516,
          35.69803
        ]
      },
      "properties": {
        "name": "立川",
        "company": "東日本旅客鉄道",
        "line": "青梅線・中央線",
        "passengers": 337024
      }
    },
    {
      "type": "Feature",
      "geometry": {
        "type": "Point",
        "coordinates": [
          139.3944,
          35.70324
        ]
      },
      "properties": {
        "name": "西立川",
        "company": "東日本旅客鉄道",
        "line": "青梅線",
        "passengers": 13656
      }
    },
    {
      "type": "Feature",
      "geometry": {
        "type": "Point",
        "coordinates": [
          139.41599,
          35.6983
        ]
      },
      "properties": {
        "name": "立川",
        "company": "東日本旅客鉄道",
        "line": "青梅線",
        "passengers": 0
      }
    },
    {
      "type": "Feature",
      "geometry": {
        "type": "Point",
        "coordinates": [
          139.33329,
          35.73502
        ]
      },
      "properties": {
        "name": "牛浜",
        "company": "東日本旅客鉄道",
        "line": "青梅線",
        "passengers": 9192
      }
    },
    {
      "type": "Feature",
      "geometry": {
        "type": "Point",
        "coordinates": [
          139.37679,
          35.70867
        ]
      },
      "properties": {
        "name": "中神",
        "company": "東日本旅客鉄道",
        "line": "青梅線",
        "passengers": 22816
      }
    },
    {
      "type": "Feature",
      "geometry": {
        "type": "Point",
        "coordinates": [
          139.32699,
          35.7435
        ]
      },
      "properties": {
        "name": "福生",
        "company": "東日本旅客鉄道",
        "line": "青梅線",
        "passengers": 32790
      }
    },
    {
      "type": "Feature",
      "geometry": {
        "type": "Point",
        "coordinates": [
          139.3851,
          35.70612
        ]
      },
      "properties": {
        "name": "東中神",
        "company": "東日本旅客鉄道",
        "line": "青梅線",
        "passengers": 14378
      }
    },
    {
      "type": "Feature",
      "geometry": {
        "type": "Point",
        "coordinates": [
          139.36035,
          35.7136
        ]
      },
      "properties": {
        "name": "昭島",
        "company": "東日本旅客鉄道",
        "line": "青梅線",
        "passengers": 52516
      }
    },
    {
      "type": "Feature",
      "geometry": {
        "type": "Point",
        "coordinates": [
          139.71071,
          35.72896
        ]
      },
      "properties": {
        "name": "池袋",
        "company": "東日本旅客鉄道",
        "line": "赤羽線（埼京線）",
        "passengers": 0
      }
    },
    {
      "type": "Feature",
      "geometry": {
        "type": "Point",
        "coordinates": [
          139.71865,
          35.74418
        ]
      },
      "properties": {
        "name": "板橋",
        "company": "東日本旅客鉄道",
        "line": "赤羽線（埼京線）",
        "passengers": 68910
      }
    },
    {
      "type": "Feature",
      "geometry": {
        "type": "Point",
        "coordinates": [
          139.36332,
          35.55737
        ]
      },
      "properties": {
        "name": "上溝",
        "company": "東日本旅客鉄道",
        "line": "相模線",
        "passengers": 12572
      }
    },
    {
      "type": "Feature",
      "geometry": {
        "type": "Point",
        "coordinates": [
          139.36337,
          35.5451
        ]
      },
      "properties": {
        "name": "番田",
        "company": "東日本旅客鉄道",
        "line": "相模線",
        "passengers": 7076
      }
    },
    {
      "type": "Feature",
      "geometry": {
        "type": "Point",
        "coordinates": [
          139.35238,
          35.57982
        ]
      },
      "properties": {
        "name": "南橋本",
        "company": "東日本旅客鉄道",
        "line": "相模線",
        "passengers": 11188
      }
    },
    {
      "type": "Feature",
      "geometry": {
        "type": "Point",
        "coordinates": [
          139.37509,
          35.52925
        ]
      },
      "properties": {
        "name": "原当麻",
        "company": "東日本旅客鉄道",
        "line": "相模線",
        "passengers": 10328
      }
    },
    {
      "type": "Feature",
      "geometry": {
        "type": "Point",
        "coordinates": [
          139.38031,
          35.51876
        ]
      },
      "properties": {
        "name": "下溝",
        "company": "東日本旅客鉄道",
        "line": "相模線",
        "passengers": 2252
      }
    },
    {
      "type": "Feature",
      "geometry": {
        "type": "Point",
        "coordinates": [
          139.38622,
          35.49329
        ]
      },
      "properties": {
        "name": "相武台下",
        "company": "東日本旅客鉄道",
        "line": "相模線",
        "passengers": 2406
      }
    },
    {
      "type": "Feature",
      "geometry": {
        "type": "Point",
        "coordinates": [
          139.39991,
          35.35621
        ]
      },
      "properties": {
        "name": "香川",
        "company": "東日本旅客鉄道",
        "line": "相模線",
        "passengers": 10930
      }
    },
    {
      "type": "Feature",
      "geometry": {
        "type": "Point",
        "coordinates": [
          139.38022,
          35.40643
        ]
      },
      "properties": {
        "name": "門沢橋",
        "company": "東日本旅客鉄道",
        "line": "相模線",
        "passengers": 3710
      }
    },
    {
      "type": "Feature",
      "geometry": {
        "type": "Point",
        "coordinates": [
          139.37716,
          35.42074
        ]
      },
      "properties": {
        "name": "社家",
        "company": "東日本旅客鉄道",
        "line": "相模線",
        "passengers": 4058
      }
    },
    {
      "type": "Feature",
      "geometry": {
        "type": "Point",
        "coordinates": [
          139.37823,
          35.39466
        ]
      },
      "properties": {
        "name": "倉見",
        "company": "東日本旅客鉄道",
        "line": "相模線",
        "passengers": 3818
      }
    },
    {
      "type": "Feature",
      "geometry": {
        "type": "Point",
        "coordinates": [
          139.40606,
          35.33035
        ]
      },
      "properties": {
        "name": "茅ヶ崎",
        "company": "東日本旅客鉄道",
        "line": "相模線",
        "passengers": 0
      }
    },
    {
      "type": "Feature",
      "geometry": {
        "type": "Point",
        "coordinates": [
          139.40773,
          35.3392
        ]
      },
      "properties": {
        "name": "北茅ヶ崎",
        "company": "東日本旅客鉄道",
        "line": "相模線",
        "passengers": 5710
      }
    },
    {
      "type": "Feature",
      "geometry": {
        "type": "Point",
        "coordinates": [
          139.3917,
          35.47871
        ]
      },
      "properties": {
        "name": "入谷",
        "company": "東日本旅客鉄道",
        "line": "相模線",
        "passengers": 0
      }
    },
    {
      "type": "Feature",
      "geometry": {
        "type": "Point",
        "coordinates": [
          139.3797,
          35.38189
        ]
      },
      "properties": {
        "name": "宮山",
        "company": "東日本旅客鉄道",
        "line": "相模線",
        "passengers": 4456
      }
    },
    {
      "type": "Feature",
      "geometry": {
        "type": "Point",
        "coordinates": [
          139.3897,
          35.45443
        ]
      },
      "properties": {
        "name": "海老名",
        "company": "東日本旅客鉄道",
        "line": "相模線",
        "passengers": 28254
      }
    },
    {
      "type": "Feature",
      "geometry": {
        "type": "Point",
        "coordinates": [
          139.38773,
          35.3674
        ]
      },
      "properties": {
        "name": "寒川",
        "company": "東日本旅客鉄道",
        "line": "相模線",
        "passengers": 13876
      }
    },
    {
      "type": "Feature",
      "geometry": {
        "type": "Point",
        "coordinates": [
          139.37864,
          35.44414
        ]
      },
      "properties": {
        "name": "厚木",
        "company": "東日本旅客鉄道",
        "line": "相模線",
        "passengers": 34177
      }
    },
    {
      "type": "Feature",
      "geometry": {
        "type": "Point",
        "coordinates": [
          139.76372,
          35.69995
        ]
      },
      "properties": {
        "name": "御茶ノ水",
        "company": "東日本旅客鉄道",
        "line": "総武線・中央線",
        "passengers": 211780
      }
    },
    {
      "type": "Feature",
      "geometry": {
        "type": "Point",
        "coordinates": [
          139.7831,
          35.6975
        ]
      },
      "properties": {
        "name": "浅草橋",
        "company": "東日本旅客鉄道",
        "line": "総武線",
        "passengers": 110122
      }
    },
    {
      "type": "Feature",
      "geometry": {
        "type": "Point",
        "coordinates": [
          139.81294,
          35.69666
        ]
      },
      "properties": {
        "name": "錦糸町",
        "company": "東日本旅客鉄道",
        "line": "総武線",
        "passengers": 211338
      }
    },
    {
      "type": "Feature",
      "geometry": {
        "type": "Point",
        "coordinates": [
          139.82534,
          35.69729
        ]
      },
      "properties": {
        "name": "亀戸",
        "company": "東日本旅客鉄道",
        "line": "総武線",
        "passengers": 116552
      }
    },
    {
      "type": "Feature",
      "geometry": {
        "type": "Point",
        "coordinates": [
          139.84158,
          35.70595
        ]
      },
      "properties": {
        "name": "平井",
        "company": "東日本旅客鉄道",
        "line": "総武線",
        "passengers": 67358
      }
    },
    {
      "type": "Feature",
      "geometry": {
        "type": "Point",
        "coordinates": [
          139.77449,
          35.6982
        ]
      },
      "properties": {
        "name": "秋葉原",
        "company": "東日本旅客鉄道",
        "line": "総武線",
        "passengers": 504534
      }
    },
    {
      "type": "Feature",
      "geometry": {
        "type": "Point",
        "coordinates": [
          139.76491,
          35.68098
        ]
      },
      "properties": {
        "name": "東京",
        "company": "東日本旅客鉄道",
        "line": "総武線・東海道線",
        "passengers": 0
      }
    },
    {
      "type": "Feature",
      "geometry": {
        "type": "Point",
        "coordinates": [
          139.79221,
          35.69584
        ]
      },
      "properties": {
        "name": "両国",
        "company": "東日本旅客鉄道",
        "line": "総武線",
        "passengers": 79724
      }
    },
    {
      "type": "Feature",
      "geometry": {
        "type": "Point",
        "coordinates": [
          139.78158,
          35.69271
        ]
      },
      "properties": {
        "name": "馬喰町",
        "company": "東日本旅客鉄道",
        "line": "総武線",
        "passengers": 52384
      }
    },
    {
      "type": "Feature",
      "geometry": {
        "type": "Point",
        "coordinates": [
          139.7733,
          35.68873
        ]
      },
      "properties": {
        "name": "新日本橋",
        "company": "東日本旅客鉄道",
        "line": "総武線",
        "passengers": 38658
      }
    },
    {
      "type": "Feature",
      "geometry": {
        "type": "Point",
        "coordinates": [
          139.75255,
          35.70209
        ]
      },
      "properties": {
        "name": "水道橋",
        "company": "東日本旅客鉄道",
        "line": "中央線",
        "passengers": 166716
      }
    },
    {
      "type": "Feature",
      "geometry": {
        "type": "Point",
        "coordinates": [
          139.74574,
          35.70219
        ]
      },
      "properties": {
        "name": "飯田橋",
        "company": "東日本旅客鉄道",
        "line": "中央線",
        "passengers": 185976
      }
    },
    {
      "type": "Feature",
      "geometry": {
        "type": "Point",
        "coordinates": [
          139.66688,
          35.70579
        ]
      },
      "properties": {
        "name": "中野",
        "company": "東日本旅客鉄道",
        "line": "中央線",
        "passengers": 301772
      }
    },
    {
      "type": "Feature",
      "geometry": {
        "type": "Point",
        "coordinates": [
          139.68626,
          35.70628
        ]
      },
      "properties": {
        "name": "東中野",
        "company": "東日本旅客鉄道",
        "line": "中央線",
        "passengers": 82468
      }
    },
    {
      "type": "Feature",
      "geometry": {
        "type": "Point",
        "coordinates": [
          139.57861,
          35.70311
        ]
      },
      "properties": {
        "name": "吉祥寺",
        "company": "東日本旅客鉄道",
        "line": "中央線",
        "passengers": 287370
      }
    },
    {
      "type": "Feature",
      "geometry": {
        "type": "Point",
        "coordinates": [
          139.59833,
          35.70373
        ]
      },
      "properties": {
        "name": "西荻窪",
        "company": "東日本旅客鉄道",
        "line": "中央線",
        "passengers": 91556
      }
    },
    {
      "type": "Feature",
      "geometry": {
        "type": "Point",
        "coordinates": [
          139.61898,
          35.7044
        ]
      },
      "properties": {
        "name": "荻窪",
        "company": "東日本旅客鉄道",
        "line": "中央線",
        "passengers": 181430
      }
    },
    {
      "type": "Feature",
      "geometry": {
        "type": "Point",
        "coordinates": [
          139.63722,
          35.70491
        ]
      },
      "properties": {
        "name": "阿佐ヶ谷",
        "company": "東日本旅客鉄道",
        "line": "中央線",
        "passengers": 92178
      }
    },
    {
      "type": "Feature",
      "geometry": {
        "type": "Point",
        "coordinates": [
          139.65078,
          35.70536
        ]
      },
      "properties": {
        "name": "高円寺",
        "company": "東日本旅客鉄道",
        "line": "中央線",
        "passengers": 103526
      }
    },
    {
      "type": "Feature",
      "geometry": {
        "type": "Point",
        "coordinates": [
          139.69801,
          35.69978
        ]
      },
      "properties": {
        "name": "大久保",
        "company": "東日本旅客鉄道",
        "line": "中央線",
        "passengers": 56700
      }
    },
    {
      "type": "Feature",
      "geometry": {
        "type": "Point",
        "coordinates": [
          139.77054,
          35.69096
        ]
      },
      "properties": {
        "name": "神田",
        "company": "東日本旅客鉄道",
        "line": "中央線・東北線",
        "passengers": 212182
      }
    },
    {
      "type": "Feature",
      "geometry": {
        "type": "Point",
        "coordinates": [
          139.73087,
          35.68661
        ]
      },
      "properties": {
        "name": "四ツ谷",
        "company": "東日本旅客鉄道",
        "line": "中央線",
        "passengers": 197262
      }
    },
    {
      "type": "Feature",
      "geometry": {
        "type": "Point",
        "coordinates": [
          139.73593,
          35.69152
        ]
      },
      "properties": {
        "name": "市ヶ谷",
        "company": "東日本旅客鉄道",
        "line": "中央線",
        "passengers": 126132
      }
    },
    {
      "type": "Feature",
      "geometry": {
        "type": "Point",
        "coordinates": [
          139.72241,
          35.67987
        ]
      },
      "properties": {
        "name": "信濃町",
        "company": "東日本旅客鉄道",
        "line": "中央線",
        "passengers": 52516
      }
    },
    {
      "type": "Feature",
      "geometry": {
        "type": "Point",
        "coordinates": [
          139.70055,
          35.68931
        ]
      },
      "properties": {
        "name": "新宿",
        "company": "東日本旅客鉄道",
        "line": "中央線",
        "passengers": 1578732
      }
    },
    {
      "type": "Feature",
      "geometry": {
        "type": "Point",
        "coordinates": [
          139.71279,
          35.68101
        ]
      },
      "properties": {
        "name": "千駄ヶ谷",
        "company": "東日本旅客鉄道",
        "line": "中央線",
        "passengers": 34536
      }
    },
    {
      "type": "Feature",
      "geometry": {
        "type": "Point",
        "coordinates": [
          139.3401,
          35.65527
        ]
      },
      "properties": {
        "name": "八王子",
        "company": "東日本旅客鉄道",
        "line": "中央線・八高線",
        "passengers": 170006
      }
    },
    {
      "type": "Feature",
      "geometry": {
        "type": "Point",
        "coordinates": [
          139.48235,
          35.70018
        ]
      },
      "properties": {
        "name": "国分寺",
        "company": "東日本旅客鉄道",
        "line": "中央線",
        "passengers": 226736
      }
    },
    {
      "type": "Feature",
      "geometry": {
        "type": "Point",
        "coordinates": [
          139.4671,
          35.69978
        ]
      },
      "properties": {
        "name": "西国分寺",
        "company": "東日本旅客鉄道",
        "line": "中央線",
        "passengers": 59856
      }
    },
    {
      "type": "Feature",
      "geometry": {
        "type": "Point",
        "coordinates": [
          139.54228,
          35.70204
        ]
      },
      "properties": {
        "name": "武蔵境",
        "company": "東日本旅客鉄道",
        "line": "中央線",
        "passengers": 137970
      }
    },
    {
      "type": "Feature",
      "geometry": {
        "type": "Point",
        "coordinates": [
          139.52247,
          35.70152
        ]
      },
      "properties": {
        "name": "東小金井",
        "company": "東日本旅客鉄道",
        "line": "中央線",
        "passengers": 63106
      }
    },
    {
      "type": "Feature",
      "geometry": {
        "type": "Point",
        "coordinates": [
          139.00476,
          35.6081
        ]
      },
      "properties": {
        "name": "鳥沢",
        "company": "東日本旅客鉄道",
        "line": "中央線",
        "passengers": 1808
      }
    },
    {
      "type": "Feature",
      "geometry": {
        "type": "Point",
        "coordinates": [
          139.50481,
          35.70097
        ]
      },
      "properties": {
        "name": "武蔵小金井",
        "company": "東日本旅客鉄道",
        "line": "中央線",
        "passengers": 125156
      }
    },
    {
      "type": "Feature",
      "geometry": {
        "type": "Point",
        "coordinates": [
          139.11653,
          35.61899
        ]
      },
      "properties": {
        "name": "上野原",
        "company": "東日本旅客鉄道",
        "line": "中央線",
        "passengers": 9992
      }
    },
    {
      "type": "Feature",
      "geometry": {
        "type": "Point",
        "coordinates": [
          138.94406,
          35.61387
        ]
      },
      "properties": {
        "name": "大月",
        "company": "東日本旅客鉄道",
        "line": "中央線",
        "passengers": 10742
      }
    },
    {
      "type": "Feature",
      "geometry": {
        "type": "Point",
        "coordinates": [
          139.15063,
          35.61607
        ]
      },
      "properties": {
        "name": "藤野",
        "company": "東日本旅客鉄道",
        "line": "中央線",
        "passengers": 4530
      }
    },
    {
      "type": "Feature",
      "geometry": {
        "type": "Point",
        "coordinates": [
          139.31299,
          35.65681
        ]
      },
      "properties": {
        "name": "西八王子",
        "company": "東日本旅客鉄道",
        "line": "中央線",
        "passengers": 64432
      }
    },
    {
      "type": "Feature",
      "geometry": {
        "type": "Point",
        "coordinates": [
          139.44773,
          35.69923
        ]
      },
      "properties": {
        "name": "国立",
        "company": "東日本旅客鉄道",
        "line": "中央線",
        "passengers": 108098
      }
    },
    {
      "type": "Feature",
      "geometry": {
        "type": "Point",
        "coordinates": [
          139.07494,
          35.6142
        ]
      },
      "properties": {
        "name": "四方津",
        "company": "東日本旅客鉄道",
        "line": "中央線",
        "passengers": 3234
      }
    },
    {
      "type": "Feature",
      "geometry": {
        "type": "Point",
        "coordinates": [
          139.38049,
          35.65882
        ]
      },
      "properties": {
        "name": "豊田",
        "company": "東日本旅客鉄道",
        "line": "中央線",
        "passengers": 70664
      }
    },
    {
      "type": "Feature",
      "geometry": {
        "type": "Point",
        "coordinates": [
          139.03828,
          35.60542
        ]
      },
      "properties": {
        "name": "梁川",
        "company": "東日本旅客鉄道",
        "line": "中央線",
        "passengers": 0
      }
    },
    {
      "type": "Feature",
      "geometry": {
        "type": "Point",
        "coordinates": [
          139.18743,
          35.61761
        ]
      },
      "properties": {
        "name": "相模湖",
        "company": "東日本旅客鉄道",
        "line": "中央線",
        "passengers": 4430
      }
    },
    {
      "type": "Feature",
      "geometry": {
        "type": "Point",
        "coordinates": [
          139.28394,
          35.64283
        ]
      },
      "properties": {
        "name": "高尾",
        "company": "東日本旅客鉄道",
        "line": "中央線",
        "passengers": 57742
      }
    },
    {
      "type": "Feature",
      "geometry": {
        "type": "Point",
        "coordinates": [
          138.96983,
          35.61341
        ]
      },
      "properties": {
        "name": "猿橋",
        "company": "東日本旅客鉄道",
        "line": "中央線",
        "passengers": 2568
      }
    },
    {
      "type": "Feature",
      "geometry": {
        "type": "Point",
        "coordinates": [
          139.55959,
          35.70268
        ]
      },
      "properties": {
        "name": "三鷹",
        "company": "東日本旅客鉄道",
        "line": "中央線",
        "passengers": 197414
      }
    },
    {
      "type": "Feature",
      "geometry": {
        "type": "Point",
        "coordinates": [
          139.39383,
          35.67931
        ]
      },
      "properties": {
        "name": "日野",
        "company": "東日本旅客鉄道",
        "line": "中央線",
        "passengers": 54514
      }
    },
    {
      "type": "Feature",
      "geometry": {
        "type": "Point",
        "coordinates": [
          139.67583,
          35.50822
        ]
      },
      "properties": {
        "name": "鶴見",
        "company": "東日本旅客鉄道",
        "line": "鶴見線",
        "passengers": 162112
      }
    },
    {
      "type": "Feature",
      "geometry": {
        "type": "Point",
        "coordinates": [
          139.68097,
          35.49733
        ]
      },
      "properties": {
        "name": "鶴見小野",
        "company": "東日本旅客鉄道",
        "line": "鶴見線",
        "passengers": 0
      }
    },
    {
      "type": "Feature",
      "geometry": {
        "type": "Point",
        "coordinates": [
          139.7223,
          35.50145
        ]
      },
      "properties": {
        "name": "扇町",
        "company": "東日本旅客鉄道",
        "line": "鶴見線",
        "passengers": 0
      }
    },
    {
      "type": "Feature",
      "geometry": {
        "type": "Point",
        "coordinates": [
          139.71309,
          35.50954
        ]
      },
      "properties": {
        "name": "浜川崎",
        "company": "東日本旅客鉄道",
        "line": "鶴見線・南武線",
        "passengers": 0
      }
    },
    {
      "type": "Feature",
      "geometry": {
        "type": "Point",
        "coordinates": [
          139.70088,
          35.4997
        ]
      },
      "properties": {
        "name": "安善",
        "company": "東日本旅客鉄道",
        "line": "鶴見線",
        "passengers": 0
      }
    },
    {
      "type": "Feature",
      "geometry": {
        "type": "Point",
        "coordinates": [
          139.69003,
          35.49592
        ]
      },
      "properties": {
        "name": "弁天橋",
        "company": "東日本旅客鉄道",
        "line": "鶴見線",
        "passengers": 0
      }
    },
    {
      "type": "Feature",
      "geometry": {
        "type": "Point",
        "coordinates": [
          139.71157,
          35.49514
        ]
      },
      "properties": {
        "name": "大川",
        "company": "東日本旅客鉄道",
        "line": "鶴見線",
        "passengers": 0
      }
    },
    {
      "type": "Feature",
      "geometry": {
        "type": "Point",
        "coordinates": [
          139.7004,
          35.4915
        ]
      },
      "properties": {
        "name": "新芝浦",
        "company": "東日本旅客鉄道",
        "line": "鶴見線",
        "passengers": 0
      }
    },
    {
      "type": "Feature",
      "geometry": {
        "type": "Point",
        "coordinates": [
          139.72381,
          35.5072
        ]
      },
      "properties": {
        "name": "昭和",
        "company": "東日本旅客鉄道",
        "line": "鶴見線",
        "passengers": 0
      }
    },
    {
      "type": "Feature",
      "geometry": {
        "type": "Point",
        "coordinates": [
          139.69598,
          35.49771
        ]
      },
      "properties": {
        "name": "浅野",
        "company": "東日本旅客鉄道",
        "line": "鶴見線",
        "passengers": 0
      }
    },
    {
      "type": "Feature",
      "geometry": {
        "type": "Point",
        "coordinates": [
          139.67597,
          35.50057
        ]
      },
      "properties": {
        "name": "国道",
        "company": "東日本旅客鉄道",
        "line": "鶴見線",
        "passengers": 0
      }
    },
    {
      "type": "Feature",
      "geometry": {
        "type": "Point",
        "coordinates": [
          139.69542,
          35.49731
        ]
      },
      "properties": {
        "name": "浅野",
        "company": "東日本旅客鉄道",
        "line": "鶴見線",
        "passengers": 0
      }
    },
    {
      "type": "Feature",
      "geometry": {
        "type": "Point",
        "coordinates": [
          139.70619,
          35.50181
        ]
      },
      "properties": {
        "name": "武蔵白石",
        "company": "東日本旅客鉄道",
        "line": "鶴見線",
        "passengers": 0
      }
    },
    {
      "type": "Feature",
      "geometry": {
        "type": "Point",
        "coordinates": [
          139.70029,
          35.48597
        ]
      },
      "properties": {
        "name": "海芝浦",
        "company": "東日本旅客鉄道",
        "line": "鶴見線",
        "passengers": 0
      }
    },
    {
      "type": "Feature",
      "geometry": {
        "type": "Point",
        "coordinates": [
          139.75814,
          35.6672
        ]
      },
      "properties": {
        "name": "新橋",
        "company": "東日本旅客鉄道",
        "line": "東海道線",
        "passengers": 0
      }
    },
    {
      "type": "Feature",
      "geometry": {
        "type": "Point",
        "coordinates": [
          139.7277,
          35.58823
        ]
      },
      "properties": {
        "name": "大森",
        "company": "東日本旅客鉄道",
        "line": "東海道線",
        "passengers": 193944
      }
    },
    {
      "type": "Feature",
      "geometry": {
        "type": "Point",
        "coordinates": [
          139.75728,
          35.65614
        ]
      },
      "properties": {
        "name": "浜松町",
        "company": "東日本旅客鉄道",
        "line": "東海道線",
        "passengers": 324286
      }
    },
    {
      "type": "Feature",
      "geometry": {
        "type": "Point",
        "coordinates": [
          139.74824,
          35.64611
        ]
      },
      "properties": {
        "name": "田町",
        "company": "東日本旅客鉄道",
        "line": "東海道線",
        "passengers": 312728
      }
    },
    {
      "type": "Feature",
      "geometry": {
        "type": "Point",
        "coordinates": [
          139.76778,
          35.68294
        ]
      },
      "properties": {
        "name": "東京",
        "company": "東日本旅客鉄道",
        "line": "東海道線・東北新幹線・東北線",
        "passengers": 0
      }
    },
    {
      "type": "Feature",
      "geometry": {
        "type": "Point",
        "coordinates": [
          139.76663,
          35.67955
        ]
      },
      "properties": {
        "name": "東京",
        "company": "東日本旅客鉄道",
        "line": "東海道線・東北線",
        "passengers": 0
      }
    },
    {
      "type": "Feature",
      "geometry": {
        "type": "Point",
        "coordinates": [
          139.72124,
          35.60085
        ]
      },
      "properties": {
        "name": "西大井",
        "company": "東日本旅客鉄道",
        "line": "東海道線",
        "passengers": 31666
      }
    },
    {
      "type": "Feature",
      "geometry": {
        "type": "Point",
        "coordinates": [
          139.7588,
          35.66539
        ]
      },
      "properties": {
        "name": "新橋",
        "company": "東日本旅客鉄道",
        "line": "東海道線",
        "passengers": 563942
      }
    },
    {
      "type": "Feature",
      "geometry": {
        "type": "Point",
        "coordinates": [
          139.73491,
          35.6059
        ]
      },
      "properties": {
        "name": "大井町",
        "company": "東日本旅客鉄道",
        "line": "東海道線",
        "passengers": 211676
      }
    },
    {
      "type": "Feature",
      "geometry": {
        "type": "Point",
        "coordinates": [
          139.73936,
          35.62764
        ]
      },
      "properties": {
        "name": "品川",
        "company": "東日本旅客鉄道",
        "line": "東海道線",
        "passengers": 0
      }
    },
    {
      "type": "Feature",
      "geometry": {
        "type": "Point",
        "coordinates": [
          139.76716,
          35.68228
        ]
      },
      "properties": {
        "name": "東京",
        "company": "東日本旅客鉄道",
        "line": "東海道線・東北線",
        "passengers": 934330
      }
    },
    {
      "type": "Feature",
      "geometry": {
        "type": "Point",
        "coordinates": [
          139.76254,
          35.67448
        ]
      },
      "properties": {
        "name": "有楽町",
        "company": "東日本旅客鉄道",
        "line": "東海道線",
        "passengers": 346006
      }
    },
    {
      "type": "Feature",
      "geometry": {
        "type": "Point",
        "coordinates": [
          139.69758,
          35.532
        ]
      },
      "properties": {
        "name": "川崎",
        "company": "東日本旅客鉄道",
        "line": "東海道線・南武線",
        "passengers": 429202
      }
    },
    {
      "type": "Feature",
      "geometry": {
        "type": "Point",
        "coordinates": [
          139.67088,
          35.55309
        ]
      },
      "properties": {
        "name": "新川崎",
        "company": "東日本旅客鉄道",
        "line": "東海道線",
        "passengers": 58814
      }
    },
    {
      "type": "Feature",
      "geometry": {
        "type": "Point",
        "coordinates": [
          139.65298,
          35.48629
        ]
      },
      "properties": {
        "name": "新子安",
        "company": "東日本旅客鉄道",
        "line": "東海道線",
        "passengers": 47684
      }
    },
    {
      "type": "Feature",
      "geometry": {
        "type": "Point",
        "coordinates": [
          139.67649,
          35.50958
        ]
      },
      "properties": {
        "name": "鶴見",
        "company": "東日本旅客鉄道",
        "line": "東海道線",
        "passengers": 0
      }
    },
    {
      "type": "Feature",
      "geometry": {
        "type": "Point",
        "coordinates": [
          139.71637,
          35.56335
        ]
      },
      "properties": {
        "name": "蒲田",
        "company": "東日本旅客鉄道",
        "line": "東海道線",
        "passengers": 292674
      }
    },
    {
      "type": "Feature",
      "geometry": {
        "type": "Point",
        "coordinates": [
          139.62133,
          35.46475
        ]
      },
      "properties": {
        "name": "横浜",
        "company": "東日本旅客鉄道",
        "line": "東海道線",
        "passengers": 0
      }
    },
    {
      "type": "Feature",
      "geometry": {
        "type": "Point",
        "coordinates": [
          139.59907,
          35.44598
        ]
      },
      "properties": {
        "name": "保土ヶ谷",
        "company": "東日本旅客鉄道",
        "line": "東海道線",
        "passengers": 68730
      }
    },
    {
      "type": "Feature",
      "geometry": {
        "type": "Point",
        "coordinates": [
          139.2129,
          35.28106
        ]
      },
      "properties": {
        "name": "国府津",
        "company": "東日本旅客鉄道",
        "line": "東海道線",
        "passengers": 12000
      }
    },
    {
      "type": "Feature",
      "geometry": {
        "type": "Point",
        "coordinates": [
          139.07967,
          35.10512
        ]
      },
      "properties": {
        "name": "熱海",
        "company": "東日本旅客鉄道",
        "line": "東海道線",
        "passengers": 21506
      }
    },
    {
      "type": "Feature",
      "geometry": {
        "type": "Point",
        "coordinates": [
          139.53392,
          35.4017
        ]
      },
      "properties": {
        "name": "戸塚",
        "company": "東日本旅客鉄道",
        "line": "東海道線",
        "passengers": 225212
      }
    },
    {
      "type": "Feature",
      "geometry": {
        "type": "Point",
        "coordinates": [
          139.35082,
          35.32798
        ]
      },
      "properties": {
        "name": "平塚",
        "company": "東日本旅客鉄道",
        "line": "東海道線",
        "passengers": 123614
      }
    },
    {
      "type": "Feature",
      "geometry": {
        "type": "Point",
        "coordinates": [
          139.31471,
          35.31237
        ]
      },
      "properties": {
        "name": "大磯",
        "company": "東日本旅客鉄道",
        "line": "東海道線",
        "passengers": 16472
      }
    },
    {
      "type": "Feature",
      "geometry": {
        "type": "Point",
        "coordinates": [
          139.14558,
          35.24005
        ]
      },
      "properties": {
        "name": "早川",
        "company": "東日本旅客鉄道",
        "line": "東海道線",
        "passengers": 2704
      }
    },
    {
      "type": "Feature",
      "geometry": {
        "type": "Point",
        "coordinates": [
          139.44401,
          35.33674
        ]
      },
      "properties": {
        "name": "辻堂",
        "company": "東日本旅客鉄道",
        "line": "東海道線",
        "passengers": 118850
      }
    },
    {
      "type": "Feature",
      "geometry": {
        "type": "Point",
        "coordinates": [
          139.4096,
          35.33122
        ]
      },
      "properties": {
        "name": "茅ヶ崎",
        "company": "東日本旅客鉄道",
        "line": "東海道線",
        "passengers": 113038
      }
    },
    {
      "type": "Feature",
      "geometry": {
        "type": "Point",
        "coordinates": [
          139.55652,
          35.42876
        ]
      },
      "properties": {
        "name": "東戸塚",
        "company": "東日本旅客鉄道",
        "line": "東海道線",
        "passengers": 118658
      }
    },
    {
      "type": "Feature",
      "geometry": {
        "type": "Point",
        "coordinates": [
          139.53164,
          35.35542
        ]
      },
      "properties": {
        "name": "大船",
        "company": "東日本旅客鉄道",
        "line": "東海道線",
        "passengers": 199888
      }
    },
    {
      "type": "Feature",
      "geometry": {
        "type": "Point",
        "coordinates": [
          139.258,
          35.29917
        ]
      },
      "properties": {
        "name": "二宮",
        "company": "東日本旅客鉄道",
        "line": "東海道線",
        "passengers": 26928
      }
    },
    {
      "type": "Feature",
      "geometry": {
        "type": "Point",
        "coordinates": [
          139.15489,
          35.25486
        ]
      },
      "properties": {
        "name": "小田原",
        "company": "東日本旅客鉄道",
        "line": "東海道線",
        "passengers": 68520
      }
    },
    {
      "type": "Feature",
      "geometry": {
        "type": "Point",
        "coordinates": [
          139.13947,
          35.20386
        ]
      },
      "properties": {
        "name": "根府川",
        "company": "東日本旅客鉄道",
        "line": "東海道線",
        "passengers": 0
      }
    },
    {
      "type": "Feature",
      "geometry": {
        "type": "Point",
        "coordinates": [
          139.17833,
          35.27543
        ]
      },
      "properties": {
        "name": "鴨宮",
        "company": "東日本旅客鉄道",
        "line": "東海道線",
        "passengers": 25176
      }
    },
    {
      "type": "Feature",
      "geometry": {
        "type": "Point",
        "coordinates": [
          139.10386,
          35.1469
        ]
      },
      "properties": {
        "name": "湯河原",
        "company": "東日本旅客鉄道",
        "line": "東海道線",
        "passengers": 11984
      }
    },
    {
      "type": "Feature",
      "geometry": {
        "type": "Point",
        "coordinates": [
          139.48473,
          35.33876
        ]
      },
      "properties": {
        "name": "藤沢",
        "company": "東日本旅客鉄道",
        "line": "東海道線",
        "passengers": 219234
      }
    },
    {
      "type": "Feature",
      "geometry": {
        "type": "Point",
        "coordinates": [
          139.13102,
          35.15599
        ]
      },
      "properties": {
        "name": "真鶴",
        "company": "東日本旅客鉄道",
        "line": "東海道線",
        "passengers": 6596
      }
    },
    {
      "type": "Feature",
      "geometry": {
        "type": "Point",
        "coordinates": [
          139.77802,
          35.71432
        ]
      },
      "properties": {
        "name": "上野",
        "company": "東日本旅客鉄道",
        "line": "東北新幹線",
        "passengers": 0
      }
    },
    {
      "type": "Feature",
      "geometry": {
        "type": "Point",
        "coordinates": [
          139.77313,
          35.69743
        ]
      },
      "properties": {
        "name": "秋葉原",
        "company": "東日本旅客鉄道",
        "line": "東北線",
        "passengers": 0
      }
    },
    {
      "type": "Feature",
      "geometry": {
        "type": "Point",
        "coordinates": [
          139.76626,
          35.73289
        ]
      },
      "properties": {
        "name": "西日暮里",
        "company": "東日本旅客鉄道",
        "line": "東北線",
        "passengers": 201880
      }
    },
    {
      "type": "Feature",
      "geometry": {
        "type": "Point",
        "coordinates": [
          139.77664,
          35.71439
        ]
      },
      "properties": {
        "name": "上野",
        "company": "東日本旅客鉄道",
        "line": "東北線",
        "passengers": 0
      }
    },
    {
      "type": "Feature",
      "geometry": {
        "type": "Point",
        "coordinates": [
          139.77573,
          35.71239
        ]
      },
      "properties": {
        "name": "上野",
        "company": "東日本旅客鉄道",
        "line": "東北線",
        "passengers": 376340
      }
    },
    {
      "type": "Feature",
      "geometry": {
        "type": "Point",
        "coordinates": [
          139.77317,
          35.69935
        ]
      },
      "properties": {
        "name": "秋葉原",
        "company": "東日本旅客鉄道",
        "line": "東北線",
        "passengers": 0
      }
    },
    {
      "type": "Feature",
      "geometry": {
        "type": "Point",
        "coordinates": [
          139.77832,
          35.71559
        ]
      },
      "properties": {
        "name": "上野",
        "company": "東日本旅客鉄道",
        "line": "東北線",
        "passengers": 0
      }
    },
    {
      "type": "Feature",
      "geometry": {
        "type": "Point",
        "coordinates": [
          139.77015,
          35.72799
        ]
      },
      "properties": {
        "name": "日暮里",
        "company": "東日本旅客鉄道",
        "line": "東北線",
        "passengers": 0
      }
    },
    {
      "type": "Feature",
      "geometry": {
        "type": "Point",
        "coordinates": [
          139.75265,
          35.74732
        ]
      },
      "properties": {
        "name": "尾久",
        "company": "東日本旅客鉄道",
        "line": "東北線",
        "passengers": 20000
      }
    },
    {
      "type": "Feature",
      "geometry": {
        "type": "Point",
        "coordinates": [
          139.7766,
          35.71262
        ]
      },
      "properties": {
        "name": "上野",
        "company": "東日本旅客鉄道",
        "line": "東北線",
        "passengers": 0
      }
    },
    {
      "type": "Feature",
      "geometry": {
        "type": "Point",
        "coordinates": [
          139.77457,
          35.70632
        ]
      },
      "properties": {
        "name": "御徒町",
        "company": "東日本旅客鉄道",
        "line": "東北線",
        "passengers": 141074
      }
    },
    {
      "type": "Feature",
      "geometry": {
        "type": "Point",
        "coordinates": [
          139.77741,
          35.72206
        ]
      },
      "properties": {
        "name": "鶯谷",
        "company": "東日本旅客鉄道",
        "line": "東北線",
        "passengers": 52296
      }
    },
    {
      "type": "Feature",
      "geometry": {
        "type": "Point",
        "coordinates": [
          139.74475,
          35.74773
        ]
      },
      "properties": {
        "name": "上中里",
        "company": "東日本旅客鉄道",
        "line": "東北線",
        "passengers": 16124
      }
    },
    {
      "type": "Feature",
      "geometry": {
        "type": "Point",
        "coordinates": [
          139.85,
          35.09214
        ]
      },
      "properties": {
        "name": "岩井",
        "company": "東日本旅客鉄道",
        "line": "内房線",
        "passengers": 526
      }
    },
    {
      "type": "Feature",
      "geometry": {
        "type": "Point",
        "coordinates": [
          139.83859,
          35.14086
        ]
      },
      "properties": {
        "name": "保田",
        "company": "東日本旅客鉄道",
        "line": "内房線",
        "passengers": 500
      }
    },
    {
      "type": "Feature",
      "geometry": {
        "type": "Point",
        "coordinates": [
          139.83091,
          35.1981
        ]
      },
      "properties": {
        "name": "竹岡",
        "company": "東日本旅客鉄道",
        "line": "内房線",
        "passengers": 0
      }
    },
    {
      "type": "Feature",
      "geometry": {
        "type": "Point",
        "coordinates": [
          139.82331,
          35.16766
        ]
      },
      "properties": {
        "name": "浜金谷",
        "company": "東日本旅客鉄道",
        "line": "内房線",
        "passengers": 550
      }
    },
    {
      "type": "Feature",
      "geometry": {
        "type": "Point",
        "coordinates": [
          139.83374,
          35.11322
        ]
      },
      "properties": {
        "name": "安房勝山",
        "company": "東日本旅客鉄道",
        "line": "内房線",
        "passengers": 574
      }
    },
    {
      "type": "Feature",
      "geometry": {
        "type": "Point",
        "coordinates": [
          139.60136,
          35.60328
        ]
      },
      "properties": {
        "name": "津田山",
        "company": "東日本旅客鉄道",
        "line": "南武線",
        "passengers": 7642
      }
    },
    {
      "type": "Feature",
      "geometry": {
        "type": "Point",
        "coordinates": [
          139.58022,
          35.61515
        ]
      },
      "properties": {
        "name": "宿河原",
        "company": "東日本旅客鉄道",
        "line": "南武線",
        "passengers": 16446
      }
    },
    {
      "type": "Feature",
      "geometry": {
        "type": "Point",
        "coordinates": [
          139.63035,
          35.58688
        ]
      },
      "properties": {
        "name": "武蔵新城",
        "company": "東日本旅客鉄道",
        "line": "南武線",
        "passengers": 74664
      }
    },
    {
      "type": "Feature",
      "geometry": {
        "type": "Point",
        "coordinates": [
          139.59383,
          35.60967
        ]
      },
      "properties": {
        "name": "久地",
        "company": "東日本旅客鉄道",
        "line": "南武線",
        "passengers": 28648
      }
    },
    {
      "type": "Feature",
      "geometry": {
        "type": "Point",
        "coordinates": [
          139.6122,
          35.59818
        ]
      },
      "properties": {
        "name": "武蔵溝ノ口",
        "company": "東日本旅客鉄道",
        "line": "南武線",
        "passengers": 172692
      }
    },
    {
      "type": "Feature",
      "geometry": {
        "type": "Point",
        "coordinates": [
          139.68401,
          35.53158
        ]
      },
      "properties": {
        "name": "尻手",
        "company": "東日本旅客鉄道",
        "line": "南武線",
        "passengers": 29774
      }
    },
    {
      "type": "Feature",
      "geometry": {
        "type": "Point",
        "coordinates": [
          139.67094,
          35.56098
        ]
      },
      "properties": {
        "name": "平間",
        "company": "東日本旅客鉄道",
        "line": "南武線",
        "passengers": 29558
      }
    },
    {
      "type": "Feature",
      "geometry": {
        "type": "Point",
        "coordinates": [
          139.68017,
          35.53996
        ]
      },
      "properties": {
        "name": "矢向",
        "company": "東日本旅客鉄道",
        "line": "南武線",
        "passengers": 37972
      }
    },
    {
      "type": "Feature",
      "geometry": {
        "type": "Point",
        "coordinates": [
          139.69886,
          35.51859
        ]
      },
      "properties": {
        "name": "川崎新町",
        "company": "東日本旅客鉄道",
        "line": "南武線",
        "passengers": 5640
      }
    },
    {
      "type": "Feature",
      "geometry": {
        "type": "Point",
        "coordinates": [
          139.69099,
          35.52323
        ]
      },
      "properties": {
        "name": "八丁畷",
        "company": "東日本旅客鉄道",
        "line": "南武線",
        "passengers": 19446
      }
    },
    {
      "type": "Feature",
      "geometry": {
        "type": "Point",
        "coordinates": [
          139.66714,
          35.57271
        ]
      },
      "properties": {
        "name": "向河原",
        "company": "東日本旅客鉄道",
        "line": "南武線",
        "passengers": 25626
      }
    },
    {
      "type": "Feature",
      "geometry": {
        "type": "Point",
        "coordinates": [
          139.65925,
          35.57658
        ]
      },
      "properties": {
        "name": "武蔵小杉",
        "company": "東日本旅客鉄道",
        "line": "南武線",
        "passengers": 261504
      }
    },
    {
      "type": "Feature",
      "geometry": {
        "type": "Point",
        "coordinates": [
          139.67481,
          35.55183
        ]
      },
      "properties": {
        "name": "鹿島田",
        "company": "東日本旅客鉄道",
        "line": "南武線",
        "passengers": 38322
      }
    },
    {
      "type": "Feature",
      "geometry": {
        "type": "Point",
        "coordinates": [
          139.64144,
          35.58094
        ]
      },
      "properties": {
        "name": "武蔵中原",
        "company": "東日本旅客鉄道",
        "line": "南武線",
        "passengers": 70120
      }
    },
    {
      "type": "Feature",
      "geometry": {
        "type": "Point",
        "coordinates": [
          139.4322,
          35.68499
        ]
      },
      "properties": {
        "name": "矢川",
        "company": "東日本旅客鉄道",
        "line": "南武線",
        "passengers": 16694
      }
    },
    {
      "type": "Feature",
      "geometry": {
        "type": "Point",
        "coordinates": [
          139.41356,
          35.69751
        ]
      },
      "properties": {
        "name": "立川",
        "company": "東日本旅客鉄道",
        "line": "南武線",
        "passengers": 0
      }
    },
    {
      "type": "Feature",
      "geometry": {
        "type": "Point",
        "coordinates": [
          139.53675,
          35.63322
        ]
      },
      "properties": {
        "name": "稲田堤",
        "company": "東日本旅客鉄道",
        "line": "南武線",
        "passengers": 52840
      }
    },
    {
      "type": "Feature",
      "geometry": {
        "type": "Point",
        "coordinates": [
          139.52103,
          35.6414
        ]
      },
      "properties": {
        "name": "矢野口",
        "company": "東日本旅客鉄道",
        "line": "南武線",
        "passengers": 20570
      }
    },
    {
      "type": "Feature",
      "geometry": {
        "type": "Point",
        "coordinates": [
          139.5517,
          35.62989
        ]
      },
      "properties": {
        "name": "中野島",
        "company": "東日本旅客鉄道",
        "line": "南武線",
        "passengers": 29994
      }
    },
    {
      "type": "Feature",
      "geometry": {
        "type": "Point",
        "coordinates": [
          139.42405,
          35.69331
        ]
      },
      "properties": {
        "name": "西国立",
        "company": "東日本旅客鉄道",
        "line": "南武線",
        "passengers": 20370
      }
    },
    {
      "type": "Feature",
      "geometry": {
        "type": "Point",
        "coordinates": [
          139.57105,
          35.62035
        ]
      },
      "properties": {
        "name": "登戸",
        "company": "東日本旅客鉄道",
        "line": "南武線",
        "passengers": 165430
      }
    },
    {
      "type": "Feature",
      "geometry": {
        "type": "Point",
        "coordinates": [
          139.46948,
          35.66851
        ]
      },
      "properties": {
        "name": "分倍河原",
        "company": "東日本旅客鉄道",
        "line": "南武線",
        "passengers": 82570
      }
    },
    {
      "type": "Feature",
      "geometry": {
        "type": "Point",
        "coordinates": [
          139.47698,
          35.66638
        ]
      },
      "properties": {
        "name": "府中本町",
        "company": "東日本旅客鉄道",
        "line": "南武線",
        "passengers": 34978
      }
    },
    {
      "type": "Feature",
      "geometry": {
        "type": "Point",
        "coordinates": [
          139.50338,
          35.64394
        ]
      },
      "properties": {
        "name": "稲城長沼",
        "company": "東日本旅客鉄道",
        "line": "南武線",
        "passengers": 16180
      }
    },
    {
      "type": "Feature",
      "geometry": {
        "type": "Point",
        "coordinates": [
          139.44752,
          35.68111
        ]
      },
      "properties": {
        "name": "谷保",
        "company": "東日本旅客鉄道",
        "line": "南武線",
        "passengers": 20884
      }
    },
    {
      "type": "Feature",
      "geometry": {
        "type": "Point",
        "coordinates": [
          139.4891,
          35.64918
        ]
      },
      "properties": {
        "name": "南多摩",
        "company": "東日本旅客鉄道",
        "line": "南武線",
        "passengers": 13568
      }
    },
    {
      "type": "Feature",
      "geometry": {
        "type": "Point",
        "coordinates": [
          139.34438,
          35.72053
        ]
      },
      "properties": {
        "name": "拝島",
        "company": "東日本旅客鉄道",
        "line": "八高線",
        "passengers": 0
      }
    },
    {
      "type": "Feature",
      "geometry": {
        "type": "Point",
        "coordinates": [
          139.36883,
          35.68546
        ]
      },
      "properties": {
        "name": "小宮",
        "company": "東日本旅客鉄道",
        "line": "八高線",
        "passengers": 6100
      }
    },
    {
      "type": "Feature",
      "geometry": {
        "type": "Point",
        "coordinates": [
          139.36361,
          35.66959
        ]
      },
      "properties": {
        "name": "北八王子",
        "company": "東日本旅客鉄道",
        "line": "八高線",
        "passengers": 19322
      }
    },
    {
      "type": "Feature",
      "geometry": {
        "type": "Point",
        "coordinates": [
          139.33584,
          35.74537
        ]
      },
      "properties": {
        "name": "東福生",
        "company": "東日本旅客鉄道",
        "line": "八高線",
        "passengers": 0
      }
    },
    {
      "type": "Feature",
      "geometry": {
        "type": "Point",
        "coordinates": [
          139.47201,
          35.68023
        ]
      },
      "properties": {
        "name": "北府中",
        "company": "東日本旅客鉄道",
        "line": "武蔵野線",
        "passengers": 30552
      }
    },
    {
      "type": "Feature",
      "geometry": {
        "type": "Point",
        "coordinates": [
          139.47722,
          35.6653
        ]
      },
      "properties": {
        "name": "府中本町",
        "company": "東日本旅客鉄道",
        "line": "武蔵野線",
        "passengers": 0
      }
    },
    {
      "type": "Feature",
      "geometry": {
        "type": "Point",
        "coordinates": [
          139.47071,
          35.73145
        ]
      },
      "properties": {
        "name": "新小平",
        "company": "東日本旅客鉄道",
        "line": "武蔵野線",
        "passengers": 22978
      }
    },
    {
      "type": "Feature",
      "geometry": {
        "type": "Point",
        "coordinates": [
          139.46592,
          35.70063
        ]
      },
      "properties": {
        "name": "西国分寺",
        "company": "東日本旅客鉄道",
        "line": "武蔵野線",
        "passengers": 0
      }
    },
    {
      "type": "Feature",
      "geometry": {
        "type": "Point",
        "coordinates": [
          139.81761,
          35.74308
        ]
      },
      "properties": {
        "name": "堀切",
        "company": "東武鉄道",
        "line": "伊勢崎線",
        "passengers": 4498
      }
    },
    {
      "type": "Feature",
      "geometry": {
        "type": "Point",
        "coordinates": [
          139.82002,
          35.73337
        ]
      },
      "properties": {
        "name": "鐘ヶ淵",
        "company": "東武鉄道",
        "line": "伊勢崎線",
        "passengers": 12839
      }
    },
    {
      "type": "Feature",
      "geometry": {
        "type": "Point",
        "coordinates": [
          139.79793,
          35.71157
        ]
      },
      "properties": {
        "name": "浅草",
        "company": "東武鉄道",
        "line": "伊勢崎線",
        "passengers": 0
      }
    },
    {
      "type": "Feature",
      "geometry": {
        "type": "Point",
        "coordinates": [
          139.81658,
          35.71726
        ]
      },
      "properties": {
        "name": "曳舟",
        "company": "東武鉄道",
        "line": "伊勢崎線・亀戸線",
        "passengers": 29498
      }
    },
    {
      "type": "Feature",
      "geometry": {
        "type": "Point",
        "coordinates": [
          139.81926,
          35.72388
        ]
      },
      "properties": {
        "name": "東向島",
        "company": "東武鉄道",
        "line": "伊勢崎線",
        "passengers": 20442
      }
    },
    {
      "type": "Feature",
      "geometry": {
        "type": "Point",
        "coordinates": [
          139.80863,
          35.71027
        ]
      },
      "properties": {
        "name": "とうきょうスカイツリー",
        "company": "東武鉄道",
        "line": "伊勢崎線",
        "passengers": 0
      }
    },
    {
      "type": "Feature",
      "geometry": {
        "type": "Point",
        "coordinates": [
          139.79797,
          35.71139
        ]
      },
      "properties": {
        "name": "浅草",
        "company": "東武鉄道",
        "line": "伊勢崎線",
        "passengers": 45422
      }
    },
    {
      "type": "Feature",
      "geometry": {
        "type": "Point",
        "coordinates": [
          139.80518,
          35.74855
        ]
      },
      "properties": {
        "name": "北千住",
        "company": "東武鉄道",
        "line": "伊勢崎線",
        "passengers": 455250
      }
    },
    {
      "type": "Feature",
      "geometry": {
        "type": "Point",
        "coordinates": [
          139.81217,
          35.74461
        ]
      },
      "properties": {
        "name": "牛田",
        "company": "東武鉄道",
        "line": "伊勢崎線",
        "passengers": 22996
      }
    },
    {
      "type": "Feature",
      "geometry": {
        "type": "Point",
        "coordinates": [
          139.83177,
          35.70706
        ]
      },
      "properties": {
        "name": "東あずま",
        "company": "東武鉄道",
        "line": "亀戸線",
        "passengers": 8061
      }
    },
    {
      "type": "Feature",
      "geometry": {
        "type": "Point",
        "coordinates": [
          139.82795,
          35.7102
        ]
      },
      "properties": {
        "name": "小村井",
        "company": "東武鉄道",
        "line": "亀戸線",
        "passengers": 11693
      }
    },
    {
      "type": "Feature",
      "geometry": {
        "type": "Point",
        "coordinates": [
          139.82672,
          35.69773
        ]
      },
      "properties": {
        "name": "亀戸",
        "company": "東武鉄道",
        "line": "亀戸線",
        "passengers": 27001
      }
    },
    {
      "type": "Feature",
      "geometry": {
        "type": "Point",
        "coordinates": [
          139.83325,
          35.6996
        ]
      },
      "properties": {
        "name": "亀戸水神",
        "company": "東武鉄道",
        "line": "亀戸線",
        "passengers": 4352
      }
    },
    {
      "type": "Feature",
      "geometry": {
        "type": "Point",
        "coordinates": [
          139.71128,
          35.73137
        ]
      },
      "properties": {
        "name": "池袋",
        "company": "東武鉄道",
        "line": "東上本線",
        "passengers": 476276
      }
    },
    {
      "type": "Feature",
      "geometry": {
        "type": "Point",
        "coordinates": [
          139.70225,
          35.7487
        ]
      },
      "properties": {
        "name": "大山",
        "company": "東武鉄道",
        "line": "東上本線",
        "passengers": 52049
      }
    },
    {
      "type": "Feature",
      "geometry": {
        "type": "Point",
        "coordinates": [
          139.71676,
          35.74104
        ]
      },
      "properties": {
        "name": "北池袋",
        "company": "東武鉄道",
        "line": "東上本線",
        "passengers": 10036
      }
    },
    {
      "type": "Feature",
      "geometry": {
        "type": "Point",
        "coordinates": [
          139.71495,
          35.74551
        ]
      },
      "properties": {
        "name": "下板橋",
        "company": "東武鉄道",
        "line": "東上本線",
        "passengers": 16554
      }
    },
    {
      "type": "Feature",
      "geometry": {
        "type": "Point",
        "coordinates": [
          139.04365,
          35.24925
        ]
      },
      "properties": {
        "name": "公園上",
        "company": "箱根登山鉄道",
        "line": "鋼索線",
        "passengers": 133
      }
    },
    {
      "type": "Feature",
      "geometry": {
        "type": "Point",
        "coordinates": [
          139.04826,
          35.25087
        ]
      },
      "properties": {
        "name": "強羅",
        "company": "箱根登山鉄道",
        "line": "鋼索線・鉄道線",
        "passengers": 6915
      }
    },
    {
      "type": "Feature",
      "geometry": {
        "type": "Point",
        "coordinates": [
          139.04639,
          35.25019
        ]
      },
      "properties": {
        "name": "公園下",
        "company": "箱根登山鉄道",
        "line": "鋼索線",
        "passengers": 185
      }
    },
    {
      "type": "Feature",
      "geometry": {
        "type": "Point",
        "coordinates": [
          139.04067,
          35.24821
        ]
      },
      "properties": {
        "name": "中強羅",
        "company": "箱根登山鉄道",
        "line": "鋼索線",
        "passengers": 144
      }
    },
    {
      "type": "Feature",
      "geometry": {
        "type": "Point",
        "coordinates": [
          139.03622,
          35.24661
        ]
      },
      "properties": {
        "name": "早雲山",
        "company": "箱根登山鉄道",
        "line": "鋼索線",
        "passengers": 2663
      }
    },
    {
      "type": "Feature",
      "geometry": {
        "type": "Point",
        "coordinates": [
          139.0381,
          35.24727
        ]
      },
      "properties": {
        "name": "上強羅",
        "company": "箱根登山鉄道",
        "line": "鋼索線",
        "passengers": 119
      }
    },
    {
      "type": "Feature",
      "geometry": {
        "type": "Point",
        "coordinates": [
          139.06274,
          35.24223
        ]
      },
      "properties": {
        "name": "宮ノ下",
        "company": "箱根登山鉄道",
        "line": "鉄道線",
        "passengers": 379
      }
    },
    {
      "type": "Feature",
      "geometry": {
        "type": "Point",
        "coordinates": [
          139.10429,
          35.23374
        ]
      },
      "properties": {
        "name": "箱根湯本",
        "company": "箱根登山鉄道",
        "line": "鉄道線",
        "passengers": 10609
      }
    },
    {
      "type": "Feature",
      "geometry": {
        "type": "Point",
        "coordinates": [
          139.07421,
          35.23889
        ]
      },
      "properties": {
        "name": "大平台",
        "company": "箱根登山鉄道",
        "line": "鉄道線",
        "passengers": 219
      }
    },
    {
      "type": "Feature",
      "geometry": {
        "type": "Point",
        "coordinates": [
          139.05039,
          35.24679
        ]
      },
      "properties": {
        "name": "彫刻の森",
        "company": "箱根登山鉄道",
        "line": "鉄道線",
        "passengers": 636
      }
    },
    {
      "type": "Feature",
      "geometry": {
        "type": "Point",
        "coordinates": [
          139.0943,
          35.2344
        ]
      },
      "properties": {
        "name": "塔ノ沢",
        "company": "箱根登山鉄道",
        "line": "鉄道線",
        "passengers": 111
      }
    },
    {
      "type": "Feature",
      "geometry": {
        "type": "Point",
        "coordinates": [
          139.1214,
          35.24097
        ]
      },
      "properties": {
        "name": "入生田",
        "company": "箱根登山鉄道",
        "line": "鉄道線",
        "passengers": 990
      }
    },
    {
      "type": "Feature",
      "geometry": {
        "type": "Point",
        "coordinates": [
          139.15595,
          35.25707
        ]
      },
      "properties": {
        "name": "小田原",
        "company": "箱根登山鉄道",
        "line": "鉄道線",
        "passengers": 65927
      }
    },
    {
      "type": "Feature",
      "geometry": {
        "type": "Point",
        "coordinates": [
          139.05281,
          35.24049
        ]
      },
      "properties": {
        "name": "小涌谷",
        "company": "箱根登山鉄道",
        "line": "鉄道線",
        "passengers": 382
      }
    },
    {
      "type": "Feature",
      "geometry": {
        "type": "Point",
        "coordinates": [
          139.14479,
          35.24525
        ]
      },
      "properties": {
        "name": "箱根板橋",
        "company": "箱根登山鉄道",
        "line": "鉄道線",
        "passengers": 2314
      }
    },
    {
      "type": "Feature",
      "geometry": {
        "type": "Point",
        "coordinates": [
          139.12876,
          35.24617
        ]
      },
      "properties": {
        "name": "風祭",
        "company": "箱根登山鉄道",
        "line": "鉄道線",
        "passengers": 1744
      }
    },
    {
      "type": "Feature",
      "geometry": {
        "type": "Point",
        "coordinates": [
          138.9048,
          35.55109
        ]
      },
      "properties": {
        "name": "谷村町",
        "company": "富士急行",
        "line": "大月線",
        "passengers": 550
      }
    },
    {
      "type": "Feature",
      "geometry": {
        "type": "Point",
        "coordinates": [
          138.93801,
          35.60961
        ]
      },
      "properties": {
        "name": "上大月",
        "company": "富士急行",
        "line": "大月線",
        "passengers": 120
      }
    },
    {
      "type": "Feature",
      "geometry": {
        "type": "Point",
        "coordinates": [
          138.9295,
          35.57543
        ]
      },
      "properties": {
        "name": "禾生",
        "company": "富士急行",
        "line": "大月線",
        "passengers": 558
      }
    },
    {
      "type": "Feature",
      "geometry": {
        "type": "Point",
        "coordinates": [
          138.93117,
          35.59382
        ]
      },
      "properties": {
        "name": "田野倉",
        "company": "富士急行",
        "line": "大月線",
        "passengers": 592
      }
    },
    {
      "type": "Feature",
      "geometry": {
        "type": "Point",
        "coordinates": [
          138.91637,
          35.56629
        ]
      },
      "properties": {
        "name": "赤坂",
        "company": "富士急行",
        "line": "大月線",
        "passengers": 642
      }
    },
    {
      "type": "Feature",
      "geometry": {
        "type": "Point",
        "coordinates": [
          138.90739,
          35.55768
        ]
      },
      "properties": {
        "name": "都留市",
        "company": "富士急行",
        "line": "大月線",
        "passengers": 482
      }
    },
    {
      "type": "Feature",
      "geometry": {
        "type": "Point",
        "coordinates": [
          138.94225,
          35.61287
        ]
      },
      "properties": {
        "name": "大月",
        "company": "富士急行",
        "line": "大月線",
        "passengers": 3120
      }
    },
    {
      "type": "Feature",
      "geometry": {
        "type": "Point",
        "coordinates": [
          139.81415,
          35.70668
        ]
      },
      "properties": {
        "name": "押上（スカイツリー前）",
        "company": "東武鉄道",
        "line": "伊勢崎線",
        "passengers": 126770
      }
    },
    {
      "type": "Feature",
      "geometry": {
        "type": "Point",
        "coordinates": [
          139.72671,
          35.63814
        ]
      },
      "properties": {
        "name": "白金台",
        "company": "東京地下鉄",
        "line": "7号線南北線",
        "passengers": 17677
      }
    },
    {
      "type": "Feature",
      "geometry": {
        "type": "Point",
        "coordinates": [
          139.71542,
          35.6332
        ]
      },
      "properties": {
        "name": "目黒",
        "company": "東京地下鉄",
        "line": "7号線南北線",
        "passengers": 0
      }
    },
    {
      "type": "Feature",
      "geometry": {
        "type": "Point",
        "coordinates": [
          139.702303,
          35.659955
        ]
      },
      "properties": {
        "name": "渋谷",
        "company": "東京地下鉄",
        "line": "13号線副都心線",
        "passengers": 0
      }
    },
    {
      "type": "Feature",
      "geometry": {
        "type": "Point",
        "coordinates": [
          139.70588,
          35.66907
        ]
      },
      "properties": {
        "name": "明治神宮前",
        "company": "東京地下鉄",
        "line": "13号線副都心線",
        "passengers": 0
      }
    },
    {
      "type": "Feature",
      "geometry": {
        "type": "Point",
        "coordinates": [
          139.70673,
          35.6939
        ]
      },
      "properties": {
        "name": "新宿三丁目",
        "company": "東京地下鉄",
        "line": "13号線副都心線",
        "passengers": 0
      }
    },
    {
      "type": "Feature",
      "geometry": {
        "type": "Point",
        "coordinates": [
          139.70823,
          35.70187
        ]
      },
      "properties": {
        "name": "東新宿",
        "company": "東京地下鉄",
        "line": "13号線副都心線",
        "passengers": 43747
      }
    },
    {
      "type": "Feature",
      "geometry": {
        "type": "Point",
        "coordinates": [
          139.70473,
          35.67947
        ]
      },
      "properties": {
        "name": "北参道",
        "company": "東京地下鉄",
        "line": "13号線副都心線",
        "passengers": 24879
      }
    },
    {
      "type": "Feature",
      "geometry": {
        "type": "Point",
        "coordinates": [
          139.70933,
          35.70892
        ]
      },
      "properties": {
        "name": "西早稲田",
        "company": "東京地下鉄",
        "line": "13号線副都心線",
        "passengers": 39863
      }
    },
    {
      "type": "Feature",
      "geometry": {
        "type": "Point",
        "coordinates": [
          139.71558,
          35.72139
        ]
      },
      "properties": {
        "name": "雑司が谷",
        "company": "東京地下鉄",
        "line": "13号線副都心線",
        "passengers": 19339
      }
    },
    {
      "type": "Feature",
      "geometry": {
        "type": "Point",
        "coordinates": [
          139.64646,
          35.55342
        ]
      },
      "properties": {
        "name": "日吉",
        "company": "横浜市",
        "line": "4号線",
        "passengers": 84908
      }
    },
    {
      "type": "Feature",
      "geometry": {
        "type": "Point",
        "coordinates": [
          139.632789,
          35.549617
        ]
      },
      "properties": {
        "name": "日吉本町",
        "company": "横浜市",
        "line": "4号線",
        "passengers": 16738
      }
    },
    {
      "type": "Feature",
      "geometry": {
        "type": "Point",
        "coordinates": [
          139.61977,
          35.54985
        ]
      },
      "properties": {
        "name": "高田",
        "company": "横浜市",
        "line": "4号線",
        "passengers": 16305
      }
    },
    {
      "type": "Feature",
      "geometry": {
        "type": "Point",
        "coordinates": [
          139.60565,
          35.55425
        ]
      },
      "properties": {
        "name": "東山田",
        "company": "横浜市",
        "line": "4号線",
        "passengers": 10485
      }
    },
    {
      "type": "Feature",
      "geometry": {
        "type": "Point",
        "coordinates": [
          139.59218,
          35.56119
        ]
      },
      "properties": {
        "name": "北山田",
        "company": "横浜市",
        "line": "4号線",
        "passengers": 28444
      }
    },
    {
      "type": "Feature",
      "geometry": {
        "type": "Point",
        "coordinates": [
          139.57794,
          35.55219
        ]
      },
      "properties": {
        "name": "センター北",
        "company": "横浜市",
        "line": "4号線",
        "passengers": 0
      }
    },
    {
      "type": "Feature",
      "geometry": {
        "type": "Point",
        "coordinates": [
          139.57417,
          35.54452
        ]
      },
      "properties": {
        "name": "センター南",
        "company": "横浜市",
        "line": "4号線",
        "passengers": 0
      }
    },
    {
      "type": "Feature",
      "geometry": {
        "type": "Point",
        "coordinates": [
          139.54869,
          35.52817
        ]
      },
      "properties": {
        "name": "川和町",
        "company": "横浜市",
        "line": "4号線",
        "passengers": 8480
      }
    },
    {
      "type": "Feature",
      "geometry": {
        "type": "Point",
        "coordinates": [
          139.54001,
          35.51435
        ]
      },
      "properties": {
        "name": "中山",
        "company": "横浜市",
        "line": "4号線",
        "passengers": 30589
      }
    },
    {
      "type": "Feature",
      "geometry": {
        "type": "Point",
        "coordinates": [
          139.76809,
          35.73327
        ]
      },
      "properties": {
        "name": "西日暮里",
        "company": "東京都",
        "line": "日暮里・舎人線",
        "passengers": 30858
      }
    },
    {
      "type": "Feature",
      "geometry": {
        "type": "Point",
        "coordinates": [
          139.7691,
          35.74275
        ]
      },
      "properties": {
        "name": "赤土小学校前",
        "company": "東京都",
        "line": "日暮里・舎人線",
        "passengers": 5216
      }
    },
    {
      "type": "Feature",
      "geometry": {
        "type": "Point",
        "coordinates": [
          139.76988,
          35.74785
        ]
      },
      "properties": {
        "name": "熊野前",
        "company": "東京都",
        "line": "日暮里・舎人線",
        "passengers": 9677
      }
    },
    {
      "type": "Feature",
      "geometry": {
        "type": "Point",
        "coordinates": [
          139.77086,
          35.72854
        ]
      },
      "properties": {
        "name": "日暮里",
        "company": "東京都",
        "line": "日暮里・舎人線",
        "passengers": 54253
      }
    },
    {
      "type": "Feature",
      "geometry": {
        "type": "Point",
        "coordinates": [
          139.45762,
          35.67078
        ]
      },
      "properties": {
        "name": "西府",
        "company": "東日本旅客鉄道",
        "line": "南武線",
        "passengers": 20718
      }
    },
    {
      "type": "Feature",
      "geometry": {
        "type": "Point",
        "coordinates": [
          139.560705,
          35.536346
        ]
      },
      "properties": {
        "name": "都筑ふれあいの丘",
        "company": "横浜市",
        "line": "4号線",
        "passengers": 22282
      }
    },
    {
      "type": "Feature",
      "geometry": {
        "type": "Point",
        "coordinates": [
          139.663407,
          35.57602
        ]
      },
      "properties": {
        "name": "武蔵小杉",
        "company": "東日本旅客鉄道",
        "line": "東海道線",
        "passengers": 0
      }
    },
    {
      "type": "Feature",
      "geometry": {
        "type": "Point",
        "coordinates": [
          139.76606,
          35.545124
        ]
      },
      "properties": {
        "name": "羽田空港第3ターミナル",
        "company": "京浜急行電鉄",
        "line": "空港線",
        "passengers": 29698
      }
    },
    {
      "type": "Feature",
      "geometry": {
        "type": "Point",
        "coordinates": [
          139.768914,
          35.543408
        ]
      },
      "properties": {
        "name": "羽田空港第3ターミナル",
        "company": "東京モノレール",
        "line": "東京モノレール羽田線",
        "passengers": 10074
      }
    },
    {
      "type": "Feature",
      "geometry": {
        "type": "Point",
        "coordinates": [
          139.63393,
          35.47869
        ]
      },
      "properties": {
        "name": "東神奈川",
        "company": "東日本旅客鉄道",
        "line": "東海道線",
        "passengers": 0
      }
    },
    {
      "type": "Feature",
      "geometry": {
        "type": "Point",
        "coordinates": [
          139.70441782,
          35.51486348
        ]
      },
      "properties": {
        "name": "小田栄",
        "company": "東日本旅客鉄道",
        "line": "南武線",
        "passengers": 0
      }
    },
    {
      "type": "Feature",
      "geometry": {
        "type": "Point",
        "coordinates": [
          139.74023697107998,
          35.63442990556433
        ]
      },
      "properties": {
        "name": "高輪ゲートウェイ",
        "company": "東日本旅客鉄道",
        "line": "東海道線",
        "passengers": 0
      }
    },
    {
      "type": "Feature",
      "geometry": {
        "type": "Point",
        "coordinates": [
          139.58522389782604,
          35.48055395434784
        ]
      },
      "properties": {
        "name": "羽沢横浜国大",
        "company": "相模鉄道",
        "line": "相鉄新横浜線",
        "passengers": 25422
      }
    },
    {
      "type": "Feature",
      "geometry": {
        "type": "Point",
        "coordinates": [
          139.58522389782604,
          35.48055395434784
        ]
      },
      "properties": {
        "name": "羽沢横浜国大",
        "company": "東日本旅客鉄道",
        "line": "東海道線",
        "passengers": 0
      }
    }
  ]
}